unified_est_id,est_name,address,source
10808572.0,000 MEZZ PRODUCTION KITCHEN (PK),1 Blue Jays Way None M5V 1J4,auto_classified
10840337.0,000F BLUEPRINT CLUB KITCHEN,1 Blue Jays Way None M5V 1J4,auto_classified
10808575.0,000L BANNER CLUB KITCHEN,1 BLUE JAYS WAY None M5V 1J4,auto_classified
10817089.0,000L CLOVER BANNER CLUB KITCHEN,1 Blue Jays Way None M5V 1J4,auto_classified
10776015.0,1 HOTEL TORONTO - 1 KITCHEN,550 Wellington St W None M5V 2V4,auto_classified
10776014.0,1 HOTEL TORONTO - STAFF CAFETERIA 'The Nest',550 Wellington St W None M5V 2V4,auto_classified
10808982.0,1001 XINJIANG CUISINE,1883 Mcnicoll Ave Unit-1-6 M1V 5M3,auto_classified
10808569.0,106 THE CATCH BAR,1 Blue Jays Way None M5V 1J4,auto_classified
10814145.0,106 THE CATCH CONCESSION (CONC),1 Blue Jays Way None M5V 1J4,auto_classified
10814172.0,107 MILL STREET BREWERY,1 Blue Jays Way None M5V 1J4,auto_classified
10808571.0,109 PRODUCTION KITCHEN,1 Blue Jays Way None M5V 1J4,auto_classified
10814106.0,116 PIZZA NOVA,1 Blue Jays Way None M5V 1J4,auto_classified
10814176.0,122 STRIKE OUT GRILL,1 Blue Jays Way None M5V 1J4,auto_classified
10812827.0,13 SUNS ETHIOPIAN VEGAN CUISINE INC,74 Hymus Rd Unit-4 M1L 2C9,auto_classified
10814103.0,130 SMIRNOFF BAR,1 Blue Jays Way None M5V 1J4,auto_classified
10814104.0,140 VENDING KITCHEN,1 Blue Jays Way None M5V 1J4,auto_classified
10841443.0,18 FEET ESPRESSO BAR,144 College St None M5S 3M2,auto_classified
10814179.0,211 BAY ST DELI,1 Blue Jays Way None M5V 1J4,auto_classified
10788511.0,241 PIZZA,8 Greystone Walk Dr Unit-C1E M1K 5J2,auto_classified
10844630.0,241 PIZZA,3815 Lake Shore Blvd W None M8W 1R2,auto_classified
10817086.0,300 K1 KITCHEN,1 Blue Jays Way None M5V 1J4,auto_classified
10817077.0,300 K2 KITCHEN,1 Blue Jays Way None M5V 1J4,auto_classified
10791910.0,34 CAFE,2737 Keele St Unit-26 M3M 2E9,auto_classified
10830804.0,3477 BAR AND LOUNGE,"3477 KENNEDY RD, Flr-2 None M1V 3Z7",auto_classified
10798930.0,367 CAFE,367 DONLANDS AVE None M4J 3S2,auto_classified
10837284.0,389 COZY RESTAURANT,390 SILVER STAR BLVD None M1V 0G5,auto_classified
10785924.0,3A NOODLE,3875 Don Mills Rd None None,auto_classified
10863980.0,3RD MOM HOT POT,261 Spadina Ave None M5T 2E3,auto_classified
10855851.0,3RD MOM SPICY HOT POT,39 Spring Garden Ave None M2N 3G1,auto_classified
10796228.0,40 FIRVALLEY CRT COMMUNITY KITCHEN,40 Firvalley Crt None M1L 1P1,auto_classified
10817082.0,400 K3 KITCHEN,1 Blue Jays Way None M5V 1J4,auto_classified
10817081.0,400 K4 KITCHEN,1 Blue Jays Way None M5V 1J4,auto_classified
10777262.0,416 SNACK BAR SHORT TURN,576 Queen St W None M5V 2B5,auto_classified
10809881.0,450/ ROOMS COFFEE,450 DUFFERIN ST None M6K 2A5,auto_classified
10822327.0,4EVER SUSHI,225 Queen St W None M5V 1Z4,auto_classified
10814183.0,508 PIZZA NOVA,1 Blue Jays Way None M5V 1J4,auto_classified
10862255.0,520 CAFE BAR,520 Richmond St W None M5V 1Y4,auto_classified
10814151.0,524 CANADIAN CLUB BAR,1 Blue Jays Way None M5V 1J4,auto_classified
10829881.0,555 BOAT NOODLES,496 Yonge St Bldg-B M4Y 1X9,auto_classified
10860715.0,555 BOAT NOODLES,5308 Yonge St None M2N 5P9,auto_classified
10862622.0,579 TAIWAN BEEF NOODLE HOUSE,5455 Yonge St None M2N 5S1,auto_classified
10802978.0,6IX PIZZAS,2070 Queen St E None M4E 1C9,auto_classified
10784045.0,6IX WINGS,2950 Birchmount Rd Unit-6A M1W 3G5,auto_classified
10819131.0,6IXTY WINGS,900 Albion Rd Unit-B20 M9V 1A5,auto_classified
10819895.0,6THIRTY COFFEE AND CO.,630 DANFORTH AVE None M4K 1R3,auto_classified
10858417.0,7 NOODLES,4664 Yonge St Unit-13 M2N 5M1,auto_classified
10813969.0,9 MILE JAMAICAN AND INTERNATIONAL CUISINE,1334 Bloor St W None M6H 1P2,auto_classified
10840099.0,90C BAKERY CAFE,1883 Mcnicoll Ave Unit-14 M1V 5M3,auto_classified
10863177.0,90S LOUNGE HOT AND DESSERT BAR,3260 Lawrence Ave E None M1H 1A4,auto_classified
10780835.0,915 DUPONT CAFE,915 Dupont St None M6H 1Z1,auto_classified
10787998.0,999 SUSHI,31 Tapscott Rd Unit-99 M1B 4Y7,auto_classified
10845628.0,9SIPS TEA SHOPPE,28 Edward St Bldg-1 M5G 1C9,auto_classified
10856759.0,AFC ZENSHI SUSHI,3300 Bloor St W None M8X 2X3,auto_classified
10829321.0,A & W RESTAURANT,3155 Markham Rd Unit-D1 M1X 0B5,auto_classified
10785570.0,A BBQ HOUSE,664 Yonge St None M4Y 2A6,auto_classified
10774701.0,A CORNER CAFE AND RESTAURANT,5193 Yonge St None M2N 5P7,auto_classified
10804594.0,A COTE SORREL WINE BAR,1156 YONGE ST None M4W 2L9,auto_classified
10827312.0,A PIZZA,252 Queen St W None M5V 1Z8,auto_classified
10785012.0,A&W,2131 Lawrence Ave E Unit-1110 M1R 5G4,auto_classified
10837642.0,A-D CAFE,1147 DAVENPORT RD None M6H 2G4,auto_classified
10855886.0,ABOL ESPRESSO  BAR,1432 DANFORTH AVE None M4J 1N4,auto_classified
10815969.0,ABURI SUSHI TORONTO,505 Richmond St W Unit-K10-11 M5V 1Y3,auto_classified
10801642.0,ACE GOLF BAR & LOUNGE,588 Eastern Ave Unit-C M4M 1E1,auto_classified
10778690.0,ACUTE PIZZERIA,1745 Dundas St W None M6K 1V4,auto_classified
10853157.0,ADANA KEBAB,1960 Lawrence Ave E Unit-11 M1R 2Z1,auto_classified
10837930.0,ADOBO FRESH BURRITO MEXICAN GRILL,16 Richardson St Unit-3 M5A 4J9,auto_classified
10816689.0,AESET COFFEE,24 Bellair St Unit-6 M5R 2C7,auto_classified
10829666.0,AFGHAN BBQ & PIZZA,4379 Kingston Rd Unit-4 M1E 2M9,auto_classified
10841151.0,AFGHAN GRILL EXPRESS,4800 Sheppard Ave E Unit-123 M1S 4N5,auto_classified
10799488.0,AFIYET SHAWARMA,1054 Finch Ave W None M3J 2E2,auto_classified
10793090.0,AFRO'S PIZZA,107 Mutual St None M5B 2B2,auto_classified
10850347.0,AFURI RAMEN + DUMPLING,411 CHURCH ST None M4Y 2C2,auto_classified
10823192.0,AG RESTAURANT,2883 Jane St None M3N 2J5,auto_classified
10792637.0,AGECARE TRILOGY KITCHEN,340 Mccowan Rd None M1J 3P4,auto_classified
10844574.0,AGRARIAN KITCHEN,26 Logan Ave Unit-A M4M 2M8,auto_classified
10801772.0,AH-SO SUSHI,100 Queens Quay  E Unit-200 M5E 1Y3,auto_classified
10815177.0,AH-SO SUSHI,29 Bathurst St Unit-1 M5V 0L8,auto_classified
10826856.0,AISLE 3 BAR,2535 Dundas St W None M6P 1X6,auto_classified
10792913.0,AITAIKER TAIWANESE FRIED CHICKEN,5418 Yonge St Unit-21 M2N 6X4,auto_classified
10800320.0,AJISEN RAMEN,2359 Yonge St Flr-LOWER M4P 2C8,auto_classified
10834572.0,AKAMI SUSHI,825 Dundas St W None M6J 1V4,auto_classified
10775812.0,AL' DEEWAN BAKERY & PIZZA,2067 Lawrence Ave E None M1R 2Z4,auto_classified
10844927.0,ALADDIN SHAWARMA HOUSE,2022 Sheppard Ave E None M2J 5B3,auto_classified
10823869.0,ALBA CAFE,392 Browns Line None M8W 3T8,auto_classified
9000420.0,ALBATROS PUB,3057 Lake Shore Blvd W None M8V 1K6,auto_classified
10828993.0,ALBI SUSHI,6464 Yonge St None M2M 3X4,auto_classified
10815350.0,ALEEZA'S PIZZA,1768 Weston Rd None M9N 1V8,auto_classified
10835178.0,ALEPPO KEBAB,2075 Lawrence Ave E Unit-4 M1R 2Z4,auto_classified
10798903.0,ALI BABA'S MIDDLE EASTERN CUISINE,1878 Weston Rd None M9N 1W1,auto_classified
10816594.0,ALI BABA'S MIDDLE EASTERN CUISINE,2246 Bloor St W None M6S 1N6,auto_classified
10864148.0,ALI'S SHAWARMA,1172 Weston Rd None M6M 4P4,auto_classified
10790558.0,ALI'S WEST INDIAN ROTI SHOP - FB - CNE 2025,2 STRACHAN AVE None M6K 3C3,auto_classified
10816764.0,ALICE MARIE BAKERY & COFFEE,807 Gerrard St E None M4M 1Y5,auto_classified
10799189.0,ALICE RESTAURANT & BAR,488 College St None M6G 1A4,auto_classified
10683671.0,ALIJANDRO'S KITCHEN - ECC - CNE 2025,100 PRINCES BLVD None M6K 3C3,auto_classified
10820713.0,ALLADIN CHICKEN SHAWARMA,2900 Warden Ave Unit-224 M1W 2S8,auto_classified
10858402.0,ALLSTAR WINGS AND RIBS,"4664 YONGE ST, Unit-23 None M2N 5M1",auto_classified
10775368.0,ALMINZ BAKESHOP,3799 Bathurst St None M3H 3N1,auto_classified
10778236.0,ALPHA'S SHAWARMA,598 Queen St W None M6J 1E3,auto_classified
10837865.0,ALPHA'S SHAWARMA,565 King St W None M5V 1M1,auto_classified
10851062.0,ALPHA'S SHAWARMA,245 Yonge St None M5B 1N8,auto_classified
10862166.0,ALPINE ESPRESSO BAR,1312 ST CLAIR AVE W None M6E 1C1,auto_classified
10822280.0,AMAZING DONUTS,3499 Bathurst St None M6A 2C5,auto_classified
10774371.0,AMAZING SICHUAN CUISINE,4158 KINGSTON RD None M1E 2M4,auto_classified
10836653.0,AMBER KITCHEN & COFFEE,4 Boulton Ave None M4M 2J3,auto_classified
10852879.0,AMED SHAWARMA,8 Westmore Dr Unit-F1 M9V 3Z7,auto_classified
10863913.0,AMICO EATERY,2013 Yonge St None M4S 1Z8,auto_classified
10796276.0,AMMA'S KITCHEN,18 Four Seasons Pl Unit-100 M9B 6E7,auto_classified
10828610.0,AMMA'S KITCHEN,2286 Kingston Rd None M1N 1T9,auto_classified
10860890.0,AMOR SHAWARMA,514 KING ST E None M5A 1M1,auto_classified
10808718.0,AMPERSAND BAKEHOUSE,1808 DANFORTH AVE None M4C 1H8,auto_classified
10807062.0,ANDREA'S COOKIES,1377 The Queensway Unit-207 M8Z 1T1,auto_classified
10827833.0,ANDREA'S COOKIES,166 Ossington Ave None M6J 2Z7,auto_classified
10846519.0,ANEJO RESTAURANT,26 Market St None M5E 1M6,auto_classified
10805454.0,ANGUS PHO HOUSE,5443 Yonge St None M2N 5S1,auto_classified
10832594.0,ANI BAKERY,25 Howden Rd Unit-2 M1R 3C8,auto_classified
10815480.0,ANIMA ROMANA ITALIAN BAKERY,149 Main St None M4E 2V9,auto_classified
10777098.0,ANNALUXMY CAFE,735 Middlefield Rd Unit-3 M1V 3S2,auto_classified
10824816.0,ANOTHER LAND COFFEE AND MORE,4708 Yonge St None M2N 5M4,auto_classified
10863030.0,AO SUSHI,5359 Yonge St None M2N 5R6,auto_classified
10846035.0,APOTEX CAFE,4100 Weston Rd None M9L 2Y6,auto_classified
10860090.0,APOTEX ETOBICOKE CAFETERIA,"50 STEINWAY BLVD, Flr-3 None M9W 6Y3",auto_classified
10789742.0,ARAGOZ EGYPTIAN KITCHEN,3456 Kingston Rd None M1M 1R5,auto_classified
10803186.0,ARBEQUINA RESTAURANT,325 RONCESVALLES AVE None M6R 2M6,auto_classified
10810024.0,ARIAM CAFE,1242 Danforth Ave None M4J 1M6,auto_classified
10831221.0,ARMONIA PASTA BAR,1316 QUEEN ST W None M6K 1L4,auto_classified
10800216.0,AROMA BAKERY,19 Milliken Blvd Unit-22-C1 M1V 4A2,auto_classified
10773822.0,AROMA ESPRESSO BAR,161 Fort York Blvd None M5V 0P2,auto_classified
10814779.0,AROMA ESPRESSO BAR,120 Lynn Williams St None M6K 3N6,auto_classified
10828272.0,AROMA ESPRESSO BAR,2040 Avenue Rd None M5M 4A6,auto_classified
10790341.0,AROMA INDIAN BISTRO,349 Marlee Ave None M6B 3H9,auto_classified
10852216.0,ARTEMIS CAFE AND EATERY,3180 Lake Shore Blvd W Unit-1 M8V 1L7,auto_classified
10789090.0,ARTO CAFE,1115 O'Connor Dr None M4B 2T5,auto_classified
10854765.0,ARTS & CRAFTS WINE BAR - ACH 02 - CNE 2025,180 PRINCES BLVD None M6K 3C3,auto_classified
10826459.0,ASIAN DRAGON BUFFET,2900 Warden Ave None M1W 2S8,auto_classified
10779121.0,ASMERA BAR AND RESTAURANT,1236 Danforth Ave None M4J 1M6,auto_classified
10775613.0,ASSEMBLY CHEF'S HALL - APHRODITE'S TAVERNA,111 Richmond St W None M5H 2G4,auto_classified
10813678.0,ASSEMBLY CHEF'S HALL - RAMEN TAKAO,111 Richmond St W None M5H 2G4,auto_classified
10787698.0,ASTORIA GREAT HALL RESTAURANT,"1087 QUEEN ST W, Flr-1 None M6J 1H3",auto_classified
10784408.0,ATHLETES KITCHEN,74 Jutland Rd Bldg-31 M8Z 2H1,auto_classified
10846993.0,ATOMIC BURGER,245 Greenwood Ave None M4L 2R4,auto_classified
10828379.0,AUGUSTA COFFEE BAR,229 Augusta Ave None M5T 2L4,auto_classified
10863337.0,AUNG SUSHI,700 Lawrence Ave W None M6A 3B4,auto_classified
10827357.0,AUNT KUI RICE NOODLE,4465 Sheppard Ave E Bldg-43 M1S 5H9,auto_classified
10848110.0,AURA DESSERT CAFE,860 EGLINTON AVE W None M6C 2B6,auto_classified
10831357.0,AVENUE CAFE + BISTRO,155 Dundas St E Unit-3 M5B 1E4,auto_classified
10826914.0,B-TOWN PIZZA,"13 ELM ST, Bldg-1 None M5G 1H1",auto_classified
10808113.0,BABEL HUMMUS BAR,220 Yonge St None M5B 2H1,auto_classified
10828785.0,BAD EGG AND JUICE TO GO,2214 QUEEN ST E None M4E 1E9,auto_classified
10782487.0,BADIALI PIZZERIA,325 Weston Rd Bldg-4B M6N 4Z9,auto_classified
10858125.0,BAGELS ON FIRE CAFE,85 Hanna Ave None M6K 3S3,auto_classified
10774697.0,BAKE CODE,451 Mcnicoll Ave None M2H 2C9,auto_classified
10823074.0,BAKE MY DAY TORONTO,235 Carlaw Ave None M4M 2S1,auto_classified
10863317.0,BAKE WITH POOKIE,36 Howard Park Ave Unit-149C M6R 0A5,auto_classified
10855342.0,BAKED BY BEAN,"1238 QUEEN ST E, Unit-G None M4L 1C3",auto_classified
10784600.0,BAKER DUCK,1571 Sandhurst Crcl Unit-428 M1V 1V2,auto_classified
10805764.0,BAKER'S FIESTA INC,133 Manville Rd Unit-17 M1L 4J7,auto_classified
10851248.0,BAKER'S FIESTA INC,"133 MANVILLE RD, Unit-18 None M1L 4J7",auto_classified
10853340.0,BAKERBOTS BAKING,1242 BLOOR ST W None M6H 1N5,auto_classified
10776269.0,BAKERY GARDEN CAFE,504 St Clair Ave W None None,auto_classified
10855351.0,BAKERY GATEAU,1170 Sheppard Ave W Unit-13 M3K 2A3,auto_classified
10772247.0,BAKERY POMPETTE,655 College St None M6G 1B7,auto_classified
10824294.0,BAKEZY COOKIE,36 BEAVER VALLEY RD None M3H 4S1,auto_classified
10840279.0,BALI COFFEE SHOP,2209 Kingston Rd None M1N 1T7,auto_classified
10804870.0,BALKANSTYLE TURKISH BAKERY,2377 Finch Ave W None M9M 2W8,auto_classified
10825965.0,BANBAN KOREAN FRIED CHICKEN,2549 Warden Ave None M1W 2H5,auto_classified
10822115.0,BANCAN KITCHEN,804 Eglinton Ave E None M4G 2L1,auto_classified
10820962.0,BANDSHELL BAR - BANDSHELL PARK - CNE 2025,100 PRINCES BLVD None M6K 3C3,auto_classified
10843953.0,BANH MI KHONG BAGUETTTE AND BUBBLE TEA,12 Jane St None M6S 3Y2,auto_classified
10861294.0,BANH MI PHO AN,3833 Midland Ave None M1V 5L6,auto_classified
10815180.0,BAR 24,1532 DUNDAS ST W None M6K 1T5,auto_classified
10785929.0,BAR 404,322 King St W None M5V 1J2,auto_classified
10805695.0,BAR ARDO,169 King St E None M5A 1J4,auto_classified
10778186.0,BAR BANANE,227 Ossington Ave Flr-2 M6J 2Z8,auto_classified
10814573.0,BAR BURRITO,860 York Mills Rd Unit-3 M3B 1Y4,auto_classified
10859978.0,BAR EUGENIE,89 Harbord St None M5S 1G4,auto_classified
10821580.0,BAR EX CNE 2025,111 PRINCES BLVD None M6K 3C3,auto_classified
10797768.0,BAR GOA,36 Toronto St Unit-102G M5C 2C5,auto_classified
10843046.0,BAR MINI,1118 Queen St E None M4M 1K8,auto_classified
10808455.0,BAR NIRO,1334 DUNDAS ST W None M6J 1Y2,auto_classified
10793795.0,BAR PRIMA,1136 Queen St W None M6J 1J3,auto_classified
10824293.0,BAR ROMA,229 Ossington Ave None M6J 2Z8,auto_classified
10829988.0,BAR SUGO,1279 Bloor St W None M6H 1N7,auto_classified
10776372.0,BAR WELLINGTON,520 Wellington St W None M5V 1E3,auto_classified
10829209.0,BAR ZUNKO,675 YONGE ST None M4Y 2B2,auto_classified
10852371.0,BASIL PHO HOUSE,5651 Steeles Ave E Unit-27 M1V 5P6,auto_classified
10825513.0,BATHURST 6IXTY WINGS,410 Bathurst St None M5T 2S6,auto_classified
10799165.0,BB.Q CHICKEN,49 East Liberty St Unit-3 M6K 0A7,auto_classified
10799871.0,BB.Q CHICKEN,"4915 STEELES AVE E, Unit-8 None M1V 4Z3",auto_classified
10823333.0,BB.Q CHICKEN,652 Spadina Ave None M5S 2H7,auto_classified
10825503.0,BB.Q CHICKEN,38 Forest Manor Rd Unit-B None,auto_classified
10798784.0,BB.Q CHICKEN & PUB,5906 Yonge St None M2M 3T3,auto_classified
10855995.0,BBC INDIAN FOOD RESTAURANT,23 Westmore Dr Unit-7B M9V 3Y7,auto_classified
10775790.0,BBQ @ BLOOR,914 Bloor St W None M6H 1L1,auto_classified
10842643.0,BBQ FIRE AND SLICE,2859 ST CLAIR AVE E None M4B 1N4,auto_classified
10817785.0,BBQ PITSTOP,"40 CARL HALL RD, Lot-OUTDOORS None M3K 2C1",auto_classified
10830448.0,BD FUSION RESTAURANT,3478 Danforth Ave None M1L 1E1,auto_classified
10797880.0,BEAR STEAK SANDWICHES,550 College St Unit-A M6G 1B1,auto_classified
10849341.0,BEAR STEAK SANDWICHES,486 Front St W None M5V 0V2,auto_classified
10807996.0,BEAUTY'S FRIED CHICKEN,220 Yonge St None M5B 2H1,auto_classified
10785200.0,BELLISSIMO PIZZERIA AND RISTORANTE,164 The Esplanade None M5A 4A5,auto_classified
10826526.0,BELLONA RESTAURANT AND BAR,680 College St None M6G 1C1,auto_classified
10841193.0,BENTO SUSHI,3671 Dundas St W None M6S 2T3,auto_classified
10772452.0,BENTO SUSHI,301 Moore Ave None M4G 1E1,auto_classified
10774513.0,BENTO SUSHI,1050 Don Mills Rd None M3C 1W6,auto_classified
10774514.0,BENTO SUSHI,85 Laird Dr None M4G 3T8,auto_classified
10792773.0,BENTO SUSHI,1265 MILITARY TRL None M1C 1A4,auto_classified
10801980.0,BENTO SUSHI,2549 Weston Rd None M9N 2A7,auto_classified
10808590.0,BENTO SUSHI,825 Don Mills Rd None M3C 1V4,auto_classified
10823983.0,BENTO SUSHI,205 Humber College Blvd None M9W 5L7,auto_classified
10835893.0,BENTO SUSHI,1750 FINCH AVE E None M2J 2X5,auto_classified
10843219.0,BENTO SUSHI,201 Lloyd Manor Rd None M9B 6H6,auto_classified
10844425.0,BENTO SUSHI,111 Peter St None M5V 2H1,auto_classified
10815554.0,BEREKET KEBAB HOUSE,245 Morningside Ave Unit-D2 M1E 3E6,auto_classified
10841581.0,BEREN RESTAURANT & CAFE,"1637 EGLINTON AVE W, Unit-A None M6E 2H1",auto_classified
10806495.0,BEST DIM SUM FOOD CO STOREFRONT,23 Milliken Blvd B10 M1V 5H7,auto_classified
10781593.0,BEST SHAWARMA TO.,1310 ST CLAIR AVE W None M6E 1C1,auto_classified
10811957.0,BETTER DAYS COFFE & DONUTS,963 Dovercourt Rd None M6H 2X6,auto_classified
10808694.0,BEVO ESPRESSO BAR,25 Fontenay Crt None M9A 4W7,auto_classified
10824115.0,BHC CHICKEN,486 Front St W None M5V 0V2,auto_classified
10822771.0,BICKFORD BREWING CO,292 Harbord St Unit-A M6G 1G6,auto_classified
10817420.0,BIFF'S BISTRO,33 Yonge St Unit-101 M5E 1G4,auto_classified
10815351.0,BIG BROTHERS GOURMET PIZZA,1736 Kingston Rd Bldg-1 M1N 1S9,auto_classified
10862184.0,BIG DADDY'S HALAL GRILL,45 Four Winds Dr Unit-C3 M3J 1K7,auto_classified
10809097.0,BIG FAT COOKIES,486 Front St W Unit-WM53 M5V 0V2,auto_classified
10781000.0,BIG GUY LAMB SOUP NOODLE HOUSE,4750 Yonge St Unit-140 M2N 5M6,auto_classified
10787599.0,BIG SLICE KITCHEN,4748 DUNDAS ST W None M9A 1A9,auto_classified
10811350.0,BIG TRIO WONTON NOODLE,2361 Brimley Rd Unit-D2 M1S 3L6,auto_classified
10838568.0,BIG WAY HOT POT,1571 Sandhurst Crcl Unit-105B M1V 1V2,auto_classified
10855128.0,BIG WAY HOT POT,559 Bloor St W None M5S 1Y6,auto_classified
10783346.0,BINGZ  CRISPY BURGER,3401 Dufferin St Unit-FC18 M6A 2T9,auto_classified
10783548.0,BINGZ CRISPY BURGER,1800 Sheppard Ave E Unit-1102 M2J 5A7,auto_classified
10813051.0,BINGZ CRISPY BURGER,220 Yonge St Unit-F0005 M5B 2H1,auto_classified
10853864.0,BINGZ CRISPY BURGER,65 Front St W Unit-CRU430B M5J 1E6,auto_classified
10853306.0,BIRDBITE COFFEE,1420 Dundas St W None M6J 1Y5,auto_classified
10842893.0,BIRDS & BEANS CAFE,160 Marine Parade Dr None M8V 0J3,auto_classified
10819475.0,BIRYANI BAR,4053 SHEPPARD AVE E None M1S 1S8,auto_classified
10828450.0,BIRYANI GUYS (Crave Food Hub - K2),"1275 MORNINGSIDE AVE, Unit-7 None M1B 3W1",auto_classified
10791376.0,BIRYANI NATION,1960 Lawrence Ave E Unit-18B M1R 2Z1,auto_classified
10839823.0,BIRYANI SPOT,7 Progress Ave Unit-3 M1P 5A3,auto_classified
10782398.0,BIRYANI VENUE,16 Mallard Rd None M3B 0A7,auto_classified
10799849.0,BIRYANIS AND MORE,2579 Victoria Park Ave None M1T 1A4,auto_classified
10823072.0,BIRYANIS N SHAKES,"1410 VICTORIA PARK AVE, Unit-4 None M4A 2L8",auto_classified
10780052.0,BITE MY WINGS,1051 Midland Ave None M1K 4G7,auto_classified
9091404.0,BITONDO'S PIZZERIA,11 Clinton St None M6J 2N7,auto_classified
10779845.0,BLACK DOG PUB,87 Island Rd None M1C 2P6,auto_classified
10850787.0,BLAZE BURGER,208 Queens Quay  W Bldg-4 M5J 2Y5,auto_classified
10857670.0,BLESSING IN DISGUISE BISTRO & BAR,150 John St None M5V 3E3,auto_classified
10820360.0,BLONDIES PIZZA,160 Marine Parade Dr Unit-8 M8V 0J3,auto_classified
10826247.0,BLONDIES PIZZA,280 EGLINTON AVE W None M4R 1B2,auto_classified
10829770.0,BLONDIES PIZZA,65 Front St W None M5J 1E6,auto_classified
10780771.0,BLOOM BAR STUDIO,780 ST CLAIR AVE W None M6C 1B6,auto_classified
10778550.0,BLOOM DESSERTS,203 College St Unit-203 M5T 1P9,auto_classified
10831915.0,BLOOMING GARDEN DESSERT HOUSE,2900 Warden Ave Unit-245 M1W 2S8,auto_classified
10798307.0,BLUE COLLAR BAKERY,1230 Bloor St W None M6H 1N3,auto_classified
10856820.0,BLUE ELEPHANT CUISINE,516 Danforth Rd None M1K 1C6,auto_classified
10803113.0,BLUE PHOENIX,2478 KINGSTON RD None M1N 1V3,auto_classified
10854327.0,BLUET BAKERY,245 GERRARD ST E None M5A 2G1,auto_classified
10776281.0,BLUFFERS RESTAURANT BAR & GRILLE,7 Brimley Rd S None M1M 3W3,auto_classified
10814637.0,BMO CONFERENCING KITCHEN,33 Dundas St W Flr-6 None,auto_classified
10859172.0,BOBO TEA AND JUICE,3313 Lake Shore Blvd W None M8W 1M8,auto_classified
10780784.0,BOCADOS BAKE SHOP,923 Queen St W Unit-B M6J 1G5,auto_classified
10808849.0,BOCCONE DELI & PIZZA BAR,1384 Yonge St None M4T 1Y5,auto_classified
10813472.0,BODEGA BURGERS,335 Yonge St Unit-- M5B 1R7,auto_classified
10832708.0,BOM DIA CAFE & BAKERY,389 Danforth Ave None M4K 1P1,auto_classified
10777105.0,BONJOUR BRIOCHE BAKERY CAFE,812 Queen St E None M4M 1H7,auto_classified
10384083.0,BOOSTER JUICE,4700 KEELE ST None M3J 1P3,auto_classified
10778131.0,BOOSTER JUICE,35 Bathurst St None M5V 2P2,auto_classified
10795665.0,BOOSTER JUICE,1 Island Airport None M5V 1A1,auto_classified
10799205.0,BOOSTER JUICE,1390 Neilson Rd Unit-B2 M1B 0C2,auto_classified
10801883.0,BOOSTER JUICE,55 Avenue Rd Unit-F9 M5R 3L2,auto_classified
10802127.0,BOOSTER JUICE,120 Adelaide St W None M5H 1T1,auto_classified
10803907.0,BOOSTER JUICE,4700 KEELE ST None M3J 1P3,auto_classified
10804589.0,BOOSTER JUICE,20 Bay St None M5J 2N8,auto_classified
10806741.0,BOOSTER JUICE,145 Silver Reign Dr None M9W 0G5,auto_classified
10818655.0,BOOSTER JUICE,651 Spadina Ave Unit-120 M5S 2H6,auto_classified
10825812.0,BOOSTER JUICE,808 York Mills Rd Unit-34A M3B 1X8,auto_classified
10826204.0,BOOSTER JUICE,200 Bay St Unit-134 M5J 2H0,auto_classified
10830228.0,BOOSTER JUICE,2296 Bloor St W None M6S 1P2,auto_classified
10832839.0,BOOSTER JUICE,12 Richardson St Unit-7 M5A 4J9,auto_classified
10836178.0,BOOSTER JUICE,4915 Bathurst St None M2R 1X9,auto_classified
10836252.0,BOOSTER JUICE,1381 Danforth Ave None M4J 1N2,auto_classified
10837794.0,BOOSTER JUICE,460 Renforth Dr 13 M9C 2N2,auto_classified
10840939.0,BOOSTER JUICE,1800 Sheppard Ave E Unit-2015C M2J 5A7,auto_classified
10848883.0,BOOSTER JUICE,85 Laird Dr None M4G 3T8,auto_classified
10859625.0,BOOSTER JUICE,3401 Dufferin St Unit-KIOSK 1 M6A 2T9,auto_classified
10861362.0,BOOSTER JUICE,2081 Steeles Ave W Unit-G3 M3J 3N3,auto_classified
10814429.0,BOSSANOVA WINE AND BEER - THE BAR,101 RONCESVALLES AVE None M6R 2K9,auto_classified
10830488.0,BOSTON PIZZA,1602 The Queensway Bldg-F M8Z 1V1,auto_classified
10839048.0,BOSTON PIZZA,25 CINEMART DR None M1B 6H6,auto_classified
10845575.0,BOTTOMS UP KITCHEN,3371 LAKE SHORE BLVD W None M8W 1N1,auto_classified
10803553.0,BOURBON ST GRILL,900 Dufferin St Unit-114 M6H 4A9,auto_classified
10848507.0,BOURBON ST. GRILL,2300 Yonge St None M4P 1E4,auto_classified
10859034.0,BOURBON ST. GRILL,4841 Yonge St Unit-202 M2N 5X2,auto_classified
10775973.0,BOURBON STREET GRILL,500 Rexdale Blvd Unit-L005 M9W 6K5,auto_classified
10830101.0,BOUTIQUE BAR,553 Church St None M4Y 2E2,auto_classified
10832083.0,BRANDOR COFFEE,100 University Ave None M5J 1V6,auto_classified
10780699.0,BRETON BISTRO & LOUNGE,4650 Eglinton Ave W None None,auto_classified
10839962.0,BRICK & BUTTER BAKEHOUSE,"28 FINCH AVE W, Unit-116 None M2N 2G7",auto_classified
10843427.0,BRICK STONE PIZZA & WINGS,3 CHELWOOD RD None M1K 2K5,auto_classified
10805817.0,BRIDGETTE BAR,423 Wellington St W None M5V 1E7,auto_classified
10854113.0,BRITISH PRIDE BAKERY,65 Rylander Blvd Unit-4003 M1B 5M5,auto_classified
10771263.0,BROCKTON VILLAGE BAKERY,1566 Dundas St W None M6K 1T8,auto_classified
10856874.0,BROEDIE'S BUTTER BURGERS - MIDWAY STAGE - CNE 2025,100 PRINCES BLVD None M6K 3C3,auto_classified
10821815.0,BRONCO'S BAR CNE 2025,100 PRINCES BLVD None M6K 3C3,auto_classified
10834334.0,BUCKET BIRYANI / MOHABBAT,638 Queen St W None M6J 1E4,auto_classified
10857046.0,BUN & COM VIETNAMESE EATERY,200 Wellington St W Unit-FC320 M5V 3C7,auto_classified
10862067.0,BUNO COFFEE,1048 Queen St W None M6J 1H7,auto_classified
10847977.0,BURDOCK BREWERY KENSINGTON TAVERN,184 Augusta Ave None M5T 2L6,auto_classified
10816112.0,BURGER BLOC,162 Mc Caul St None M5T 1W4,auto_classified
10817196.0,BURGER FACTORY,1800 Sheppard Ave E Unit-2021 A M2J 5A7,auto_classified
10820704.0,BURGER FACTORY,115 Humber College Blvd Unit-3 M9V 0A9,auto_classified
10830555.0,BURGER HILL,2326 DANFORTH AVE None M4C 1K7,auto_classified
10778399.0,BURGER KING,85 The Pond Rd None M3J 0L7,auto_classified
10800573.0,BURGER KING,181 Bay St None M5J 2T3,auto_classified
10804483.0,BURGER KING,145 Silver Reign Dr Unit-1101 M9W 0G5,auto_classified
10832054.0,BURGER KING,200 Front St W Unit-F002 M5V 3K2,auto_classified
10833057.0,BURGER KING,2900 Warden Ave 159 M1W 2S8,auto_classified
10844377.0,BURGER KING,2512 Jane St None M3L 1S1,auto_classified
10843153.0,BURGER REPUBLIC,1171 Dundas St W None M6J 1X3,auto_classified
10836574.0,BURGERHINI,3585 Lawrence Ave E None M1G 1P4,auto_classified
10846738.0,BURGERS N' FRIES FOREVER,49 East Liberty St Unit-2 M6K 0A7,auto_classified
10863943.0,BURGERS N' FRIES FOREVER,175 Bloor St E None M4W 3T5,auto_classified
10820975.0,BUSYBEE AFRO KITCHEN,"1700 WILSON AVE, Unit-84F None M3L 1B2",auto_classified
10837328.0,BUTTER CHICKEN ROTI,1800 Sheppard Ave E Unit-F017 M2J 5A7,auto_classified
10851999.0,BUTTER PUP COFFEE,4750 Yonge St Unit-122 M2N 5M6,auto_classified
10819063.0,BUZY BEE M DELI,3333 LAKE SHORE BLVD W None M8W 1N1,auto_classified
10824114.0,C MARKET EUROPEAN DELI,1013 PAPE AVE None M4K 3V8,auto_classified
10821460.0,C3X JUICE CREATIONS,297 Campbell Ave None M6P 3V7,auto_classified
10843239.0,CABACOA CAFE,1157 ST CLAIR AVE W None M6E 1B2,auto_classified
10816841.0,CACTUS CLUB CAFE,4841 Yonge St Unit-309 M2N 5X2,auto_classified
10807636.0,CAFE 1847,330 University Ave None M5G 1R7,auto_classified
10826350.0,CAFE 295,295 The West Mall None M9C 4Z4,auto_classified
10832696.0,CAFE 544 BAR,2178 EGLINTON AVE W None M6E 2L1,auto_classified
10838010.0,CAFE 85,695 Bay St Bldg-1 M5G 0C3,auto_classified
10828456.0,CAFE AVENUE RD,1779 Avenue Rd None M5M 3Y8,auto_classified
10831693.0,CAFE BELEM,546 College St None M6G 1B1,auto_classified
10847484.0,CAFE BISTRO @ 40 WYNFORD RD N,40 Wynford Dr Unit-111 M3C 1J5,auto_classified
10791387.0,CAFE BOULUD,60 Yorkville Ave None M4W 0A4,auto_classified
10813835.0,CAFE DE FLORE,2989 Bloor St W None M8X 1C1,auto_classified
10847100.0,CAFE DE FLORE,465 Eglinton Ave W None M5N 1A7,auto_classified
10776061.0,CAFE KRAY,4850 Yonge St None M2N 5N2,auto_classified
10772353.0,CAFE LA GAFFE,"24 BALDWIN ST, Unit-NA None M5T 1L2",auto_classified
10805399.0,CAFE LANDWER,383 Spadina Rd None M5P 2W1,auto_classified
10814237.0,CAFE LANDWER,33 Yonge St Unit-104 M5E 1G4,auto_classified
10835293.0,CAFE LANDWER,1100 King St W None M6K 1E6,auto_classified
10847461.0,CAFE LAON,453 Dundas St W Flr-1 M5T 1G8,auto_classified
10825923.0,CAFE LE MAJESTIK,2900 Markham Rd None M1X 1E6,auto_classified
10828736.0,CAFE MIMICO,300 Manitoba St Unit-9 M8Y 4G6,auto_classified
10822400.0,CAFE MONTAIGNE,394 Richmond St W None M5V 1X6,auto_classified
10828357.0,CAFE NAMOO,23 DREWRY AVE None M2M 1C9,auto_classified
10773105.0,CAFE OUR HOURS,557 CHURCH ST None M4Y 2E2,auto_classified
10847709.0,CAFE PARMESAN,918 KINGSTON RD None M4E 1S5,auto_classified
10774312.0,CAFE PASTEL,862 Dundas St W None M6J 1V5,auto_classified
10771854.0,CAFE PLENTY,199 Bay St None M5L 1E7,auto_classified
10801618.0,CAFE RENEE,100 Portland St None M5V 2N2,auto_classified
10812553.0,CAFE ROMA,807 St Clair Ave W None M6C 1B9,auto_classified
10834341.0,CAFE TEA TALKS,69 Lebovic Ave Unit-D113 None,auto_classified
10864137.0,CAFE WA SUSHI,4800 Dufferin St None M3H 5T3,auto_classified
10802154.0,CAFE X BICA,"160 PEARS AVE, Unit-110 None M5R 3P8",auto_classified
10825122.0,CAFEDELITY,483 Bay St Unit-300 M5G 2C9,auto_classified
10847951.0,CAFEMIA ITALIAN BAKERY,84 Oakdale Rd Unit-2 M3N 1V9,auto_classified
10811899.0,CAFETERIA,1650 DUPONT ST None M6P 3T2,auto_classified
10834121.0,CAKE TALK BAKERY,2900 Warden Ave None M1W 2S8,auto_classified
10797478.0,CALABAR GRILL AND BAR,1178 Weston Rd Unit-A M6M 4P4,auto_classified
10776833.0,CALDENSE BAKERY,61 Industry St None M6M 4L5,auto_classified
10780427.0,CANECAS SPORTS BAR AND CAFE,605 Rogers Rd Unit-D6 M6M 1B9,auto_classified
10790999.0,CANOPY BY HILTON TORONTO - YORKVILLE (VIRTU CAFE),387 BLOOR ST E None M4W 1H7,auto_classified
10847245.0,CAPHELIA COFFEE,2 Irwin Ave None M4Y 1K9,auto_classified
10826825.0,CAPRI CAFE,1659 ST CLAIR AVE W None M6N 1H9,auto_classified
10805175.0,CAPTAIN'S CHICKEN,2977 Lake Shore Blvd W None M8V 1J8,auto_classified
10852721.0,CARBONIC COFFEE/HAKO,870 Dundas St W None M6J 1V7,auto_classified
10852877.0,CARIBBEAN CUISINE,40 Carl Hall Rd Unit-E10 M3K 2C1,auto_classified
10809072.0,CARIBBEAN CUISINE AUTHENTIC JAMAICAN JERK,2516 Eglinton Ave W None M6M 1T1,auto_classified
10827366.0,CARIBBEAN PALACE RESTAURANT & BAR,1646 Jane St None M9N 2R9,auto_classified
10800640.0,CARIBBEAN WAVE RESTAURANT,875 Milner Ave Unit-106-107 M1B 5N6,auto_classified
10781384.0,CARINE CUISINE  COMFORT FOOD,133 Manville Rd Unit-20 M1L 4J7,auto_classified
10859954.0,CAROUSEL BAKERY,93 Front St E Unit-3738 M5E 1C3,auto_classified
10856499.0,CAROUSEL BAR - CNE 2025,2 STRACHAN AVE None M6K 3C3,auto_classified
10844461.0,CAROUSEL CAFE & BISTRO,585 Dundas St E Flr-1 M5A 2B7,auto_classified
10783670.0,CASA BOHO JUICE BAR & CAFE,62 Marine Parade Dr Unit-#18-19 M8V 0B7,auto_classified
10775945.0,CASA SUSHI,469 DANFORTH AVE None M4K 1P1,auto_classified
10828441.0,CASINO HOTEL KITCHEN,555 REXDALE BLVD None M9W 7G3,auto_classified
10863340.0,CATERED BREAKS RESTAURANT AND CAFE,3 Concorde Gt Unit-110 M3C 3N7,auto_classified
10863499.0,CCC PRODUCTION KITCHEN,45 Manitoba Dr None M6K 3C3,auto_classified
10817422.0,CECI BAR,33 Yonge St Unit-101 M5E 1G4,auto_classified
10780979.0,CELLAR DOOR RESTAURANT,3003 LAKE SHORE BLVD W None M8V 1K2,auto_classified
10847612.0,CENTRAL RESTAURANTS,114 Ossington Ave None M6J 2Z4,auto_classified
10815706.0,CENTRE STREET DELI EXPRESS,995 Bay St None M5S 3C4,auto_classified
10846688.0,CHA THAI CAFE,756 Dundas St W None M6J 1T8,auto_classified
10848164.0,CHACHEE'S CHAI CAFE,62 Overlea Blvd Unit-7B M4H 1C4,auto_classified
10815717.0,CHAHAL DHABA INDIAN CUISINE,4820 Sheppard Ave E Unit-19 - 20 M1S 5M8,auto_classified
10839942.0,CHAI KEE NOODLE HOUSE,4400 Sheppard Ave E Unit-6-8 M1S 5J5,auto_classified
10807841.0,CHAKO BBQ & IZAKAYA,14 Lebovic Ave None M1L 4V9,auto_classified
10809109.0,CHALKERS SPORTS BAR AND GRILL,247 Marlee Ave Flr-2 M6B 4B8,auto_classified
10822413.0,CHAMBERLAIN'S PONY BAR,583 King St W None M5V 1M1,auto_classified
10772872.0,CHAOSHAN BEEF HOT POT,354 Spadina Ave None M5T 2G4,auto_classified
10811940.0,CHAPPA RESTAURANT,1340 ST CLAIR AVE W None M6E 1C4,auto_classified
10827470.0,CHARCOAL BIRYANI,199 Bay St Unit-C154 M5L 1E7,auto_classified
10815355.0,CHARCOAL KEBAB HOUSE,106 Mutual St Unit-7 M5B 2R7,auto_classified
10831461.0,CHARLIE'S TEA,5 Northtown Way Unit-2 M2N 7A1,auto_classified
10777704.0,CHAT BAR RESTAURANT,307 Spadina Ave Unit-307 M5T 2E6,auto_classified
10829711.0,CHEF'S TABLE - SMOOTHIE STATION,203 Humber College Blvd None M9W 5L7,auto_classified
10843916.0,CHEN CHEN'S NASHVILLE HOT CHICKEN,486 Front St W None M5V 0V2,auto_classified
10840075.0,CHENNAI MASALA CAFE,432 Parliament St None M5A 3A2,auto_classified
10821533.0,CHENNAI SUPER KINGS RESTAURANT,2912 Sheppard Ave E None M1T 3J4,auto_classified
10829153.0,CHENTE'S TAQUERIA,9 Milvan Dr Unit-6-1 M9L 1Y9,auto_classified
10788902.0,CHIANG MAI THAI KITCHEN & BAR JUNCTION,2998 Dundas St W None M6P 1Z3,auto_classified
10781239.0,CHICK-FIL-A,1 Dundas St W Unit-J003 M5G 1Z3,auto_classified
10786424.0,CHICK-FIL-A,1090 Don Mills Rd Unit-M001 M3C 3R6,auto_classified
10831367.0,CHICK-FIL-A,336 Queen St W None M5V 2A2,auto_classified
10855564.0,CHICK-FIL-A,1 BLOOR ST E None M4W 1A9,auto_classified
10771673.0,CHICKEN PLUS,3250 Midland Ave None M1V 4W9,auto_classified
10835267.0,CHICKEN PLUS,368 Broadview Ave None M4M 2G9,auto_classified
10810036.0,CHICKEN PLUS THE BAR,7-9 Spring Garden Ave None M2N 3G1,auto_classified
10773629.0,CHICKEN QUARTER,20 York Mills Rd Unit-03 M2P 2C2,auto_classified
10789646.0,CHIPOTLE MEXICAN GRILL,101 Laird Dr None M4G 3T7,auto_classified
10795690.0,CHIPOTLE MEXICAN GRILL,85 The Pond Rd Unit-R120 M3J 0L7,auto_classified
10827471.0,CHIPOTLE MEXICAN GRILL,430 King St W None M5V 1L5,auto_classified
10833736.0,CHIU 8 NOODLE HOUSE,8 Glen Watford Dr Unit-G9-10 M1S 2C1,auto_classified
10825155.0,CHOICE INDIAN RESTAURANT,200 Bellamy Rd N Bldg-1 AND 2 M1J 2L6,auto_classified
10787183.0,CHOLA CHAI CAFE JUICE BAR,"2900 MARKHAM RD, Unit-H8 None M1X 1E6",auto_classified
10828735.0,CHOLA INDIAN CUISINE,3551 Sheppard Ave E Unit-1 M1T 3K8,auto_classified
10827215.0,CHOO TEA,"5 NORTHTOWN WAY, Unit-4 None M2N 7A1",auto_classified
10830214.0,CHOP STEAKHOUSE & BAR,181 University Ave Unit-G1 M5H 3M7,auto_classified
10862453.0,CHOPSTICKS/ HEALTHY KITCHEN,2075 Bayview Ave Flr-E WING M4N 3M5,auto_classified
10836173.0,CHUCK'S ROADHOUSE BAR & GRILL - ETOBICOKE,5555 Eglinton Ave W Unit-C2 M9C 5M1,auto_classified
10782518.0,CHUTNEY'S FINE INDIAN CUISINE,3077 Bloor St W None M8X 1C7,auto_classified
10772027.0,CICIS PIZZA AND WINGS,1596 Queen St W None M6R 1A8,auto_classified
10779281.0,CINNABON,2200 Yonge St Flr-LOWER M4S 2C6,auto_classified
10782953.0,CIRCLES & SQUARES BAKERY,197 Bartley Dr None M4A 1E6,auto_classified
10800244.0,CIRCLES & SQUARES BAKERY & CAFE,1909 Yonge St None M4S 1Z3,auto_classified
10778078.0,CIRQUE DU SOLEIL - STAFF KITCHEN,2150 Lake Shore Blvd W None M8V 1A3,auto_classified
10795871.0,CITRUS COFFEE,1104 College St None M6H 1B3,auto_classified
10814628.0,CITY KEBAB,2651 Yonge St None M4P 2J6,auto_classified
10818460.0,CITY PIZZA,3165 Markham Rd Unit-C1 M1X 0B5,auto_classified
10846229.0,CITY SOUTH PIZZA,106 Humber College Blvd Unit-11 M9V 4E4,auto_classified
10861216.0,CLARENCE'S KITCHEN,8 Glen Watford Dr Unit-G56 M1S 2C1,auto_classified
10831472.0,CLAY STEAM BOAT SPICY KITCHEN INC,2677 Eglinton Ave E Unit-1 M1K 2S2,auto_classified
10776258.0,CLEAVEDON GRILL,666 Burnhamthorpe Rd Unit-9 M9C 2Z4,auto_classified
10798907.0,CLOUDS KITCHEN ( ETOBICOKE EATS ),"20 LOCKPORT AVE, Bldg-- None M8Z 2R7",auto_classified
10845020.0,COAL AND CURRY,180 Baldwin St None M5T 1L8,auto_classified
10848770.0,COCO BUBBLE TEA,2352 Yonge St None M4P 2E6,auto_classified
10800331.0,COCO FRESH TEA & JUICE,4868 DUNDAS ST W None M9A 1B5,auto_classified
10840105.0,COCO FRESH TEA & JUICE,1883 Mcnicoll Ave Unit-12-13 M1V 5M3,auto_classified
10862965.0,COCO FRESH TEA & JUICE,352 Queen St W None M5V 2A2,auto_classified
10779454.0,COFFEE AND ALL THAT JAZZ,72 Howard Park Ave None M6R 1V6,auto_classified
10822401.0,COFFEE AT CARLTONS,36 TORONTO ST None M5C 2C5,auto_classified
10832256.0,COFFEE BY JOY,163 Sterling Rd Unit-104 M6R 2B2,auto_classified
10799371.0,COFFEE GALORE,100 The East Mall Unit-11 M8Z 5X2,auto_classified
10776159.0,COFFEE TIME,215 Carlingview Dr N100 M9W 5X8,auto_classified
10796619.0,COFFEE TIME,1471 Eglinton Ave W None M6E 2G6,auto_classified
10802816.0,COFFEE TIME,5926 YONGE ST None M2M 3V9,auto_classified
10812525.0,COFFEE TIME,3622 Dufferin St None M3K 1N7,auto_classified
10849631.0,COFFEE TREE ROASTERY,2412 Bloor St W None M6S 1P9,auto_classified
10802524.0,COLUMBUS BAKERY,9 Milvan Dr Unit-14-2FL M9L 1Y9,auto_classified
10849379.0,COLUMBUS BAKERY - CAFE INC,2111 Jane St Unit-9 M3M 1A2,auto_classified
10796190.0,COLUMBUS CAFE & CO,283 Adelaide St W None None,auto_classified
10806913.0,COLUMBUS CAFE & CO,220 Yonge St None M5B 2H1,auto_classified
10812022.0,COME AND SEE RESTAURANT,1291 Wilson Ave Unit-A M3M 3C6,auto_classified
10829329.0,CONFERENCE CENTRE KITCHEN,160 Front St W Flr-4TH None,auto_classified
10835610.0,CONSERVATION CAFETERIA,5 Shoreham Dr None M3N 1S4,auto_classified
10799422.0,CONTRADA RESTAURANT,537 College St None M6G 1A9,auto_classified
10846166.0,CORA BREAKFAST ANDLUNCH,106 Front St E None M5A 1E1,auto_classified
10793413.0,CORA PIZZA,656 Spadina Ave None M5S 2H7,auto_classified
10805392.0,CORKS BEER AND WINE BAR,85 Laird Dr Flr-2 M4G 3T8,auto_classified
10805739.0,CORRECT AFRICAN FOOD MARKET/NAIJA KITCHEN,880 Wilson Ave None M3K 1E7,auto_classified
10800351.0,COSMIC PIZZA & DONAIR,2633 YONGE ST None M4P 2J6,auto_classified
10805976.0,COSMIC PIZZA & DONAIR,233 College St None M5T 1R4,auto_classified
10849597.0,COSMIC PIZZA & DONAIR,1309 Danforth Ave None M4J 1M8,auto_classified
10836850.0,COSMO BAR,398 Spadina Ave None M5T 2G5,auto_classified
10773678.0,COTA HEALTH KITCHEN,11 Macey Ave None M1L 2T6,auto_classified
10794843.0,COTTI COFFEE,374 Yonge St Bldg-1 M5B 1S6,auto_classified
10795222.0,COTTI COFFEE,700 Bay St Bldg-5 M5G 1Z6,auto_classified
10796301.0,COTTI COFFEE,"1800 SHEPPARD AVE E, Unit-K016 None M2J 5A7",auto_classified
10836179.0,COUNTRY BAKERY & MARKET,1601 ELLESMERE RD None M1P 2Y3,auto_classified
10771476.0,COUNTRY STYLE,272 Dupont St None M5R 1V7,auto_classified
10822554.0,COURT'S HOUSE FOOD COURT,202 Spadina Ave Unit-2 M5T 2C2,auto_classified
10839490.0,COWBOY'S GRILL,1993 Yonge St None M4S 1Z8,auto_classified
10795047.0,COZY CAFE,6464 Yonge St Unit-K22 M2M 3X4,auto_classified
10834853.0,CRACK BURGER,147 Baldwin St None M5T 1L9,auto_classified
10815422.0,CRAIG'S COOKIES,300 Borough Dr Bldg-1 M1P 4P5,auto_classified
10816748.0,CRAIG'S COOKIES,65 Front St W None M5J 1E6,auto_classified
10829297.0,CRAIG'S COOKIES,218 Yonge St Unit-018 M5B 2H6,auto_classified
10830329.0,CRAIG'S COOKIES BLOOR WEST VILLAGE,2237 Bloor St W None M6S 1N7,auto_classified
10821940.0,CRAVE UP CAFE,2460 St Clair Ave W None M6N 1L2,auto_classified
10784434.0,CRAVIN KITCHEN & LOUNGE,"5164 DUNDAS ST W, Flr-1ST None M9A 1C4",auto_classified
10821059.0,CRAZI FRIES,255 FRONT ST W None M5V 2W6,auto_classified
10771469.0,CREEDS COFFEE BAR,420 Dupont St None M5R 3P3,auto_classified
10819645.0,CREMA CAFE,3032 Bathurst St None M6B 3B6,auto_classified
10862564.0,CREME CAFE,1683 St Clair Ave W None M6N 1H9,auto_classified
10800197.0,CRESCENT BAKERY AND CAFE,"1270 FINCH AVE W, Unit-2 None M3J 3J7",auto_classified
10808119.0,CROSS BAR,220 Yonge St None M5B 2H1,auto_classified
10830088.0,CRUMBL COOKIES,486 Front St W Unit-UG41 M5V 0V2,auto_classified
10854501.0,CRUST'N CRAVE PIZZA,5555 Eglinton Ave W Unit-E109 M9C 5M1,auto_classified
10802156.0,CUERVO Y MARQUIS BAKERY CAFE,132 Ossington Ave None M6J 2Z5,auto_classified
10825144.0,CULTURAL HUB - STREET'S CAFE,3199 Lake Shore Blvd W Flr-1 M8V 1K8,auto_classified
10853593.0,CURATE CAFE,989 Eglinton Ave W Unit-2 M6C 2C6,auto_classified
10848281.0,CURRY & CHUTNEY BY GOPAL'S INDIAN RESTAURANT & BAKERY,317 Burnhamthorpe Rd None M9B 2A2,auto_classified
10733486.0,Chadon Beni / Coco Cafe,936 Queen St W None M6J 1G6,auto_classified
10788474.0,D SPOT CAFE AND BISTRO,1060 The Queensway Bldg-------- M8Z 1P7,auto_classified
10861478.0,D SPOT DESSERT CAFE YORKDALE,77 Billy Bishop Way None M3K 0C2,auto_classified
10839057.0,D SPOT DESSERTS,808 York Mills Rd Unit-37 M3B 1X8,auto_classified
10841534.0,DA DA NOODLES,4750 Yonge St Unit-137 M2N 5M6,auto_classified
10816747.0,DA PLAICE LOUNGE & RESTAURANT,2153 Weston Rd None M9N 1X8,auto_classified
10859083.0,DA SI MAR SHAWARMA,673 Yonge St None M4Y 1Z9,auto_classified
10851886.0,DAD'S BREAKFAST AND COFFEE,1473 Dundas St W None M6J 1Y8,auto_classified
10789896.0,DAIGYO CAFE,3278 Midland Ave Unit-D121 M1V 0C9,auto_classified
10849724.0,CAFE DAILY,5519 Yonge St Unit-200 M2N 5S3,auto_classified
10821174.0,DAIRY QUEEN,1638 Bloor St W None M6P 4A8,auto_classified
10847926.0,DAIRY QUEEN,"5369 DUNDAS ST W, Bldg-133E None M9B 1B1",auto_classified
10846052.0,DANDILION CAFE,755 Lawrence Ave E None M3C 1P2,auto_classified
10853370.0,DANFO BISTRO,"195 QUEEN ST E, Lot-LOT None M5A 1S2",auto_classified
10857633.0,DANFORTH ROTI SHOP,2844 DANFORTH AVE None M4C 1M1,auto_classified
10784702.0,DANG SMOKE BBQ,4 Greenwood Ave None M4L 2P4,auto_classified
10859179.0,DAON SUSHI,4186 Finch Ave E Unit-18A M1S 4T5,auto_classified
10782647.0,DARK HORSE ESPRESSO BAR,1187 ST CLAIR AVE W None M6E 1B5,auto_classified
10803829.0,DARK HORSE ESPRESSO BAR,1 York St None None,auto_classified
10821678.0,DARK HORSE ESPRESSO BAR,230 Richmond St W None M5V 3E5,auto_classified
10821830.0,DARK HORSE ESPRESSO BAR,100 Queens Quay  E None M5E 1Y3,auto_classified
10860368.0,DARK HORSE ESPRESSO BAR,416 Front St E None M5A 0H8,auto_classified
10825153.0,DARK HORSE ESPRESSO BAR + DEAR GRAIN,120 Geary Ave Unit-108 M6H 4H1,auto_classified
10863149.0,DARYEEL CAFE,"2007 LAWRENCE AVE W, Unit-7 None M9N 3V1",auto_classified
10786161.0,DAVE'S HOT CHICKEN,328 Yonge St Bldg-1 M5B 1R8,auto_classified
10806516.0,DAVE'S HOT CHICKEN,181 Bay St Bldg-1 M5J 2T3,auto_classified
10808500.0,DAVE'S HOT CHICKEN,1130 Queen St E None M4M 1L1,auto_classified
10772183.0,DAY'S KITCHEN,31 Tapscott Rd Unit-99 M1B 4Y7,auto_classified
10843956.0,DAY'S KITCHEN,2101 Brimley Rd Unit-108 M1S 2B4,auto_classified
10777259.0,DE MELLO COFFEE,8 Spadina Ave Unit-100G M5V 2H6,auto_classified
10841260.0,DE MELLO COFFEE BLOOR,365 Bloor St E Unit-19 M4W 3L4,auto_classified
10798759.0,DE MELLO COFFEE BROADWAY,2389 Yonge St None M4P 2E7,auto_classified
10772451.0,DEJAVU RESTAURANT AND LOUNGE,364 Queen St E None M5A 1T1,auto_classified
10849859.0,DELI-BAR 95,"300 RICHMOND ST W, Unit-101 None M5V 1X2",auto_classified
10802135.0,DELICIOUS EMPANADAS & LATIN CAFE,921 College St None M6H 1A1,auto_classified
10842923.0,DELICIOUS JAMAICAN CUISINE & COFFEE,1568 EGLINTON AVE W None M6E 2G8,auto_classified
10850725.0,DELUXE GRILL & CAFE,235 Yorkland Blvd Unit-100 M2J 4Y8,auto_classified
10786535.0,DELYSEES LUXURY DESSERTS,3401 Dufferin St Unit-615 M6A 2T9,auto_classified
10832603.0,DENO DELIGHT BAKERY & CAFE,250 Merton St Unit-102 M4S 1B1,auto_classified
10834107.0,DESI CHAAPWALA RESTAURANT,529 Evans Ave None M8W 2V7,auto_classified
10773273.0,DESSERT FOX,635A Bloor St W None M6G 1K8,auto_classified
10840990.0,DESTAN TURKISH RESTAURANT,3585 Keele St Unit-12 M3J 3H5,auto_classified
10828778.0,DHAKA KEBAB NAAN,50 Danforth Rd Unit-3 M1L 3W4,auto_classified
10806849.0,DHAKA KITCHEN,459 Pharmacy Ave None M1L 3G7,auto_classified
10836975.0,DI AN AUTHENTIC VIETNAMESE CUISINE,2361 Brimley Rd Unit-D5 M1S 3L6,auto_classified
10807177.0,DIAMOND PIZZA& STONE GRILL,510 MAIN ST None M4C 4Y2,auto_classified
10777746.0,DIM SUM FOOD,"50 SILVER STAR BLVD, Unit-201 None M1V 3L3",auto_classified
10801867.0,DIMES CARIBBEAN RESTAURANT,2679 Eglinton Ave W None M6M 1T8,auto_classified
10842087.0,DINEEN COFFEE,200 King St W None M5H 3T4,auto_classified
10803734.0,DINER SEOUL KOREAN & FRENCH FUSION RESTAURANT,1351 ST CLAIR AVE W None M6E 1C5,auto_classified
10843173.0,DING TAI FUNG KITCHEN,2220 Midland Ave Unit-80 M1P 3E6,auto_classified
10831097.0,DIP N WINGS,8 Glen Watford Dr Unit-G18 M1S 2C1,auto_classified
10821982.0,DISPOTINO PIZZA,1110 LODESTAR RD None M3J 2Z4,auto_classified
10860314.0,DIVINO RESTAURANT AND BAR,46 Blue Jays Way Unit-42-46 M5V 2G3,auto_classified
10775832.0,DOLSOE KOREAN RESTAURANT,877 Alness St Unit-1 M3J 2X3,auto_classified
10802715.0,DOMINO'S PIZZA,1906 Jane St None M9N 2T8,auto_classified
10829084.0,DOMINO'S PIZZA,118 Ellesmere Rd None M1R 4C4,auto_classified
10847249.0,DOMINO'S PIZZA,2194 Gerrard St E None M4E 2C7,auto_classified
10791925.0,DOMO SUSHI,844 Sheppard Ave W None M3H 2T5,auto_classified
10815224.0,DON VALLEY GOLF COURSE CAFETERIA,4200 Yonge St None M2P 1N9,auto_classified
10801622.0,DONER STATION KEBAB,4917 Bathurst St None M2R 1X8,auto_classified
10787179.0,DONG KEE CHINESE RESTAURANT,"3838 MIDLAND AVE, Unit-101 None M1V 5K5",auto_classified
10860493.0,DONNA FERNANDA RISTORANTE & PIZZERIA,740 King St W None M5V 1N3,auto_classified
10843158.0,DONUT COUNTER,3337 Bayview Ave None M2M 1G4,auto_classified
10798529.0,DONUT PRINCESS - DWV 2025,55 Mill St None M5A 3C4,auto_classified
10818406.0,DOPAMINA RESTAURANT,832 Bay St Bldg-3 M5S 1Z6,auto_classified
10847340.0,DOPAPEN COFFEE,850 Carlaw Ave None M4K 3L3,auto_classified
10789997.0,DOSA KITCHEN,3380 Midland Ave None M1V 5B5,auto_classified
10851275.0,DOSAAAART,181 PARLIAMENT ST None M5A 2Z4,auto_classified
10858384.0,DOSABOYZ,6210 Finch Ave W Bldg-108 M9V 0A1,auto_classified
10793161.0,DOSABOYZ HAKKABOYZ,35 William Kitchen Rd Unit-K2 M1P 5B7,auto_classified
10831159.0,DOU YIN BAR,2901 Kennedy Rd 1B M1V 1S8,auto_classified
10788894.0,DOUBLE DOUBLE PIZZA & CHICKEN & TASTE OF AGRA,3420 Lawrence Ave E Unit-2 M1H 1A9,auto_classified
10852813.0,DOUGHBOX WOOD FIRED PIZZA AND PASTA,1466 Eglinton Ave W Unit-1 M6E 2G5,auto_classified
10784306.0,DOUGHBOX WOODFIRE PIZZA AND PASTA,40 University Ave Unit-7 M5J 1T1,auto_classified
10783917.0,DOURO BAKERY,1263 Weston Rd None M6M 4P9,auto_classified
10860587.0,DRAGON VIEW SEAFOOD RESTAURANT,4452 Sheppard Ave E None M1S 1V2,auto_classified
10828975.0,DREAM BUBBLE TEA,3379 Yonge St Unit-6 M4N 2M8,auto_classified
10864017.0,DUA'S COFFEE,1244 Yonge St Unit-A M4T 1W5,auto_classified
10796555.0,DUDU'S CAFE AND BUBBLE TEAHOUSE,250 Wincott Dr 13 M9R 2R5,auto_classified
10809858.0,DUFFERIN GROVE PARK - CLUB HOUSE KITCHEN,875 Dufferin St None M6H 4J3,auto_classified
10852827.0,DUHOK SHAWARMA,1635 Lawrence Ave W Unit-10 M6L 3C9,auto_classified
10847106.0,DULZURA MEXICAN DESSERTS,9 Milvan Dr Unit-6A-1 M9L 1Y9,auto_classified
10791467.0,D|BAR (FOUR SEASONS HOTEL),60 Yorkville Ave None M4W 0A4,auto_classified
10777519.0,EARL'S RESTAURANT,3401 Dufferin St Unit-17 M6A 2T9,auto_classified
10845016.0,EARLA'S KITCHEN,477 OAKWOOD AVE None M6E 2W4,auto_classified
10806705.0,EARLS KITCHEN + BAR,603 King St W None M5V 1M5,auto_classified
10795061.0,EARLS KITCHEN AND BAR,55 Bloor St W Unit-113 M4W 1A5,auto_classified
10790667.0,EAST TORONTO COFFEE,"2318 DANFORTH AVE, Unit-3 None M4C 1K7",auto_classified
10862336.0,EASY RESTAURANT,1645 Queen St W None M6R 1A9,auto_classified
10822722.0,ECHO SUSHI,2036 Yonge St None M4S 1Z9,auto_classified
10815710.0,EDILL'S COFFEE HOUSE,1412 Kennedy Rd Unit-1-1A M1P 2L7,auto_classified
10840173.0,EDWARD JOHNSON BUILDING MUSIC CAFE,80 Queen'S Park None M5S 2C5,auto_classified
10860859.0,EJI'S KITCHEN,19 Woodbine Downs Blvd Unit-101 - 103 None,auto_classified
10863493.0,EL CHINO ANTOJITOS BAR,1251 Bloor St W None M6H 1N6,auto_classified
10778272.0,EL NAHUAL TACOS,556 Parliament St None M4X 1P6,auto_classified
10810898.0,EL PACHO COFFEE ROASTERS,40 University Ave None M5J 1T1,auto_classified
10855353.0,EL TENEDOR CAFE,909 Yonge St None M4W 2H2,auto_classified
10825997.0,ELECTRIC LOVE BAKESHOP,900 Wilson Ave None M3K 1E7,auto_classified
10852411.0,ELIM RESTAURANT AND CAFE,1105 College St None M6H 1B4,auto_classified
10496324.0,ELTE CAFE,80 RONALD AVE None M6E 5A2,auto_classified
10860569.0,EMBASSY SUITES BY HILTON - WESTSIDE SOCIAL EATERY,262 Carlingview Dr MAIN LEVEL M9W 5G1,auto_classified
10843115.0,EMILIO'S MEXICAN BAKERY,634 Vaughan Rd Unit-A M6E 2Y3,auto_classified
10857369.0,EMMA'S EATERY,"938 St Clair Ave W Unit-2,3 M6C 1C8",auto_classified
10829815.0,ENJOY TEA,"5 NORTHTOWN WAY, Unit-15 None M2N 7A1",auto_classified
10847261.0,ENZI ICE CREAM,5317 Yonge St Unit-E M2N 5R4,auto_classified
10857533.0,EPOS CAFE COUTURE,90 Yorkville Ave None M5R 1B9,auto_classified
10818444.0,EPOS COFFEE,290 Gerrard St E None M5A 2G4,auto_classified
10772083.0,ESC PÈRE-PHILIPPE-LAMARCHE - CAFETERIA,2850X Eglinton Ave E None M1J 2C8,auto_classified
10838114.0,ESFAHAN RESTAURANT,199 Sheppard Ave E None M2N 3A8,auto_classified
10841578.0,EST RESTAURANT,729 Queen St E None M4M 1H1,auto_classified
10787242.0,ESTRELA RESTAURANT,"5 LAVINGTON DR, Unit-1A None M9R 2H1",auto_classified
10815261.0,ETHENNONNHAWAHSTIHNEN CRC & LIBRARY KITCHEN,100 Ethennonnhawahstihnen' Lane Flr-2 M2K 0G5,auto_classified
10815689.0,ETHIOPIAN NATURAL COFFEE,908 Bloor St W None M6H 1L1,auto_classified
10806024.0,EUROPEAN CUISINE,40 Carl Hall Rd Unit-E3 M3K 2C1,auto_classified
10833945.0,EVA'S ORIGINAL CHIMNEY AND GUERRILLA BURGER,55 ST CLAIR AVE W None M4V 2Y7,auto_classified
10826659.0,EVENTS KITCHENETTE- UFT,230 College St Flr-4 M5T 1R2,auto_classified
10787758.0,EVERYDAY BEAUTY BAR,302 Carlaw Ave Unit-120 M4M 3L1,auto_classified
10853987.0,EVERYSIDE RESTAURANT,120 Adelaide St W Unit-100 M5H 1T1,auto_classified
10791298.0,EVVIVA BREAKFAST AND LUNCH,56 Wellesley St W None M5S 2S3,auto_classified
10856442.0,EXPRESS PIZZA,80 Ellesmere Rd Unit-8 M1R 4C2,auto_classified
10857486.0,FAFA BBQ HOUSE,3278 Midland Ave Unit-D120 M1V 0C9,auto_classified
10843838.0,FAIROUZ RESTAURANT & LOUNGE,843 Kipling Ave None M8Z 5G9,auto_classified
10826706.0,FAITH CARIBBEAN CUISINE,3449 Dundas St W None M6S 2S5,auto_classified
10805482.0,FAM BURGER,3271 Dufferin St None M6A 2T4,auto_classified
10807143.0,FANCY BURGER,565 Bloor St W None M5S 1Y6,auto_classified
10784587.0,FANTASTIC SHAWARMA,2558 Finch Ave W Unit-8A M9M 2G3,auto_classified
10786118.0,FANTASY KITCHEN CO,195 Harbord St None M5S 1H6,auto_classified
10790520.0,FARM FRESH PIZZA,2687 Kipling Ave Unit-2 M9V 5G6,auto_classified
10847475.0,FARYAB RESTAURANT,1801 Lawrence Ave E Unit-1 M1R 2X9,auto_classified
10772100.0,FAT BOY RESTAURANT,"5651 STEELES AVE E, Unit-28 None M1V 5P6",auto_classified
10830184.0,FATTY BEAR BAKES,1607 DUPONT ST None M6P 3S8,auto_classified
10807098.0,FAV CRAFT KITCHEN,3262 Midland Ave Unit-E107 M1V 0C6,auto_classified
10830444.0,FBI PIZZA ST. CLAIR,1248 St Clair Ave W None M6E 1B7,auto_classified
10809776.0,FELFEL MEDITERANIAN CUISINE,"761 DUNDAS ST W, Unit-761 None M6J 1T9",auto_classified
10794054.0,FENG TAI FOOD COURT,355 Bamburgh Crcl None M1W 3Y1,auto_classified
10848798.0,FIL-EURO BAKERY,"2348 DUFFERIN ST, Unit-1 None M6E 3S4",auto_classified
10841851.0,FINGER LICKING CARIBBEAN KITCHEN,2179 LAWRENCE AVE E None M1P 2P5,auto_classified
10809263.0,FIRECRACKER PEPPER SAUCE / FIRECRACKER RESTAURANT,"1485 DUPONT ST, Unit-113 None M6P 3S2",auto_classified
10804474.0,FIREFLY BURGER,355 1/2 Yonge St Bldg-- M5B 1S1,auto_classified
10801791.0,FIREHOUSE SUBS,3300 Dufferin St Unit-B M6A 2T5,auto_classified
10810265.0,FIREHOUSE SUBS,31 Rexdale Blvd Unit-C3004 M9W 1P1,auto_classified
10826908.0,FIREHOUSE SUBS,410 Bathurst St None M5T 2S6,auto_classified
10829948.0,FIREHOUSE SUBS,1221 King St W None M6K 1G3,auto_classified
10839965.0,FIREHOUSE SUBS,525 University Ave Bldg-R2-2 M5G 2L3,auto_classified
10841423.0,FIREHOUSE SUBS,513 Yonge St Unit-4 M4Y 1Y3,auto_classified
10843909.0,FIREHOUSE SUBS,333 King St E Unit-160 M5A 3X5,auto_classified
10855577.0,FIREHOUSE SUBS,4700 Keele St Unit-27 M3J 1P3,auto_classified
10773379.0,FIRESIDE FUSION JAMAICAN CUISINE,1260 Kennedy Rd Unit-2 M1P 2L3,auto_classified
10800014.0,FISH BAR & RESTAURANT,10 Mimico Ave Bldg-- M8V 1R1,auto_classified
10808845.0,FIX COFFEE + BIKES,486 Front St W Unit-UG28 M5V 0V2,auto_classified
10803222.0,FLAKY FEAST CAFE,1681 Eglinton Ave E None M4A 1J6,auto_classified
10835148.0,FLAMING KITCHEN,472 Yonge St None M4Y 1X5,auto_classified
10820220.0,FLAMING NOODLES,373 SPADINA AVE None M5T 2G3,auto_classified
10831925.0,FLAVA FLAMEZ JAMAICAN RESTAURANT,"2400 FINCH AVE W, Unit-2A None M9M 2C8",auto_classified
10857817.0,SATVIC TEA CO,"105 VANDERHOOF AVE, Unit-8 None M4G 2H7",auto_classified
10799404.0,FLAVOUR HOUSE RESTAURANT,80 Nashdene Rd Unit-78D M1V 5E4,auto_classified
10814932.0,FLOR DOIS BISTRO,722 College St None M6G 1C4,auto_classified
10815725.0,FLYING SQUIRREL MOTORCYCLE CAFE,1347 Queen St E None M4L 1C6,auto_classified
10792881.0,FORGET ME NOT COFFEE,102 Ossington Ave None M6J 2Z4,auto_classified
10839043.0,FORMOCHA BUBBLE TEA HOUSE,673 College St None M6G 1B9,auto_classified
10812132.0,FOUND COFFEE,2088 Dundas St W None M6R 1W9,auto_classified
10839322.0,FOX & JOHN'S RESTAURANT AND BAR,107 Atlantic Ave None M6K 1Y2,auto_classified
10853329.0,FOX AND JOHN'S KITCHEN AND BAR,3527 Lake Shore Blvd W None M8W 1N5,auto_classified
10776200.0,FRECLES FOX RESTAURANT,100 Cavell Ave Unit-1-4 M8V 3V6,auto_classified
10805145.0,FRENCHY BAR ET BRASSERIE,145 Richmond St W Flr-MAIN M5H 2L2,auto_classified
10848083.0,FRESH BREAD BAKERY,729 Kennedy Rd None M1K 2C6,auto_classified
10725026.0,FRESH BURGER,3355 Steeles Ave E Unit-C 4 M2H 0A7,auto_classified
10808343.0,FRESH BURGER,1881 Steeles Ave W Unit-12 M3H 5Y4,auto_classified
10842748.0,FRESH BURGER,1121 Castlefield Ave Unit-2 M6B 1E8,auto_classified
10862456.0,FRESH BURGER,43 Milner Ave Unit-102 M1S 3P6,auto_classified
10781581.0,FRESH CHOICE CAFE,520 Ellesmere Rd Unit-110 M1R 4E6,auto_classified
10850658.0,FRESH CUP BUBBLE TEA,"3030 DON MILLS RD E, Unit-20 None M2J 3C1",auto_classified
10858528.0,FRESH HABESHA AND BBQ RESTAURANT,810 Bloor St W None M6G 1L9,auto_classified
10857304.0,FRESH SLICE PIZZA,4841 Yonge St Unit-208 M2N 5X2,auto_classified
10775724.0,FRESHII,2277 Sheppard Ave W Unit-C2 M9M 0G6,auto_classified
10791247.0,FRESHII,140 Spadina Ave Unit-A102 M5V 2L4,auto_classified
10804217.0,FRESHII,3080 Yonge St None M4N 3N1,auto_classified
10824801.0,FRESHII,115 Humber College Blvd Unit-2 M9V 0A9,auto_classified
10832852.0,FRESHII,12 Richardson St None M5A 4J9,auto_classified
10839991.0,FRESHII,2032 Queen St E None M4L 1J4,auto_classified
10852857.0,FRESHII,170 Emmett Ave None M6M 2E6,auto_classified
10821257.0,FRESHLY SQUEEZED BUBBLE TEA,1530 Albion Rd Unit-F1 M9V 1B4,auto_classified
10821917.0,FRESHLY SQUEEZED BUBBLE TEA,65 Front St W Unit-432 M5J 1E6,auto_classified
10800088.0,FRESHSLICE PIZZA,744 King St W None M5V 1N3,auto_classified
10839721.0,FRESHSLICE PIZZA,115 Humber College Blvd Unit-5 M9V 0A9,auto_classified
10851249.0,FRESHSLICE PIZZA,2025 Yonge St None M4S 2A2,auto_classified
10779793.0,FRIDAY BURGER COMPANY,81 Bay St None M5E 1Z8,auto_classified
10797340.0,FRIDAY BURGER COMPANY,2162 DANFORTH AVE None M4C 1K3,auto_classified
10825671.0,FRUIT BURST JUICE AND  NUTRITION BAR,600 University Ave None M5G 1X5,auto_classified
10805645.0,FUEGO'S HALAL KITCHEN (Crave Food Hub - K4) (Shared Kitchen),1275 Morningside Ave Unit-7 M1B 3W1,auto_classified
10815314.0,FULL MOON CUISINE,10 Northtown Way Unit-105 M2N 7L4,auto_classified
10841150.0,FULL STOP COFFEE,2910 Dundas St W None M6P 1Y8,auto_classified
10854162.0,FULL STOP COFFEE,326 Harbord St None M6G 1H1,auto_classified
10854450.0,FULL-A-FLAVOUR KITCHEN INC.,1053 Midland Ave Unit-2 M1K 4G7,auto_classified
10815194.0,FUNGO CAFE,800 King St W None M5V 3M7,auto_classified
10857364.0,FUSIA ASIAN KITCHEN,1 Eglinton Sq Unit-153 M1L 2K1,auto_classified
10821053.0,G'S ISLAND JUICERY,1205 WESTON RD None M6M 4P6,auto_classified
10778726.0,GALATA TURKISH CAFE,5122 Dundas St W None M9A 1C2,auto_classified
9005876.0,GALE'S SNACK BAR,539 EASTERN AVE None M4M 1C6,auto_classified
10787505.0,GAME NIGHT SPORTS BAR,1347 DANFORTH RD None M1J 1G7,auto_classified
10846499.0,GARLICKY MEDITERRANEAN GRILL,896 Eglinton Ave W None M6C 2B6,auto_classified
10788762.0,GATHERINGS RESTO BAR,49 St Clair Ave W None M4V 1K6,auto_classified
10833919.0,GC BURGER,1734 Lawrence Ave E None M1R 2Y1,auto_classified
10805637.0,GELATEO CAFE,189 Danforth Ave None M4K 1N2,auto_classified
10815483.0,GEMARO BAKERY,143 MAIN ST None M4E 2V9,auto_classified
10820322.0,GENERAL PUBLIC RESTAURANT,201 Geary Ave Bldg-- M6H 2C1,auto_classified
10520600.0,GEORGE BROWN - ST. JAMES CAFETERIA,200 King St E None M5A 3W8,auto_classified
10799487.0,GEORGIAN HOUSE AUTHENTIC RESTAURANT,1044 Finch Ave W None M3J 2E2,auto_classified
10839477.0,GEORGIAN HOUSE AUTHENTIC RESTAURANT,147 Spadina Ave None M5V 2L7,auto_classified
10840896.0,GG SUSHI,865 Bloor St W None M6G 1M4,auto_classified
10844748.0,GHOST KITCHEN,500 Oriole Pkwy Unit-4 M5P 2H8,auto_classified
10829645.0,GIGLI CAFE JUNCTION,3042 Dundas St W None M6P 1Z3,auto_classified
10778749.0,GINGERMAN RESTAURANT,1104 VICTORIA PARK AVE None M4B 2K3,auto_classified
10772295.0,GINO'S PIZZA,91 Rylander Blvd Unit-12 M1B 5M5,auto_classified
10827071.0,GINO'S PIZZA AND WING MCHINE,681 MARKHAM RD None M1H 2A4,auto_classified
10844086.0,GLADIATOR BURGER,1020 Islington Ave Unit-15 M8Z 6A4,auto_classified
10781002.0,GLADIATOR BURGER & STEAK,1961 Kennedy Rd None M1P 5A2,auto_classified
10835089.0,GLOBAL EATS (FOOD EMPORIUM),205 Humber College Blvd None M9W 5L7,auto_classified
10798802.0,GO GRILL,267 COLLEGE ST None M5T 1R6,auto_classified
10831049.0,GO GRILL,"6464 YONGE ST, Unit-114 None M2M 3X4",auto_classified
10794675.0,GOLDEN GECKO COFFEE,282 Jane St None M6S 3Z2,auto_classified
10819086.0,GOLDEN PIZZA GEO,1201 Broadview Ave None M4K 2T1,auto_classified
10839310.0,GOLDEN SPRING K CUISINE,4438 Sheppard Ave E Unit-211 M1S 5V9,auto_classified
10782209.0,GOLDEN STAR RESTAURANT,"1690 JANE ST, Unit-B None M9N 2S4",auto_classified
10823315.0,GOLDEN STOVE RESTAURANT,2418 Lake Shore Blvd W None M8V 1C4,auto_classified
10808102.0,GOLDENFIELD BREWERY,71 SUNRISE AVE None M4A 1A9,auto_classified
10807506.0,GOLDSTRUCK COFFEE,133 Richmond St W Unit-103 M5H 2L3,auto_classified
10775380.0,GOOD BROTHERS BBQ,478 Dundas St W None M5T 1G9,auto_classified
10800046.0,GOOD BROTHERS BBQ,472 Dundas St W None M5T 1G9,auto_classified
10808547.0,GOOD CATCH CAFE,1800 Sheppard Ave E Unit-1100 M2J 5A7,auto_classified
10777199.0,GOOD EARTH COFFEEHOUSE,8 Wellesley St E None M4Y 3B2,auto_classified
10846234.0,GOOD GANG ICE CREAM,"656 ANNETTE ST, Unit-101 None M6S 2C6",auto_classified
10829708.0,GOOD VIBES GRILL,203 Humber College Blvd None M9W 5L7,auto_classified
10823062.0,GOOD VIBES GRILL (FOOD EMPORIUM),205 Humber College Blvd None M9W 5L7,auto_classified
10808148.0,GOODIEBAG/ROYA'S CHICKEN WRAPS,556 Mount Pleasant Rd None M4S 2M6,auto_classified
10789973.0,GRABB A PIZZA,2428 Islington Ave Unit-108 M9W 3X8,auto_classified
10859153.0,GRACE BAKERY INC,208 Oakdale Rd None M3N 2S5,auto_classified
10811817.0,GRAM'S PIZZA,1640 DUPONT ST None M6P 3T2,auto_classified
10803781.0,GRAND BAZAAR TURKISH CUISINE,3354 Keele St None M3J 1L5,auto_classified
10821999.0,GRANDMA KITCHEN,416 Spadina Ave None M5T 2G7,auto_classified
10793747.0,GRAYSON'S RUSTIC BAKERY,1672 Kingston Rd None M1N 1S5,auto_classified
10823773.0,GREEDY GOOSE KITCHEN & BAR,803 King St W None M5V 1N4,auto_classified
10791005.0,GREEK TAVERNA,3080 Bloor St W None M8X 1C8,auto_classified
10781570.0,GREEN BAMBOO VIETNAMESE CUISINE,1266 BLOOR ST W None M6H 1N8,auto_classified
10858725.0,GREY MATLOCK BAKERY,1770 Albion Rd Unit-41 M9V 1C2,auto_classified
10840182.0,GRILL GATE,4907 Yonge St None M2N 5N4,auto_classified
10788605.0,GRILLIES,4905 Yonge St None M2N 5N4,auto_classified
10796436.0,GRILLIES,3075 Bloor St W None M8X 1C7,auto_classified
10847062.0,GRILLIES ON QUEEN STREET,1468 Queen St W Bldg-- M6K 1M4,auto_classified
10778648.0,GRILLWAY SUBS & BURGERS,522 Annette St None M6P 1S3,auto_classified
10832659.0,GUAC MEXI GRILL,436 Church St Unit-B M5B 2A4,auto_classified
10828101.0,GUELAGUETZA RESTAURANT & GRILL,1742 Jane St Bldg-- M9N 2S9,auto_classified
10793703.0,GUNGUN RICE NOODLE,565 Yonge St None M4Y 1Z2,auto_classified
10847711.0,GUS TACOS,1955 Queen St E None M4L 1H7,auto_classified
10780717.0,GUS TACOS,270 Browns Line None M8W 3T5,auto_classified
10798150.0,GUS TACOS,1028 Bloor St W None M6H 1M2,auto_classified
10808198.0,GUS TACOS,486 Front St W Unit-WM33 M5V 0V2,auto_classified
10850585.0,GUS TACOS,3185 Yonge St None M4N 2K9,auto_classified
10846099.0,GUWOO GRAINS NOODLES,167 Ravel Rd None M2H 1T1,auto_classified
10826093.0,GWALIA SWEETS AND RESTAURANT,1960 Ellesmere Rd Bldg-1 M1H 2V9,auto_classified
10859646.0,GYROS PIZZA FUSION,3541 St Clair Ave E None M1K 1L6,auto_classified
10798921.0,Gyodong Restaurant,694 Bloor St W None M6G 1L4,auto_classified
10814780.0,HAIDA SANDWICH,2417 Yonge St None M4P 2E7,auto_classified
10856201.0,HAILED COFFEE,112 Elizabeth St Unit-2 M5G 1P5,auto_classified
10783440.0,HAJIME JAPANESE RESTAURANT,2209 Queen St E None M4E 1E8,auto_classified
10789718.0,HAKKA COTTAGE RESTAURANT,820 Markham Rd Unit-4 M1H 2Y2,auto_classified
10804010.0,HAKKA ELEVEN ASIA AND CARIBBEAN CUISINE,2873 Lawrence Ave E Unit-2 M1P 2S8,auto_classified
10861027.0,HAKKA KHAZANA RESTAURANT,2003 Avenue Rd None M5M 4A5,auto_classified
10806382.0,HAKKA NO.1 RESTAURANT,2584 Finch Ave W None M9M 2G3,auto_classified
10840286.0,HALE COFFEE,1 Adelaide St E Unit-110 M5C 2V9,auto_classified
10821569.0,HALE COFFEE COMPANY,2149 Yonge St Unit-101 None,auto_classified
10836755.0,HAMONIÉ CAFE,55 Town Centre Crt Unit-110 M1P 4X4,auto_classified
10782820.0,HANA DON JAPANESE CUISINE,130 Dundas St W Bldg-103 M5G 1C3,auto_classified
10804256.0,HANA RAMEN,1024 Gerrard St E None M4M 1Z5,auto_classified
10863377.0,HAPPY BURGER,689 Queen St E None M4M 1G6,auto_classified
10840610.0,HARBOUR CASTLE - MAIN KITCHEN,1 Harbour Sq None M5J 1A6,auto_classified
10822548.0,HARBOUR COFFEE BAR,1 Harbour Sq None M5J 1A6,auto_classified
10843321.0,HARBOURFRONT CAFE 2025,1 YONGE ST None M5E 1E5,auto_classified
10845394.0,HARLEM RESTAURANT,745 QUEEN ST W None M6J 1G1,auto_classified
10820076.0,HARMONY HOT POT,"633 SILVER STAR BLVD, Unit-110-111 None M1V 5N1",auto_classified
10843184.0,HAROO KOREAN RESTAURANT,3858 Bloor St W None M9B 1L1,auto_classified
10849480.0,HARVEST CLEAN EATS,65 Front St W None M5J 1E6,auto_classified
10787193.0,HARVEY'S,2990 Eglinton Ave E None M1J 2E7,auto_classified
10787608.0,HARVEY'S,805 The Queensway None M8Z 1N6,auto_classified
10816235.0,HARVEY'S,10 Dundas St E Unit-337 M5B 2G9,auto_classified
10836097.0,HARVEY'S,75 Hanna Ave Unit-3 M6K 3N7,auto_classified
10800580.0,HARVEY'S,2150 Bloor St W None M6S 1M8,auto_classified
10777918.0,HARVEY'S (#2250),278 Jarvis St None M5B 2C5,auto_classified
10817695.0,HATAY KEBAB HOUSE,2762 Keele St None M3M 2G2,auto_classified
10830515.0,HAY SUSHI,15-17 Spring Garden Ave Unit-4-5 M8Z 3W8,auto_classified
10828491.0,HAYAL KURDISH CIGKOFTE RESTAURANT,860 Wilson Ave None M3K 1E5,auto_classified
10830512.0,HAYMISHE BAKERY,3031 BATHURST ST None M6B 3B5,auto_classified
10806595.0,HAZEL'S DINER,3401 Yonge St None M4N 2M8,auto_classified
10817357.0,HEATHER'S KITCHEN,2700 Dufferin St Unit-13 M6B 4J3,auto_classified
10828729.0,HEFFY'S FRIED CHICKEN,1054 Kingston Rd None M1N 1N4,auto_classified
10801014.0,HELLO WINGS + PIZZA,585 Middlefield Rd Unit-18 M1V 4Y5,auto_classified
10854019.0,HEM KITCHEN & CAFE,4401 Sheppard Ave E None M1S 1T9,auto_classified
10807112.0,HERMIE'S DINER,1595 Bayview Ave None M4G 3B5,auto_classified
10829323.0,HERO BURGERS,318 Burnhamthorpe Rd None M9B 2A1,auto_classified
10789000.0,HERO CERTIFIED BURGERS,1397 YONGE ST None M4T 1Y4,auto_classified
10791787.0,HERO CERTIFIED BURGERS,720 King St W Unit-150 M5V 2T3,auto_classified
10844550.0,HERO CERTIFIED BURGERS,6015 Steeles Ave E Unit-103 None,auto_classified
10850423.0,HERO CERTIFIED BURGERS,77 WELLESLEY ST E None M4Y 1H7,auto_classified
10779656.0,HERO TEA,5285 Yonge St None M2N 5R3,auto_classified
10803780.0,HERO TEA,670 Yonge St None M4Y 2A6,auto_classified
10804884.0,HERON RESTAURANT,"3008 BLOOR ST W, Unit-A None M8X 1C2",auto_classified
10839066.0,HEY TEA,3290 Midland Ave Unit-9 M1V 3Z9,auto_classified
10775638.0,HIGH NOTES COFFEE + VINYL,2057 Dundas St W None M6R 1W8,auto_classified
10844199.0,HIGHLY LIKELY COFFEE,1189 Queen St W 5 M6J 1J4,auto_classified
10854283.0,HIN SUSHI CHANXIAOGUAN,5661 Steeles Ave E Unit-5 M1V 5P6,auto_classified
10799438.0,HITOTOKI BAKERY,25 Carlton St Unit-D M5B 1L2,auto_classified
10784479.0,HIYA SCONE & COFFEE,1389 Dundas St W None M6J 1Y4,auto_classified
10835355.0,HOKKAIDO RAMEN SANTOUKA,3280 Midland Ave Unit-23 M1V 4W9,auto_classified
10780592.0,HOKUBU RAMEN,2250 Queen St E None M4E 1G2,auto_classified
10836859.0,HOLI TACO,1636 Queen St E Unit-A M4L 1G3,auto_classified
10818964.0,HOLMPEI CAFE  BISTRO,122 Dundas St W Bldg-1 M5G 1C3,auto_classified
10852772.0,HOMESTRETCH (HOOF BEATS) KITCHEN,555 REXDALE BLVD None M9W 7G3,auto_classified
10852774.0,HOMESTRETCH BAR,555 Rexdale Blvd None M9W 7G3,auto_classified
10852773.0,HOMESTRETCH GRILL,555 Rexdale Blvd None M9W 7G3,auto_classified
10811390.0,HONESTLY GOOD CHICKEN FINGERS,486 Front St W Unit-WM26 M5V 0V2,auto_classified
10824095.0,HONESTLY GOOD CHICKEN FINGERS,25 The West Mall Bldg-26 M9C 1B8,auto_classified
10832239.0,HONEYS ICE CREAM,"46 NOBLE ST, Unit-107 None M6K 2C9",auto_classified
10856752.0,HONGKONG NOODLE,30 Eglinton Ave E None M4P 1A6,auto_classified
10852993.0,HOOPS SPORTS BAR & GRILL,131 Bremner Blvd None M5J 3A7,auto_classified
10782763.0,HOT HOT RICE NOODLE,183 Dundas St W None M5G 1C7,auto_classified
10854896.0,HOT POT CARIBBEAN CUISINE,98 Crockford Blvd Rm-98 M1R 3C3,auto_classified
10799361.0,HOT POT RESTAURANT,1545 Eglinton Ave W None M6E 2G7,auto_classified
10824150.0,HOTEL X - CAFE X - 2ND FL,111 Princes Blvd None M6K 3C3,auto_classified
10824149.0,HOTEL X - ROOM SERVICES KITCHEN,111 Princes Blvd None M6K 3C3,auto_classified
10824128.0,HOTEL X - TERRACE BAR - 4TH FL,111 PRINCES BLVD None M6K 3C3,auto_classified
10797526.0,HOU KEE CHINESE BISTRO,5 Northtown Way Unit-7 M2N 7A1,auto_classified
10844218.0,HUDA RESTAURANT,4035 Gordon Baker Rd None M1W 2P3,auto_classified
10861016.0,HUJRA RESTAURANT,805 BRIMLEY RD None M1J 1C9,auto_classified
10859597.0,HUNANESE FUSION CUISINE,"633 SILVER STAR BLVD, Unit-109 None M1V 5N1",auto_classified
10817874.0,HURRY CURRY,200 Front St W Unit-F010 M5V 3K2,auto_classified
10840198.0,HYATT REGENCY TORONTO - MAIN KITCHEN,370 King St W None M5V 1J9,auto_classified
10807879.0,HYDERABAD CAFE,2606 EGLINTON AVE E None M1K 2R9,auto_classified
10786914.0,HYPE BBQ,3330 Pharmacy Ave Unit-K M1W 3V8,auto_classified
10800212.0,IBET SUSHI,1260 BLOOR ST W None M6H 1N5,auto_classified
10814771.0,ICE CREAM ON THE ROCK,1753 Albion Rd Unit-5 M9V 1C3,auto_classified
10791410.0,ICE CREAM WAFFLES - CNE 2025 - KW,100 PRINCES BLVD None M6K 3C3,auto_classified
10816985.0,ICE CREAM'S ICE CREAM,1607 Dupont St None M6P 3S8,auto_classified
10789284.0,ICHIBAN SUSHI,1864 QUEEN ST E None M4L 1H2,auto_classified
10775580.0,ID LOVE RESTAURANT,"21 SIGNAL HILL AVE, Unit-1 None M9W 6V8",auto_classified
10844825.0,IDK SOCIAL BAR,172 OSSINGTON AVE None M6J 2Z7,auto_classified
10816000.0,IDUCKS KITCHEN,5372 YONGE ST None M2N 5R5,auto_classified
10808238.0,IF CAFE,3472 KEELE ST None M3J 3M1,auto_classified
10863325.0,IKKA RAMEN,6048 Yonge St None M2M 3W5,auto_classified
10844751.0,IKKOUSHA RAMEN YONGE/GERRARD,374 Yonge St Bldg-A M5B 1S6,auto_classified
10838282.0,IMM THAI KITCHEN,651 College St None M6G 1B7,auto_classified
10832334.0,IMPACT KITCHEN,2555 Yonge St None M4P 2H9,auto_classified
10832698.0,IMPACT KITCHEN,181 Bay St None M5J 2T3,auto_classified
10821897.0,IMPERFECT  EATS,312 Adelaide St W None M5V 1R2,auto_classified
10771306.0,IMPERFECT FRESH EATS,808 York Mills Rd Unit-A01020A M3B 1X8,auto_classified
10776972.0,IMPERFECT FRESH EATS,1108 Bay St None M5S 2Y1,auto_classified
10802814.0,IMPERFECT FRESH EATS,4841 Yonge St Unit-117A M2N 5X2,auto_classified
10804022.0,IMPERFECT FRESH EATS,153 EAST LIBERTY ST None M6K 3K4,auto_classified
10859749.0,IMPERFECT FRESH EATS,"5245 DUNDAS ST W, Unit-3 None M9B 1A5",auto_classified
10833607.0,INDIAN BIRYANI AND PARANTHA KITCHEN,"20 LOCKPORT AVE, Unit-108 None M8Z 2R7",auto_classified
10799347.0,INDRAPRASTHA INDIAN KITCHEN AND BAR,5 Baldwin St None M5T 1L1,auto_classified
10772189.0,INIYA'S KITCHEN,2985 Islington Ave None M9L 2K9,auto_classified
10816700.0,INSIEME RESTAURANT,122 ATLANTIC AVE None M6K 1X9,auto_classified
10788700.0,INSOMNIA COOKIES,85 The Pond Rd Unit-C4-130 M3J 0L7,auto_classified
10846032.0,IRINA'S DELI MARKET,562 Sheppard Ave W None M3H 2R9,auto_classified
10846508.0,ISABELLA MOCHI DONUT,2300 Yonge St Unit-S002 M4P 1E4,auto_classified
10830940.0,ISABELLA'S MOCHI DONUT BOUTIQUE,1663 Bayview Ave Unit-100 M4G 3C1,auto_classified
10808665.0,ISABELLA'S MOCHI DONUTS,486 Front St W Unit-WM49 M5V 0V2,auto_classified
10812929.0,ISABELLA'S MOCHI DONUTS,65 Front St W None M5J 1E6,auto_classified
10790143.0,ISLAND BREEZE AUTHENTIC JAMAICAN RESTAURANT,34 NELSON ST None M1J 2V3,auto_classified
10841025.0,ISLAND CAFE,45 CHANNEL AVE None M5J 1Y4,auto_classified
10788287.0,ISSAI JAPANESE EATERY,101 ESTHER SHINER BLVD None M2K 0C3,auto_classified
10825040.0,ISTANBUL CAFE 34,2801 Keele St Unit-106 M3M 2G6,auto_classified
10796975.0,ISTANBUL KEBAB HOUSE,90 Eglinton Ave E Unit-101 M4P 2Y3,auto_classified
10857820.0,ITS TEA,102 Peter St None M5V 2G7,auto_classified
10841144.0,IVY. COFFEE SHOP,109 Queens Quay  W None M5J 2T5,auto_classified
10815531.0,Islington Golf Club-Bar,45 RIVERBANK DR None M9A 5B8,auto_classified
10833020.0,J & T JAMAICAN RESTAURANT,1935 Weston Rd None M9N 1W7,auto_classified
10766388.0,J SAN SUSHI & MARKET,3365 Steeles Ave E Unit-B01 M2H 0A7,auto_classified
10831888.0,J STAR CAFE,2677 Eglinton Ave E Unit-5 M1K 2S2,auto_classified
10848123.0,JACKED UP COFFEE,120 Adelaide St W None M5H 1T1,auto_classified
10859219.0,JAMKHOU'S KITCHEN INC.,"105 VANDERHOOF AVE, Unit-8 None M4G 2H7",auto_classified
10862293.0,Four Season Cafe + Bistro,434 Dundas St W None M5T 1G7,auto_classified
10845504.0,JELLY BEAN CAKE AND DESSERT,3336 Yonge St Flr-2 M4N 2M4,auto_classified
10859307.0,JEONG'S KITCHEN,2011 Steeles Ave W Unit-J2 M3J 3N3,auto_classified
10809062.0,JEPRIMO'S BAKESHOP,153 Morningside Ave Unit-A M1E 3C8,auto_classified
10827813.0,JERSEY MIKE'S SUBS,808 York Mills Rd None M3B 1X8,auto_classified
10817499.0,JESSE JR FILIPINO RESTAURANT,1547 O'Connor Dr None M4B 2V7,auto_classified
10843609.0,JI MODERN SOUTH ASIAN GRILL,130 King St W None M5X 1K7,auto_classified
10843543.0,JIANG HU BBQ,390 Silver Star Blvd Unit-112 M1V 0G5,auto_classified
10824800.0,JIANGNAN HANDMADE DIM SUM,4750 Yonge St Unit-142 M2N 5M6,auto_classified
10782192.0,JIMBU HIMALAYAN CUISINE,1508 Queen St W None M6R 1A4,auto_classified
10830601.0,JIMMY JOHN'S SANDWICHES,197 North Queen St Bldg-C M9C 4Y1,auto_classified
10859173.0,JIMMYZ SPORTS BAR & GRILL,2041 EGLINTON AVE W None M6E 2K4,auto_classified
10854752.0,JIN SUSHI,38 Forest Manor Rd Unit-D None,auto_classified
10788652.0,JING CHINESE RESTAURANT,1634 Bayview Ave None M4G 3B7,auto_classified
10779370.0,JK PIZZA,825 Coxwell Ave Rm-FC-3 M4C 3E7,auto_classified
10798829.0,JKSON'S RESTAURANT,2811 Weston Rd None M9M 2R8,auto_classified
10830840.0,JOANNE'S DELI,234 Eglinton Ave E None M4P 1K5,auto_classified
10825740.0,JOEY RESTAURANT KING STREET,20 King St W None M5H 1C4,auto_classified
10820861.0,JOEY TURKS ISLAND GRILL,1900 Eglinton Ave E Unit-E4 M1L 2L9,auto_classified
10798203.0,JOHNSON FAMILY BAKERY,993 QUEEN ST E None M4M 1K2,auto_classified
10832586.0,JOYCE JAMAICAN EATERY,"3300 DUFFERIN ST, Unit-F None M6A 2T5",auto_classified
10799791.0,JOYOUS CHINESE CUISINE,5505 Leslie St None M2H 3N6,auto_classified
10840900.0,JU-RAKU JAPANESE RESTAURANT,2901 Bayview Ave Unit-101 M2K 1E6,auto_classified
10859198.0,JUDY'S BEACH CAFE,2188 Queen St E None M4E 1E6,auto_classified
10785231.0,JUGO JUICE,66 WELLINGTON ST W None M5X 1H6,auto_classified
10835836.0,JUGO JUICE,1886B QUEEN ST E None None,auto_classified
10832872.0,JUICY BIRDS NASHVILLE HOT CHICKEN,1877 Lawrence Ave E None M1R 2Y3,auto_classified
10832866.0,JUICY SHAWARMA & GRILL,25 Overlea Blvd Unit-8 M4H 1P9,auto_classified
10809732.0,JUJU CAFE AND BOARD GAMES,191 Dundas St W None M5G 1C7,auto_classified
10852277.0,JUST CHICKEN,1703 Bayview Ave None M4G 3C1,auto_classified
10813057.0,K BBQ,699 Bloor St W None M6G 1L5,auto_classified
10820140.0,KABABI PERSIAN CUISINE,341 Danforth Ave None M4K 1N7,auto_classified
10854035.0,KABOOM WINGS,2819 Kingston Rd None M1M 1N2,auto_classified
10782415.0,KAJUN CHICKEN & SEAFOOD,4351 Kingston Rd Unit-A M1E 2M9,auto_classified
10785849.0,KALYANI INDIAN CUISINE,"440 BRIMLEY RD, Unit-12 None M1J 1A1",auto_classified
10855926.0,KANAFANI SWEETS & COFFEE,2082 Lawrence Ave E Unit-B M1R 2Z5,auto_classified
10820990.0,KANARI RESTAURANT,491 Church St Bldg-G M4Y 2C6,auto_classified
10830059.0,KANI SUSHI,3307 Sheppard Ave E None M1T 3K2,auto_classified
10818257.0,KARACHI NIHARI & BBQ,4002 Sheppard Ave E Unit-C AND F M1S 4R5,auto_classified
10788715.0,KARAZA  SHAWARMA,1260 Kennedy Rd Unit-8 M1P 2L3,auto_classified
10802220.0,KARKUMI CAFE,4033 Gordon Baker Rd None M1W 2P3,auto_classified
10815143.0,KATA SUSHI,"140 CARLTON ST, Unit-33 None M5A 3W7",auto_classified
10840229.0,KATSU SUSHI,572 Danforth Ave None M4K 1R1,auto_classified
10813410.0,KAVA COFFEE HOUSE,100 HOWARD ST None None,auto_classified
10787276.0,KAZE SUSHI,1931 AVENUE RD None M5M 4A2,auto_classified
10832272.0,KEBAB & CO,977 O'Connor Dr None M4B 2T1,auto_classified
10853093.0,KEBAB BAZARI,839 Queen St W None M6J 1G4,auto_classified
10776183.0,KEBAB KOUNTRY,"3750 LAWRENCE AVE E, Unit-7 None M1G 1R1",auto_classified
10814149.0,KEBAB PIZZA,2371 WESTON RD None M9N 1Z8,auto_classified
10832176.0,KEBABCI SERDAR & NACI USTA,1101 Finch Ave W Unit-0 M3J 2C9,auto_classified
10846963.0,KEKO SHAWARMA,3128 Dundas St W None M6P 2A1,auto_classified
10856758.0,KEN'S HONG KONG CAFE,3833 Midland Ave Unit-10 M1V 5L6,auto_classified
10830855.0,KENSEI BAR,1173 DUNDAS ST W None M6J 1X3,auto_classified
10818710.0,KENSINGTON KITCHEN,255 Augusta Ave None M5T 2L8,auto_classified
10799240.0,KERA FRESH RESTAURANT,2741 DANFORTH AVE None M4C 1L8,auto_classified
10847791.0,KERALA BIRIYANI HOUSE (Crave Food Hub - K3) (Shared Kitchen),1275 Morningside Ave Unit-7 M1B 3W1,auto_classified
10859395.0,KETODELIA RESTAURANT,1772 DANFORTH AVE None M4C 1H8,auto_classified
10772401.0,KFC,5401 Steeles Ave W Bldg-- M9L 1R6,auto_classified
10835241.0,KFC,1928 EGLINTON AVE W None M6E 2J6,auto_classified
10842683.0,KFC,1570 Wilson Ave None M3L 1A3,auto_classified
10775303.0,KHAKI RESTAURANT,6119 Yonge St None M2M 3W2,auto_classified
10816346.0,KIBO SUSHI,2459 Yonge St None M4P 2H6,auto_classified
10830919.0,KIBO SUSHI,555 Wilson Ave Unit-E111 M3H 5Y6,auto_classified
10846228.0,KIBO SUSHI - HUMBER,106 Humber College Blvd Unit-18 M9V 4E4,auto_classified
10841477.0,KIBO SUSHI+MARKET,36 Charlotte St Unit-101 M5V 3P7,auto_classified
10845503.0,KIDULTLAND CAFE,1091 Queen St E None M4M 1K7,auto_classified
10819546.0,KING BOLZANO RISTORANTE PIZZERIA & BAR,239 Broadview Ave None M4M 2G6,auto_classified
10809597.0,KING BURRITO & JUICE BAR,2372 Lake Shore Blvd W None M8V 1B6,auto_classified
10798757.0,KING NOODLES,"3240 DUFFERIN ST, Unit-4 None M6A 2T3",auto_classified
10853639.0,KING SMOKE HOUSE BBQ,"1298 DANFORTH AVE, Unit-PATIO None M4J 1M6",auto_classified
10831323.0,KINGPIN WINGS,1708 EGLINTON AVE W None M6E 2H5,auto_classified
10817587.0,KINTON RAMEN,351 King St E #40 M5A 0L6,auto_classified
10813806.0,KINTON RAMEN 1 RICHMOND ST W INC,1 Richmond St W Unit-100 M5H 3W4,auto_classified
10830612.0,KIRB'S KITCHENETTE,2184A EGLINTON AVE W None M6E 2L1,auto_classified
10816379.0,KISH'S ROTI & DOUBLES,344 Queen St E None M5A 1S8,auto_classified
10838174.0,KISH'S ROTI & DOUBLES,278 EDDYSTONE AVE None M3N 1H7,auto_classified
10832152.0,KITAYA RAMEN,100 Yonge St Unit-Y9A M5C 2W1,auto_classified
10805974.0,KITCHEN FOOD FAIR,33 THE LINKS RD None M2P 1T7,auto_classified
10816327.0,KITCHEN FRESH PIZZA,900 DUFFERIN ST None M6H 4A9,auto_classified
10784926.0,KITCHEN MARKET,10 Queens Quay  W Unit-2 M5J 2R9,auto_classified
10800427.0,KITCHENETTE,791 BROADVIEW AVE None M4K 2P8,auto_classified
10850202.0,KNOCKOUT WINGS,198 AUGUSTA AVE None M5T 2L6,auto_classified
10856766.0,KNOT BAKERY,"105 VANDERHOOF AVE, Unit-8 None M4G 2H7",auto_classified
10776500.0,KOH SAMUI-THAI KITCHEN,513 Danforth Ave None M4K 1P5,auto_classified
10771801.0,KOHA PACIFIC KITCHEN,100 Yonge St Unit-Y10A M5C 2W1,auto_classified
10820719.0,KOKO SHARE BAR,81 Yorkville Ave None M5R 1C1,auto_classified
10830879.0,KOKORO JAPANESE SUSHI HOUSE,73 Harbord St None M5S 1G4,auto_classified
10836984.0,KOLO CAFE,365 Jane St None M6S 3Z3,auto_classified
10786982.0,KOMUGI BAKERY,"3030 DON MILLS RD E, Unit-12B None M2J 3C1",auto_classified
10831061.0,KONAK TURKISH CUISINE,2501 Victoria Park Ave Unit-3 M1T 1A1,auto_classified
10808484.0,KONG! BURGERS,"91 RYLANDER BLVD, Unit-1011 None M1B 5M5",auto_classified
10817710.0,KONG'S HOT TACOS,"28 BATHURST ST, Unit-S. LAWN None None",auto_classified
10783360.0,KONIA VIETNAMESE CUISINE,403 Roncesvalles Ave None M6R 2N1,auto_classified
10794437.0,KONSCIOUS KITCHEN,705 College St None M6G 1C2,auto_classified
10822236.0,KOREAN GRILL HOUSE,431 SPADINA AVE None M5T 2G6,auto_classified
10805395.0,KOUROSH BAKERY & FAST-FOOD,802 Sheppard Ave E None M2K 1C3,auto_classified
10849678.0,KRABI THAI CUISINE,517 Mount Pleasant Rd None M4S 2M4,auto_classified
10775815.0,KRAFT TEA,1980 St Clair Ave W None M6N 0A3,auto_classified
10832189.0,KRAFT TEA BUBBLE TEA,754 Broadview Ave None M4K 2P1,auto_classified
10842874.0,KRAVE DINER,"1690 QUEEN ST W, Bldg-* None M6R 1B3",auto_classified
10820718.0,KRISHNA'S KITCHEN,"20 LOCKPORT AVE, Unit-2 None M8Z 2R7",auto_classified
10774718.0,KRISPY KREME DOUGHNUTS,2426 Bloor St W None M6S 1P9,auto_classified
10823030.0,KRISPY KREME DOUGHNUTS,2458 Lake Shore Blvd W None M8V 1C9,auto_classified
10831360.0,KRISPY KREME DOUGHNUTS,105 Dundas St E None M5B 1E1,auto_classified
10855961.0,KRISPY KREME DOUGHNUTS,830 College St None M6G 1C8,auto_classified
10827836.0,KS2 THE HALAL STEAK & GRILL,641 Danforth Rd Bldg-A M1K 1G1,auto_classified
10779723.0,KUNG FU TEA,442 Adelaide St E None M5A 1N4,auto_classified
10794665.0,KUNG FU TEA,128 Marine Parade Dr Unit-6A M8V 0G7,auto_classified
10802663.0,KUNG FU TEA,52 ORFUS RD None M6A 1L6,auto_classified
10802931.0,KUNG FU TEA,100 St George St None M5S 3G3,auto_classified
10815834.0,KUNG FU TEA,"31 REXDALE BLVD, Unit-3108 None M9W 1P1",auto_classified
10831000.0,KUNG FU TEA,3125 Steeles Ave E Unit-B3 M2H 2H6,auto_classified
10844202.0,KUNG FU TEA,315 Danforth Ave None M4K 1N7,auto_classified
10842798.0,KURDISH BUFFET,1159 ST CLAIR AVE W None M6E 1B2,auto_classified
10848837.0,Khaas Bistro Bar,880 Ellesmere Rd None M1P 2W6,auto_classified
10856709.0,L' AVENUE BAKERY,1 Valleybrook Dr None M3B 2S7,auto_classified
10778159.0,L'AMOUR CAFE AND PASTRY,927 MOUNT PLEASANT RD None M4P 2L7,auto_classified
10834875.0,L. D PHO BANH MI NORTH YORK,750 Oakdale Rd Unit-37 M3N 2Z4,auto_classified
10851239.0,LA COCINA MEXICAN KITCHEN,10 Queens Quay  W None M5J 2R9,auto_classified
10822696.0,LA DIPERIE / JUGO JUICE,320 Richmond St E Unit-104 M5A 1P9,auto_classified
10782952.0,LA GLORIA MEXICAN COFFEE,453 Parliament St None M5A 3A3,auto_classified
10805886.0,LA PATRONA RESTAURANT AND BAR,669 College St None M6G 1B9,auto_classified
10843465.0,LA PINO'Z PIZZA,316 Painted Post Dr None M1G 2M3,auto_classified
10839867.0,LA RUMBA RESTAURANT AND LOUNGE,1363 Wilson Ave None M3M 1H7,auto_classified
10826118.0,LA SALA RESTAURANTE,1975 Queen St E None M4L 1J1,auto_classified
10852687.0,LA SANAZ GRILL,1000 Gerrard St E None M4M 3G6,auto_classified
10832148.0,LA SANI GRILL,1965 WESTON RD None M9N 1W8,auto_classified
10807404.0,LA SEN VIETNAMESE CUISINE,155 Yorkland Blvd Unit-A1 M2J 0E9,auto_classified
10847486.0,LA TAQUERIA BY MEXHICO,221 Spadina Ave None M5T 2E2,auto_classified
10807954.0,LADYBUG TAVERN,890 College St None M6H 1A3,auto_classified
10799796.0,LADYBUG WINE BAR,510 King St E Unit-7 M5A 1M1,auto_classified
10851658.0,LAL'S KITCHEN,130 Westmore Dr Unit-13 M9V 5E2,auto_classified
10794556.0,LAMBO'S DELI,1372 QUEEN ST E None M4L 1C9,auto_classified
10789566.0,LAMONT VILLAGE CAFE,2 International Blvd Unit-102 M9W 1A2,auto_classified
10810449.0,LAO LAO BAR,5 St Joseph St Unit-R5-4 M4Y 1J6,auto_classified
10838123.0,LATE NIGHT PIZZA BY ALY,3035 KINGSTON RD None M1M 1P1,auto_classified
10775300.0,LAYLAK LEBANESE CUISINE,25 Toronto St None M5C 2R1,auto_classified
10817901.0,LAZEEZ SHAWARMA,6230 Finch Ave W None M9V 0A1,auto_classified
10827212.0,LAZEEZ SHAWARMA,3260 Lake Shore Blvd W Unit-2-3 M8V 1M4,auto_classified
10835797.0,LAZEEZ SHAWARMA,573 Rogers Rd None M6M 1B7,auto_classified
10837806.0,LAZEEZ SHAWARMA,1225 Kennedy Rd Unit-B1 M1P 4Y1,auto_classified
10780591.0,LAZY SHACK/Mala Boy Restaurant,160 Mc Caul St Unit-MAIN M5T 1W4,auto_classified
10800928.0,LE BLEU COFFEE,728 St Clair Ave W None M6C 1B3,auto_classified
10851569.0,LE GOURMAND COMMISSARY KITCHEN,14 Mc Caul St Unit-204 M5T 1V6,auto_classified
10812150.0,LE JASMIN BAKERY,"1845 AVENUE RD, Unit-A None M5M 3Z4",auto_classified
10850768.0,LE PETITE CAFE,696 The Queensway Bldg-- M8Y 1K9,auto_classified
10772965.0,LEE RESTAURANT,505 Richmond St W Unit-119 M5V 1Y3,auto_classified
10794824.0,LEELA INDIAN FOOD BAR,3108 Dundas St W None M6P 2A1,auto_classified
10797461.0,LEFT FIELD BREWERY,"40 HANNA AVE, Ste-203 None None",auto_classified
10771510.0,LENA'S ROTI & DOUBLES,"4207 KEELE ST, Unit-4 None M3J 3T8",auto_classified
10832357.0,LENI POKI BUBBLE TEA & SNACKS,300 Manitoba St Unit-1 M8Y 4G6,auto_classified
10844071.0,LEO BAR AND GRILL,3081 Kingston Rd None M1M 1P1,auto_classified
10853125.0,LESLIE'S SANDWICH ROOM,969 Queen St E None M4M 1K2,auto_classified
10775057.0,LEV BAKERY,801 St Clarens Ave Unit-2 M6H 3X4,auto_classified
10840444.0,LEVANDE BAKERY & BBQ,798 Danforth Ave None M4J 1L6,auto_classified
10854284.0,LEZMA'S KITCHEN,1818 Jane St None M9N 2T3,auto_classified
10804285.0,LI'S BRAISED CHICKEN,3272 Midland Ave Unit-B118 M1V 0C7,auto_classified
10786835.0,LIBERTY PIZZERIA,657 Dundas St E None M5A 0P4,auto_classified
10836996.0,LIBERTY SHAWARMA,4K Spadina Ave None M5V 3Y9,auto_classified
10786704.0,LIL E COFFEE CAFE (CALGARY),2 St Clair Ave W Unit-107 M4V 1L5,auto_classified
10810762.0,LILI KITCHEN,287 Dundas St W None M5T 1G1,auto_classified
10830168.0,LILI'S GRILL,2795 Eglinton Ave E Unit-23 M1J 2E1,auto_classified
10772262.0,LILY DELIGHTS DIM SUM,27 Milliken Blvd Unit-D9 M1V 5H9,auto_classified
10803132.0,LILY'S CAFE & DELI,1575 Lawrence Ave W Unit-3 M6L 1C3,auto_classified
10808808.0,LION COFFEE,140 Westmount Ave None M6H 3K4,auto_classified
10829219.0,LITSEA CUISINE,3550 Victoria Park Ave None M2H 2N5,auto_classified
10838288.0,LITTLE BANGLADESH RESTAURANT,2940 Danforth Ave None M4C 1M5,auto_classified
10851076.0,LITTLE ITALY PIZZA & DELIGHTS,1093 VICTORIA PARK AVE None M4B 2K2,auto_classified
10847707.0,LITTLE MOON KITCHEN,1921 Eglinton Ave E Unit-567 M1L 2L6,auto_classified
10816983.0,LITTLE SWEET BAKERY,90 Turbine Dr Unit-16 M9L 2S2,auto_classified
10845823.0,BENTO SUSHI,585 Queen St W None M5V 2B7,auto_classified
10836718.0,LOBO'S EATERY,2450 Victoria Park Ave Unit-111 M2J 4A1,auto_classified
10851371.0,LOBSTER LEGEND NOODLE BAR,1133 Queens Plate Dr Unit-250 M9W 6K5,auto_classified
10798291.0,LOCAL PUBLIC EATERY,141 Adelaide St W None M5H 3L5,auto_classified
10839818.0,LOEI THAI KITCHEN AND BAR,640 Queen St W None M6J 1E4,auto_classified
10796157.0,LOKUM EATS,23 St Johns Rd None M6P 1T7,auto_classified
10814948.0,LOLA BAR RESTAURANT,40 Kensington Ave None M5T 2J9,auto_classified
10780776.0,LONCH SUSHI AND TERIYAKI,85 Ellesmere Rd None M1R 4B8,auto_classified
10852618.0,LONELY DINER,432 College St None M5T 1T3,auto_classified
10820210.0,LONG GUI BBQ HOUSE,2950 Birchmount Rd Unit-7A M1W 3G5,auto_classified
10772677.0,LONZO'S KITCHEN,1960 Lawrence Ave E Unit-18A M1R 2Z1,auto_classified
10847680.0,LORENZO'S PIZZERIA,852 Pape Ave None M4K 3T6,auto_classified
10799846.0,LOS COMPAS TACOS,140A Spadina Ave Unit-A 101 M5V 2L4,auto_classified
10843733.0,LOUIE COFFEE,1179 King St W None M6K 3C5,auto_classified
10804343.0,LOW BAR,1426 Bloor St W None M6P 3L5,auto_classified
10781256.0,LUCULLUS BAKERY,1800 Sheppard Ave E Unit-2107 M2J 5A7,auto_classified
10799279.0,LULU BAR,423 Wellington St W None M5V 1E7,auto_classified
10837129.0,LUMA COFFEE,516 Annette St None M6P 1S3,auto_classified
10777257.0,LUNA BAKERY,5376 Yonge St None M2N 5R5,auto_classified
10800098.0,M & A CAFE,1710 Avenue Rd None M5M 3Y6,auto_classified
10788743.0,M CHA BAR,5291 YONGE ST None M2N 5R3,auto_classified
10820058.0,M CHA BAR,2415 Yonge St None M4P 2E7,auto_classified
10831052.0,M WELLNEZZ KITCHEN,4801 Keele St Unit-60 M3J 3A4,auto_classified
10859485.0,M&D WEST INDIAN CUISINE,8 Westmore Dr Unit-F3 M9V 3Z7,auto_classified
10852352.0,M-T FISHBALL NOODLE,3272 Midland Ave Unit-B-123 M1V 0C7,auto_classified
10828453.0,MAAWAA SHAWARMA,"3308 LAKE SHORE BLVD W, Unit-5 None M8V 1M4",auto_classified
10842046.0,MABEL'S BAKERY & SPECIALTY FOODS,2755 Dundas St W None M6P 1Y4,auto_classified
10814123.0,MAC N' WINGS,3165 Markham Rd Unit-C2 M1X 0B5,auto_classified
10858869.0,MACU TEA,3250 Midland Ave Unit-G121 M1V 4W9,auto_classified
10799101.0,MADE'S KITCHEN AFRICAN CUISINE,1812 Weston Rd None M9N 1V8,auto_classified
10812551.0,MADERITE COFFEE,68 Wales Ave None M5T 1J4,auto_classified
10830447.0,MADINAH PREMIUM GRILL,3460 Danforth Ave None M1L 1E1,auto_classified
10793886.0,MADO CAFE,11 Aggie Hogg Gdns None M3C 0G5,auto_classified
10803259.0,MADRAS CURRY,178 Carlton St None M5A 2K6,auto_classified
10811447.0,MAESTRO'S GOURMET PIZZA,"899 QUEEN ST E, Unit-#2 None M4M 1J4",auto_classified
10838802.0,MAGADHI SOUTH INDIAN TRADITIONAL KITCHEN,180 Queens Plate Dr Unit A16-A18 M9W 6Y9,auto_classified
10786912.0,MAHA'S CAFE,978 QUEEN ST E None M4M 1K1,auto_classified
10396589.0,MAIN KITCHEN,205 Humber College Blvd None M9W 5L7,auto_classified
10776270.0,MAJESTIC SHAWARMA,750 Spadina Ave Unit-2 M5S 2J2,auto_classified
10781798.0,MAKER PIZZA,1674 Bayview Ave None M4G 3C3,auto_classified
10836515.0,MAMA'S GREEK CUISINE,1881 Leslie St Unit-B M3B 2M3,auto_classified
10827830.0,MAMMA'S PIZZA,1627 BAYVIEW AVE None M4G 3B5,auto_classified
10836724.0,MAMMA'S PIZZA,249 Queens Quay  W None M5J 2N5,auto_classified
10838723.0,MAMMA'S PIZZA,129 Yonge St Unit-A M5C 1W4,auto_classified
10835184.0,MANCHU WOK,100 Yonge St Unit-Y11A M5C 2W1,auto_classified
10804244.0,MANCINI KITCHEN,1400 Don Mills Rd None M3B 3N1,auto_classified
10790987.0,MANG JOSE RESTAURANT,3543 BATHURST ST None M6A 2C7,auto_classified
10817878.0,MANGAL KEBAB HOUSE,1585 Warden Ave Unit-3-4 M1R 2S9,auto_classified
10814114.0,MANGO LIKE DESSERTS,"328 PASSMORE AVE, Unit-9 None M1V 5J5",auto_classified
10829488.0,MANNING CANNING KITCHEN,105 Vanderhoof Ave Unit-8 M4G 2H7,auto_classified
10863872.0,MAPLE FIRE RESTAURANT,1571 Sandhurst Crcl Unit-203 M1V 1V2,auto_classified
10778245.0,MARATHON CAFE,"28 FINCH AVE W, Unit-111 None M2N 2G7",auto_classified
10800968.0,MARATHON CAFE,30 Isabella St None M4Y 1N1,auto_classified
10785042.0,MARINA CAFE BY ERGYS,475 Unwin Ave OUTER MARINA M4M 3M2,auto_classified
10831372.0,MARIO PIZZA KITCHEN,355 Pitfield Rd Bldg-1 M1S 3E5,auto_classified
10782023.0,MARTIN ESPRESSO BAR,1421 Bloor St W None M6P 3L4,auto_classified
10775723.0,MARTIN'S BAKERY,2761 Markham Rd Unit-15 M1X 1M4,auto_classified
10829604.0,MARU SUN JAPANESE RESTAURANT INC,3555 Kingston Rd None M1M 3W4,auto_classified
10794024.0,MARY BROWN'S CHICKEN,1320 Queen St W None M6K 1L4,auto_classified
10797916.0,MARY BROWN'S CHICKEN,2151 St Clair Ave W Unit-102A M6N 1K5,auto_classified
10780743.0,MASA DELI,985 Dovercourt Rd None M6H 2X6,auto_classified
10847901.0,MASA DELI,954 Queen St E None M4M 1J7,auto_classified
10771340.0,MASCOT BREWERY,37 Advance Rd None M8Z 2S6,auto_classified
10831156.0,MASSAWA RESTAURANT,1610 Eglinton Ave W None M6E 2G8,auto_classified
10847837.0,MASTER PIZZERIA,436 Dawes Rd None M4B 2E8,auto_classified
10588796.0,MAX CAFE BAR & GRILL,1515 Birchmount Rd Unit-8 M1P 2G7,auto_classified
10796295.0,MAZZA KEBAB AND GRILL,"2737 KEELE ST, Unit-27 None M3M 2E9",auto_classified
10859851.0,MC MAN PIZZA,2116 DANFORTH AVE None M4C 1J9,auto_classified
10774419.0,MCDONALD'S,1305 Lawrence Ave W Unit-340 M6L 1A5,auto_classified
10776703.0,MCDONALD'S,4435 Kingston Rd None M1E 2N6,auto_classified
10793222.0,MCDONALD'S,1571 Sandhurst Crcl None M1V 1V2,auto_classified
10794687.0,MCDONALD'S,65 Front St W Bsmt-CRU472/470 M5J 1E6,auto_classified
10821482.0,MCDONALD'S,25 Carrier Dr None M9W 6J1,auto_classified
10830841.0,MCDONALD'S,2020 Jane St None M9N 2V3,auto_classified
10859519.0,MCDONALD'S,19 Bathurst St Unit-B M5V 0N2,auto_classified
10861111.0,MCDONALD'S,298 Spadina Ave None M5T 2E7,auto_classified
10861234.0,MCDONALD'S,5995 Steeles Ave E None M1V 5P7,auto_classified
10854155.0,MCDONALDS,127 Church St None M5C 2G5,auto_classified
10784996.0,MEATY EATS,2288 Bloor St W None M6S 1N9,auto_classified
10859595.0,MEGA KEBAB STAKE HOUSE,730 Wilson Ave None M3K 1E2,auto_classified
10807826.0,MEHFIL SHAWARMA & KATHI ROLL,"4286 KINGSTON RD, Unit-1 None M1E 2M8",auto_classified
10805510.0,MEHFILL INDIAN CUISINE,2590 Yonge St None M4P 2J3,auto_classified
10815050.0,MEHMAN RESTAURANT,2789 DANFORTH AVE None M4C 1L9,auto_classified
10819585.0,MEL'S BAKERY,996 Dovercourt Rd None M6H 2X5,auto_classified
10833002.0,MELEWA BAKERY,21 Trojan Gt Unit-7 M1V 1T2,auto_classified
10805206.0,MENALON BAKERY,811 St Clair Ave W None M6C 1B9,auto_classified
10854492.0,MERYEM HANIM'S TURKISH BREAKFAST CAFE,3200 Dufferin St Unit-21 M6A 3B2,auto_classified
10828932.0,MESOBS RESTAURANT INC.,685 Lansdowne Ave None M6H 3Y9,auto_classified
10841116.0,METANOIA CAFE AND DESSERTS BAR,116 Marine Parade Dr None M8V 0B7,auto_classified
10862129.0,MEXI-PAK TACOS,417 SPADINA AVE None M5T 2G6,auto_classified
10840798.0,MEXOLOGY KITCHEN,1891 Eglinton Ave W Bldg-1 M6E 2J5,auto_classified
10816719.0,MICHEL'S BAKERY CAFE,100 King St W Unit-CS04 CN131 M5X 1K7,auto_classified
10826584.0,MICHEL'S BAKERY CAFE,3401 Dufferin St Unit-33A M6A 2T9,auto_classified
10817598.0,MIDERS KITCHEN AND BAR,1370 Birchmount Rd Unit-1 M1P 2E3,auto_classified
10799486.0,MIDORI RAMEN,5313 Yonge St None M2N 5R4,auto_classified
10831036.0,MIDORI RAMEN,3401 Dufferin St Unit-FC14 M6A 2T9,auto_classified
10771395.0,MIDWAY COFFEE SHOP,2340 Dundas St W Unit-G11 M6P 4A9,auto_classified
10823889.0,MIKAKU UDON BAR,229 Carlton St None M5A 2L2,auto_classified
10815975.0,MILESTONES,218 Yonge St Unit-YG-19 M5B 2H6,auto_classified
10803729.0,MIO SUSHI-ARIA SUSHI,626 Queen St W Unit-626 M6J 1E4,auto_classified
10858038.0,MISC COFFEE,299 Ossington Ave None M6J 3A1,auto_classified
10855333.0,MISS Q BBQ CHINESE RESTAURANT,4186 Finch Ave E Unit-22 M1S 4T5,auto_classified
10774618.0,MITFAR ART CAFE GALLERY,1098 Yonge St None M4W 2L6,auto_classified
10829215.0,MITZIES JERK KITCHEN,"20 LOCKPORT AVE, Bldg-119 None M8Z 2R7",auto_classified
10804275.0,MIZU OMAKASE SUSHI,"3720 MIDLAND AVE, Unit-112 None M1V 4V3",auto_classified
10816975.0,MIZZICA GELATERIA & CAFE,2375 Yonge St None M4P 2C8,auto_classified
10851088.0,MJ CURRY KITCHEN AND SHAWARMA,278 George St None None,auto_classified
10843209.0,MOCHA BAR AND CUISINE,1290 DANFORTH AVE None M4J 1M6,auto_classified
10799839.0,MOFER COFFEE,132 QUEENS QUAY E None M5A 3Y5,auto_classified
10825960.0,MOFER COFFEE,65 Front St E None M5E 1B5,auto_classified
10851986.0,MOFER COFFEE,55 University Ave None M5J 2H7,auto_classified
10803405.0,MOGOUYAN HAND PULLED NOODLE,354 Queen St W None M5V 2A2,auto_classified
10812096.0,MOJO CAFE,715 The Queensway None M8Y 1L2,auto_classified
10850243.0,MOLA CAFE,822 Dundas St W None M6J 1V3,auto_classified
10776842.0,MOLKAGTEZ MEXICAN CUISINE,1263 Queen St W None M6K 1L5,auto_classified
10832096.0,MOLLY TEA,604 Yonge St None M4Y 1Z3,auto_classified
10830113.0,MOM'S BISTRO,"1921 EGLINTON AVE E, Ste-526-527 None M1L 2L6",auto_classified
10805431.0,MOMENTS CAFE,904 Dundas St W None M6J 1W1,auto_classified
10822315.0,MOMO COFFEE,4714 Yonge St Flr-2 M2N 5M4,auto_classified
10772366.0,MONKEY SUSHI,75 Eglinton Ave E None M4P 2Z9,auto_classified
10772676.0,MONKEY SUSHI,461 Danforth Ave None M4K 1P1,auto_classified
10797110.0,MONKEY SUSHI,4632 Yonge St None M2N 5M1,auto_classified
10803862.0,MONKEY SUSHI,1121 Castlefield Ave None M6B 1E8,auto_classified
10848431.0,MONKEY SUSHI,2183 Lake Shore Blvd W Unit-LS5 M8V 1A1,auto_classified
10863898.0,MONKEY SUSHI,1396 Don Mills Rd Unit-B110 M3B 2X4,auto_classified
10834353.0,MONKEY SUSHI - HIGH PARK,3080 Dundas St W None M6P 1Z8,auto_classified
10858112.0,MONTANA'S BBQ & BAR,65 Skyway Ave Unit-15 M9W 6C7,auto_classified
10781241.0,MONTE BAKERY,499 Runnymede Rd None M6S 2Z6,auto_classified
10773543.0,MONTE BIANCO ITALIAN CUISINE,1201 Bloor St W None M6H 1N4,auto_classified
10833612.0,MOON TING HONG BBQ,3290 Midland Ave Unit-11 M1V 3Z9,auto_classified
10853985.0,MORE THAN NOODLES,1 Byng Ave None M2N 0E6,auto_classified
10792650.0,MORNING PARADE COFFEE BAR,256 Crawford St None M6J 2V8,auto_classified
10818796.0,MORTREE ONLINE GROCERIES DELIVERY INC,"585 MIDDLEFIELD RD, Unit-31-33 None M1V 4Y5",auto_classified
10777130.0,MOS MOS COFFEE,1 University Ave Unit-100 M5J 2P1,auto_classified
10803854.0,MOS MOS COFFEE,33 BLOOR ST E None M4W 3H1,auto_classified
10809918.0,MOS MOS COFFEE,200 Front St W Unit-CO14 M5V 3K2,auto_classified
10793179.0,MOSES FRESH JUICE AND SMOOTHIE,356 OAKWOOD AVE None M6E 2W2,auto_classified
10825870.0,MOTHER INDIA EAST INDIAN ROTI,2542 St Clair Ave W Unit-MAIN M6N 1L7,auto_classified
10828911.0,MOTHER INDIA ROTI,1422 Queen St W None M6K 1L9,auto_classified
10840023.0,MR GREEK,333 Bremner Blvd None M5V 3V3,auto_classified
10840079.0,MR GREEK,855 Milner Ave None M1B 5N6,auto_classified
10798177.0,MR KANE NATRUAL JUICES EXOTIC FRUITS,2829 Weston Rd Unit-2835 M9M 2S1,auto_classified
10794316.0,MR PUFFS DESSERT BAR,1557 The Queensway Bldg-6 M8Z 1T8,auto_classified
10816543.0,MR SINGH 'S PIZZA,982 Albion Rd None M9V 1A7,auto_classified
10817328.0,MR YES NOODLE HOUSE,456 Spadina Ave None M5T 2G8,auto_classified
10859134.0,MR. BIRYANI,2598 Birchmount Rd None M1T 2M5,auto_classified
10777661.0,MR. PUFFS DESSERT BAR,255 Morningside Ave Unit-B8 M1E 3E6,auto_classified
10796799.0,MR. PUFFS DESSERT BAR,3155 Markham Rd Unit-D4 M1X 0B5,auto_classified
10803030.0,MR. PUFFS DESSERT BAR,45 Gunns Rd Unit-L102 M6N 4X9,auto_classified
10815305.0,MR. SINGH'S PIZZA,1780 Markham Rd None M1B 2W2,auto_classified
10837586.0,MR. SINGH'S PIZZA,3019 Lake Shore Blvd W None M8V 1K2,auto_classified
10860861.0,MR. SINGH'S PIZZA,6640 Finch Ave W None M9W 0B3,auto_classified
10832897.0,MRS. SUTHERLAND'S COOKIES,65 SKYWAY AVE None M9W 6C7,auto_classified
10854137.0,MS INASAL CHARCOAL GRILL CHICKEN,2231 Jane St Unit-1 M3M 1A5,auto_classified
10828119.0,MS PHO SAIGON,4002 Sheppard Ave E Unit-101 M1S 4R5,auto_classified
10804467.0,MTCC - NORTH KITCHEN STORE ROOM,255 Front St W None M5V 2W6,auto_classified
10800424.0,MUAY THAI BAR & RESTAURANT,325 Queen St W None M5V 2A4,auto_classified
10777906.0,MUCHO BURRITO,6714 Kingston Rd Unit-1 M1B 1G8,auto_classified
10807527.0,MUCHO BURRITO,2061 Steeles Ave W Unit-J01A M3J 3N3,auto_classified
10859256.0,MUJI - ARTLY COFFEE,486 Front St W Unit-LG11 M5V 0V2,auto_classified
10774860.0,MUMBAIKAR INDIAN RESTAURANT,3393 Yonge St None M4N 2M8,auto_classified
10791493.0,MUMMA'S KITCHEN,2310 Eglinton Ave E None M1K 2M2,auto_classified
10797159.0,MUNNI'S KITCHEN,"750 BIRCHMOUNT RD, Rm-45 None M1K 5H7",auto_classified
10850848.0,MURPHY GREENS FAMILY JUICERY,1427 Kingston Rd None M1N 1R4,auto_classified
10837283.0,MUSE BISTRO & BAR,203 Jarvis St None M5B 2C1,auto_classified
10813780.0,MY INNER CHILD PAINT BAR STUDIO,2725 YONGE ST None M4N 2H8,auto_classified
10798199.0,MY ROTI PLACE,1574 Bayview Ave None M4G 3B7,auto_classified
10819471.0,MY ROTI PLACE / MY DOSA PLACE,1571 Sandhurst Crcl None M1V 1V2,auto_classified
10787852.0,MY ROTI PLACE/MY DOSA PLACE,255 Morningside Ave Unit-H7 M1E 3E6,auto_classified
10790171.0,MY ROTI PLACE/MY DOSA PLACE,901 King St W None M5V 3H5,auto_classified
10803190.0,MY ROTI PLACE/MY DOSA PLACE,70 WESTON RD None M6N 0A7,auto_classified
10803077.0,MYEONGDONG GYOZA KALGUKSU KOREAN RESTAURANT,467 Bloor St W None M5S 1X9,auto_classified
10792883.0,Mayil Coffee,870 College St None M6H 1A3,auto_classified
10857873.0,NAARI THAI BBQ,501 College St None M6G 1A5,auto_classified
10811199.0,NABULU COFFEE,6 St Joseph St None M4Y 1J7,auto_classified
10824310.0,NAFAQO RESTAURANT SHAWARMA AND MORE,2011 Lawrence Ave W None M9N 3V3,auto_classified
10811983.0,NAIJA EATERY,500 Rexdale Blvd None M9W 6K5,auto_classified
10854712.0,NAIJAA RESTAURANT-FINE AFRICAN CUISINE,2300 Finch Ave W Unit-54-55 M9M 2Y3,auto_classified
10855524.0,NAIMAS ASIAN FUSION CAFE,2186 DANFORTH AVE None M4C 1K3,auto_classified
10849357.0,NAKWON KISA RESTAURANT,4895 Yonge St None M2N 5N4,auto_classified
10827938.0,NAMASTE INDIA INDIAN CUISINE,606 Bloor St W None M6G 1K4,auto_classified
10852816.0,NAMASTE PAVILION RESTAURANT,4438 Sheppard Ave E Unit-201 M1S 5V9,auto_classified
10838555.0,NAMASTE TIBETAN KITCHEN,1427 Queen St W None M6K 1M3,auto_classified
10792786.0,NANG SAIGON RESTAURANT,450 Bloor St W None M5S 1X8,auto_classified
10626371.0,NANTANA THAI FOOD & DESSERTS,707 Dundas St W Unit-3B M5T 2W6,auto_classified
10774417.0,NARCOS TACOS,2072 Lawrence Ave E None M1R 2Z5,auto_classified
10775105.0,NASIB'S SHAWARMA AND FALAFEL,1867 Lawrence Ave E None M1R 2Y3,auto_classified
10815308.0,NATIONAL BAKERY & PASTRY,812 College St None M6G 1C8,auto_classified
10859484.0,NATURAL JUICE,8 Westmore Dr Unit-N10 M9V 3Z7,auto_classified
10843306.0,NAVE KITCHEN,19 Trinity Sq None None,auto_classified
10786544.0,NAVRANG JUNCTION - EXPRESS INDIAN CAFE,874 MARKHAM RD None M1H 2Y2,auto_classified
10775297.0,NBA COURTSIDE RESTAURANT,15 Queens Quay  E Unit-101 M5E 0C5,auto_classified
10793450.0,NENE CHICKEN,124 Chestnut St None M5G 1R3,auto_classified
10794411.0,NEO COFFEE BAR,61 Spadina Ave None M5V 2J2,auto_classified
10806116.0,NEO COFFEE BAR,130 King St W None M5X 1K7,auto_classified
10827906.0,NEO COFFEE BAR,12 GLOUCESTER ST None M4Y 1L5,auto_classified
10839743.0,NEPAL INDIA CURRY HOUSE,167 Roncesvalles Ave None M6R 2L3,auto_classified
10787516.0,NETTE'S CAFE,276 Wilson Ave Unit-0 M3H 1S8,auto_classified
10829134.0,NETTE'S CAFE,1646 Victoria Park Ave Unit-6 M1R 1P7,auto_classified
10820350.0,NEW BITE INDIAN CUISINE,744 Browns Line None M8W 3W1,auto_classified
10786922.0,NEW CANTON KITCHEN,633 Silver Star Blvd Unit-F5 M1V 5N1,auto_classified
10840005.0,NEW DA FU SEAFOOD CUISINE,5651 Steeles Ave E Unit-1-5 M1V 5P6,auto_classified
10776329.0,NEW JAZEERA CAFE,2007 Lawrence Ave W Unit-26 M9N 3V1,auto_classified
10820040.0,NEW THAI LIME RESTAURANT,1551 DUPONT ST None M6P 3S5,auto_classified
10787486.0,NEW YORK FRIES,3401 Dufferin St Unit-FC10 M6A 2T9,auto_classified
10791815.0,NEW YORK FRIES,900 Dufferin St None M6H 4A9,auto_classified
10806819.0,NICAROMA CAFE,357 Oakwood Ave None M6E 2W1,auto_classified
10829437.0,NICHIBAN SUSHI 4 U,3517 Kennedy Rd Unit-3 M1V 4Y3,auto_classified
10800726.0,NICKEL BROOK BREWING CO.,1589 The Queensway Unit-3 M8Z 5W9,auto_classified
10816912.0,NICOCA RAMEN,385 Silver Star Blvd None M1V 0E3,auto_classified
10832795.0,NIGERIA PALACE RESTAURANT,"1847 LAWRENCE AVE E, Bldg-1 None M1R 2Y3",auto_classified
10773840.0,NIJI JAPANESE RESTAURANT,1095 Ellesmere Rd None M1P 2W9,auto_classified
10810093.0,NINE TO FIVE EATS,4002 Sheppard Ave E Unit-104A M1S 4R5,auto_classified
10841031.0,NITRO ESPRESSO BAR CORP,20 BERMONDSEY RD None M4B 1Z5,auto_classified
10835711.0,NIUMA COFFEE- Basement Food Court,222 Spadina Ave Unit-28 M5T 3B3,auto_classified
10818829.0,NO CAP WINGS,4915 Steeles Ave E None M1V 4Z3,auto_classified
10815870.0,NOBU HOTEL AND RESTAURANT TORONTO,15 MERCER ST None M5V 1H2,auto_classified
10832818.0,NOLA EATERY & BAR,1161 Queen St E None M4M 1L3,auto_classified
10848851.0,NONNI CAFE AND BAKERY,430 King St W Bldg-4 M5V 1L5,auto_classified
10807517.0,NOODLEBOX,2295 Sheppard Ave W Unit-5 M9M 2X8,auto_classified
10848185.0,NORM & LENORE CHOCOLATE CAFE,2743 Dundas St W None M6P 1Y1,auto_classified
10768615.0,NORTH OF BROOKLYN PIZZERIA,1728 Avenue Rd None M5M 3Y6,auto_classified
10831679.0,NORTH OF BROOKLYN PIZZERIA,"1180 THE QUEENSWAY, Bldg-= None M8Z 1R5",auto_classified
10810338.0,NUTMENTO CARIBBEAN GRILL,936 GERRARD ST E None M4M 1Z2,auto_classified
10831756.0,New Nanthu's Kitchen,80 Nashdene Rd Unit-56 M1V 5E4,auto_classified
10846303.0,Noodle Box,3014 Bloor St W Unit-Rear M8X 1C4,auto_classified
10786167.0,OBQ BURGERS,602 Browns Line None M8W 3V5,auto_classified
10796774.0,OEB BREAKFAST CO.,20 Toronto St None M5C 2B8,auto_classified
10787990.0,OGUZ UYGHUR CUISINE,1110 Finch Ave W Unit-35A M3J 2T2,auto_classified
10776347.0,OHIRU CAFE,370 College St None M5T 1S6,auto_classified
10856601.0,OKLAHOMA BURGERS,762 Yonge St None M4Y 2B6,auto_classified
10845365.0,OL SKOOL SLICE PIZZA AND WINGS,2965 Islington Ave Unit-1 M9L 2K8,auto_classified
10791404.0,OLD.K CHICKEN BURGERS,310 College St None M5T 1S3,auto_classified
10771776.0,OLIVER COFFEE BAR,"852 PAPE AVE, Unit-3 None M4K 3T6",auto_classified
10844243.0,OM MA JOHN'S PIZZA & THAI EXPRESS,162 Main St None M4E 2V8,auto_classified
10840808.0,OMA'S GERMAN BAKERY,2182 DUNDAS ST W None M6R 1X3,auto_classified
10853429.0,OMAI RICE BAR,21 Baldwin St None M5T 1L1,auto_classified
10787594.0,OMNI NOODLE,1800 Sheppard Ave E Unit-1103 M2J 5A7,auto_classified
10792749.0,OMNI NOODLE,115 Haynes Ave Unit-20 None,auto_classified
10817202.0,ON BAKE,5 Northtown Way Unit-14 M2N 7A1,auto_classified
10861763.0,ONE STAR BAR,538 Queen St W None M5V 2B5,auto_classified
10789070.0,ONO PIZZA,581 PAPE AVE None M4K 3R5,auto_classified
10803777.0,ONO POKE BAR,1353 St Clair Ave W None M6E 1C5,auto_classified
10794508.0,OOPS ICE CREAM,261 Coxwell Ave None M4L 3B5,auto_classified
10808212.0,ORFUS WRAP & GRILL,3240 Dufferin St Unit-3 M6A 2T3,auto_classified
10809954.0,ORGANIC PRESS CAFE,708 Annette St None M6S 2E2,auto_classified
10836498.0,ORIGINAL SHAWARMA,1795 Victoria Park Ave None M1R 1T2,auto_classified
10789592.0,ORO CAFE & EATERY,2377 QUEEN ST E None M4E 1H2,auto_classified
10832448.0,OROSI CAFE,350 SHEPPARD AVE E None M2N 3B4,auto_classified
10851017.0,ORUMA MULTI CUISINE BISTRO,80 Ellesmere Rd Unit-5-6 M1R 4C2,auto_classified
9011420.0,OSGOODE HALL-CAFETERIA,130 Queen St W Unit-1 M5H 2N5,auto_classified
10775093.0,OSMOW'S,605 Rogers Rd Unit-B4 M6M 1B9,auto_classified
10789528.0,OSMOW'S,120 Adelaide St W Unit-FC6 M5H 1T1,auto_classified
10796874.0,OSMOW'S,1 Dundas St W Unit-F19 M5G 1Z3,auto_classified
10809737.0,OSMOW'S,145 Silver Reign Dr Unit-1103 M9W 0G5,auto_classified
10815613.0,OSMOW'S,165 East Liberty St None M6K 3K4,auto_classified
10844932.0,OSMOW'S,2439 Yonge St None M4P 2E7,auto_classified
10862473.0,OSMOW'S,1395 Yonge St None M4T 1Y4,auto_classified
10863460.0,OSMOW'S,2406 Bloor St W None M6S 1P9,auto_classified
10794594.0,OSMOW'S  (inside Market Place),1265 MILITARY TRL None M1C 1A4,auto_classified
10818206.0,OSMOW'S GRILL,351 College St None M5T 1S5,auto_classified
10822560.0,OSMOW'S SHAWARMA,1 William Kitchen Rd Unit-A5 M1P 5B7,auto_classified
10839656.0,OSMOW'S SHAWARMA,3025 Kingston Rd None M1M 1P1,auto_classified
10776995.0,OSMOWS,1780 Markham Rd Unit-110 M1B 2W2,auto_classified
10823593.0,OSMOWS,215 Queens Quay  E None M5A 0R6,auto_classified
10796953.0,OSPREY CAFE,1714 Queen St W None M6R 1B3,auto_classified
10831780.0,OSSTF CAFETERIA & CAFE,60 Mobile Dr None M4A 2P3,auto_classified
10792653.0,OUT OF THIS WORLD CAFE ON QUEEN,1051 Queen St W Unit-4 M6J 1H3,auto_classified
10782071.0,OYABONG SUSHI,1976 Queen St E None M4L 1H8,auto_classified
10806498.0,PABLO'S COFFEE HOUSE,32 Clock Tower Rd Bldg-H1 M3C 0G2,auto_classified
10808905.0,PADMA RESTAURANT INC,3020 Danforth Ave None M4C 1M7,auto_classified
10851302.0,PAGING AFRICAN KITCHEN & LOUNGE,8 Westmore Dr Unit-N9 M9V 3Z7,auto_classified
10805301.0,PANAGO PIZZA,120 Lynn Williams St Unit-104 M6K 3N6,auto_classified
10848612.0,PANAGO PIZZA,2224 Lake Shore Blvd W None None,auto_classified
10782630.0,PANCHO'S BAKERY,235 Augusta Ave None M5T 2M1,auto_classified
10843289.0,PANDA BUBBLE TEA & POKE BAR,4750 Yonge St Unit-164 M2N 5M6,auto_classified
10834882.0,PANG'S BBQ,"19B FINCH AVE W, Unit-B None M2N 7K4",auto_classified
10828364.0,PANGEA HOT POT,390 Silver Star Blvd Unit-132-137 M1V 0G5,auto_classified
10802647.0,PANPAN NOODLE BAR,"390 SILVER STAR BLVD, Unit-42 None M1V 0G5",auto_classified
10843964.0,PANTHEON RESTAURANT,407 Danforth Ave None M4K 1P1,auto_classified
10845529.0,PAPA JOHN PIZZA,538 EGLINTON AVE W None M5N 1B4,auto_classified
10802517.0,PAPA JOHN'S PIZZA,200 Dundas St E Unit-194B M5A 4R6,auto_classified
10860356.0,PAPA JOHN'S PIZZA,2244 Kingston Rd None M1N 1T9,auto_classified
10791200.0,PAPA JOHNS PIZZA,1269 College St Unit-1 M6H 1C5,auto_classified
10803651.0,PAPA JOHNS PIZZA,423 Wilson Ave None M3H 1T5,auto_classified
10813964.0,PAPA'S BURGER,1165 ST CLAIR AVE W None M6E 1B2,auto_classified
10798341.0,PAPE VILLAGE ORIGINAL GREEK RESTAURANT,942 Pape Ave None M4K 3V5,auto_classified
10827901.0,PAPER ROUTE  CAFE,462 KINGSTON RD None M4L 1V3,auto_classified
10844060.0,PARAMOUNT LEBANESE KITCHEN,181 Bay St Unit-C230 M5J 2T3,auto_classified
10846773.0,PARLIAMENT ICE CREAM SHOPPE,546 PARLIAMENT ST None M4X 1P6,auto_classified
10863318.0,PARS GRILL & LOUNGE,6114 Yonge St None M2M 3W7,auto_classified
10778238.0,PASSION +JUICE,"1700 WILSON AVE, Unit-41 None M3L 1B2",auto_classified
10798836.0,PAULS COFFEE,"88 PALACE PIER CRT, Unit-103 None M8V 4C2",auto_classified
10856891.0,PEACEFUL RESTAURANT,515 Bloor St W None M5S 1Y4,auto_classified
10807553.0,PEARL BAYVIEW CHINESE CUISINE,291 York Mills Rd None M2L 1L3,auto_classified
10791065.0,PEARL YORKVILLE CHINESE CUISINE,730 Yonge St Unit-5 M4Y 2B7,auto_classified
10777053.0,PEGGY'S CARIBBEAN CUISINE,402 Old Kingston Rd None M1C 1B6,auto_classified
10828135.0,PEMAKO KITCHEN,2416 LAKE SHORE BLVD W None M8V 1C4,auto_classified
10837641.0,PEPE'S KITCHEN,382 Northcliffe Blvd None M6E 3L1,auto_classified
10834477.0,PEPPER HAKKA AND THAI CUISINE,80 Ellesmere Rd Unit-11 M1R 4C2,auto_classified
10861725.0,PHIN CAFE BAR,3262 Midland Ave Unit-E105 M1V 0C6,auto_classified
10775634.0,PHO 88 RESTAURANT,5197 Yonge St None M2N 5P7,auto_classified
10820328.0,PHO 90 QUEEN,500 Queen St W Unit-500 M5V 2B3,auto_classified
10795830.0,PHO ANH VU,"3280 MIDLAND AVE, Unit-27-28 None M1V 4W9",auto_classified
10831467.0,PHO ANH VU,577 Yonge St Unit-2A M4Y 1Z2,auto_classified
10846477.0,PHO ANH VU SCARBOROUGH NORTH,4733 Steeles Ave E Unit-1 M1V 5N3,auto_classified
10839755.0,PHO CONCEPT,760 St Clair Ave W None M6C 1B5,auto_classified
10815293.0,PHO DAY,"1571 SANDHURST CRCL, Unit-159C None M1V 1V2",auto_classified
10823843.0,PHO DUONG,3791 Bathurst St None M3H 3N1,auto_classified
10825305.0,PHO GOLDEN STAR RESTAURANT,2532 St Clair Ave W None M6N 1L6,auto_classified
10857086.0,PHO HA NOI QUEEN,712 Queen St W None M6J 1E8,auto_classified
10863471.0,PHO HIEU,1235 Danforth Ave None M4J 1M8,auto_classified
10838696.0,PHO HUE,2190 Mcnicoll Ave Unit-101-102 M1V 0B3,auto_classified
10825023.0,PHO JUNCTION,394 Pacific Ave None M6P 2R1,auto_classified
10815552.0,PHO KIM,2231 Jane St None M3M 1A5,auto_classified
10847854.0,PHO MAMA,1325 Finch Ave W None M3J 2G5,auto_classified
10788693.0,PHO NGOC YEN II,1596 The Queensway Bldg------------ M8Z 1V1,auto_classified
10845419.0,PHO NGON DAT VIET,1761 Keele St None M6M 3W9,auto_classified
10803883.0,PHO PHUONG,1603 DUNDAS ST W None M6K 1T9,auto_classified
10810516.0,PHO SON,2319 Keele St Unit-100 - 101 M6M 4A1,auto_classified
10862023.0,PHO STREET,"633 SILVER STAR BLVD, Unit-F7 None M1V 5N1",auto_classified
10784693.0,PHO T&T EXPRESS,1675 BLOOR ST W None M6P 1A6,auto_classified
10830997.0,PHO TIEN PHAT,2133 Jane St Unit-1 M3M 1A2,auto_classified
10843741.0,PHO VALLEY,275 Dundas St W Unit-18 M5T 3K1,auto_classified
10809592.0,PHO XE LUA RESTAURANT,254 Spadina Ave Unit-FL2 M5T 2C2,auto_classified
10802002.0,PHOENIX CAFE,38 Forest Manor Rd Unit-G None,auto_classified
10806501.0,PI CO. PIZZA BAR,2862 Dundas St W None M6P 1Y8,auto_classified
10781424.0,PIGEON CAFE,337 King St W Flr-1 M5V 1J5,auto_classified
10806185.0,PIGEON CAFE,181 Bay St None M5J 2T3,auto_classified
10834896.0,PII NONG THAI EATERY,3321 Yonge St None M4N 2L9,auto_classified
10808843.0,PIK THAI RESTAURANT,414 Roncesvalles Ave None M6R 2N2,auto_classified
10769063.0,PILOT COFFEE ROASTERS,50 WAGSTAFF DR None M4L 3W9,auto_classified
10776455.0,PILOT COFFEE ROASTERS,431 Richmond St W None M5V 1X9,auto_classified
10795294.0,PILOT COFFEE ROASTERS,1 St Clair Ave E Unit-102 M4T 2V7,auto_classified
10776670.0,PINE HOUSE CAFE,"149 RAVEL RD, Unit-B None M2H 1T1",auto_classified
10862065.0,PINE HOUSE CAFE,5441 Yonge St Flr-1 M2N 5S1,auto_classified
10839711.0,PINE TREE KOREAN RESTAURANT,6028 Yonge St None M2M 3W5,auto_classified
10813414.0,PINK ICE CREAM,666 St Clair Ave W Unit-103 M6C 1B1,auto_classified
10842620.0,PINKY SWEAR EATS,2901 Lake Shore Blvd W None M8V 1J3,auto_classified
10829101.0,"PINOCHIO CAFE, DESSERT & ICE CREAM",45 Abraham Welsh Rd Unit-B9 M9M 0G6,auto_classified
10828107.0,PIZZA 2 GO,"5637 FINCH AVE E, Unit-2 None M1B 5K9",auto_classified
10860305.0,PIZZA BONO,675 Danforth Ave None M4J 1L2,auto_classified
10860469.0,PIZZA CANTINA,3011 Dundas St W None M6P 1Z4,auto_classified
10776718.0,PIZZA DEPOT,6210 Finch Ave W None M9V 0A1,auto_classified
10835063.0,PIZZA DEPOT,2013 Lawrence Ave W Unit-A4 M9N 0A3,auto_classified
10843570.0,PIZZA DEPOT,549 SAMMON AVE None M4J 2B3,auto_classified
10844176.0,PIZZA DEPOT,747 Don Mills Rd Unit-21B M3C 1T2,auto_classified
10848518.0,PIZZA DEPOT,4986 Dundas St W None M9A 1B7,auto_classified
10861600.0,PIZZA DEPOT,2118 QUEEN ST E None M4E 1E2,auto_classified
10852820.0,PIZZA FIAMMA,1063 Markham Rd Unit-102 M1H 2Y5,auto_classified
10854067.0,PIZZA FIAMMA,2382 Dundas St W None M6P 1W9,auto_classified
10785037.0,PIZZA FORNO,475 Unwin Ave OUTER MARINA M4M 3M2,auto_classified
10702124.0,PIZZA FORNO,2075 Bayview Ave None M4N 3M5,auto_classified
10809772.0,PIZZA HUT,1666 Jane St None M9N 2S1,auto_classified
10833131.0,PIZZA HUT,890 St Clair Ave W None M6C 1C5,auto_classified
10806804.0,PIZZA KARACHI,2761 Markham Rd None M1X 1M4,auto_classified
10837820.0,PIZZA KARACHI,55 Lebovic Ave Unit-104-105 None,auto_classified
10828326.0,PIZZA KARACHI TORONTO,465 Queen St W None M5V 2A9,auto_classified
10794960.0,PIZZA MARU,66 GERRARD ST E None M5B 1G3,auto_classified
10771728.0,PIZZA NOVA,6015 STEELES AVE E None None,auto_classified
10772213.0,PIZZA NOVA,645 Mount Pleasant Rd None M4S 2M9,auto_classified
10775900.0,PIZZA NOVA,365 Front St W None M5V 3R6,auto_classified
10808086.0,PIZZA NOVA,280 Viewmount Ave Unit-1 M6B 1V2,auto_classified
10809892.0,PIZZA NOVA,"603 DAVENPORT RD, Unit-2 None M5R 1L1",auto_classified
10837343.0,PIZZA NOVA,2201 Ellesmere Rd Unit-A M1G 3M6,auto_classified
10836200.0,PIZZA OLIVE,275 Dundas St W Unit-33 M5T 3K1,auto_classified
10771884.0,PIZZA PIZZA,85 Danforth Ave None M4K 1M9,auto_classified
10772428.0,PIZZA PIZZA,"1571 SANDHURST CRCL, Unit-102 None M1V 1V2",auto_classified
10774833.0,PIZZA PIZZA,2938 Finch Ave E Unit-A M1W 2R5,auto_classified
10778056.0,PIZZA PIZZA,558 Bloor St W None M6G 1K1,auto_classified
10787918.0,PIZZA PIZZA,45 Overlea Blvd None M4H 1C3,auto_classified
10792646.0,PIZZA PIZZA,5921 Leslie St None M2H 1J8,auto_classified
10796345.0,PIZZA PIZZA,1124 Queen St W None M6J 1J3,auto_classified
10804489.0,PIZZA PIZZA,2351 Brimley Rd None M1S 4A3,auto_classified
10805986.0,PIZZA PIZZA,200 King St E None M5A 3W8,auto_classified
10813513.0,PIZZA PIZZA,64 VAUGHAN RD None M6G 2N4,auto_classified
10819455.0,PIZZA PIZZA,1521 Yonge St None M4T 1Z2,auto_classified
10825963.0,PIZZA PIZZA,23 Lapsley Rd None M1B 1K1,auto_classified
10828127.0,PIZZA PIZZA,3850 Sheppard Ave E Unit-480 M1T 3L4,auto_classified
10832476.0,PIZZA PIZZA,1193 BLOOR ST W None M6H 1N4,auto_classified
10837886.0,PIZZA PIZZA,738 Sheppard Ave E None M2K 1C3,auto_classified
10840679.0,PIZZA PIZZA,140 La Rose Ave Unit-15 M9P 1B2,auto_classified
10842766.0,PIZZA PIZZA,3040 Don Mills Rd None M2J 3C1,auto_classified
10855117.0,PIZZA PIZZA,811 Dundas St W None M6J 1V4,auto_classified
10859923.0,PIZZA PIZZA,693 Mount Pleasant Rd None M4S 2N4,auto_classified
10785551.0,PIZZA SHAB,"155 DALHOUSIE ST, Unit-1015A None M5B 2P7",auto_classified
10809087.0,PIZZA THERAPY,2382 Lake Shore Blvd W None M8V 1C5,auto_classified
10800803.0,PIZZA VILLAGE & BURGERS,2397 EGLINTON AVE E None M1K 2M5,auto_classified
10771334.0,PIZZAIOLO,718 Browns Line None M8W 3W1,auto_classified
10774854.0,PIZZAIOLO,722 Queen St E None M4M 1H2,auto_classified
10775434.0,PIZZAIOLO,4335 Bloor St W 6 M9C 2A5,auto_classified
10775590.0,PIZZAIOLO,953 Eglinton Ave W None M6C 2C4,auto_classified
10775744.0,PIZZAIOLO,2277 Sheppard Ave W Unit-B2 M9M 0G6,auto_classified
10777950.0,PIZZAIOLO,1528 Danforth Ave None M4J 1N4,auto_classified
10778638.0,PIZZAIOLO,"1500 ISLINGTON AVE, Unit-1 None M9A 3L8",auto_classified
10784026.0,PIZZAIOLO,3180 Lake Shore Blvd W Unit-2 M8V 1L7,auto_classified
10785494.0,PIZZAIOLO,2879 Danforth Ave None M4C 1M3,auto_classified
10791413.0,PIZZAIOLO,51 Underhill Dr Unit-3 M3A 2J8,auto_classified
10793318.0,PIZZAIOLO,4920 YONGE ST None M2N 5N5,auto_classified
10800578.0,PIZZAIOLO,707 Yonge St None M4Y 2B2,auto_classified
10818051.0,PIZZAIOLO,334 DUNDAS ST W None M5T 1G5,auto_classified
10819122.0,PIZZAIOLO,1172 Queen St W None M6J 1J5,auto_classified
10819480.0,PIZZAIOLO,4700 Dufferin St None M3H 5S7,auto_classified
10830460.0,PIZZAIOLO,123 Spadina Ave None M5V 2K8,auto_classified
10830873.0,PIZZAIOLO,305 Port Union Rd Unit-1 M1C 2L5,auto_classified
10832375.0,PIZZAIOLO,756 Queen St W None M6J 1E9,auto_classified
10840106.0,PIZZAIOLO,1 Toronto St Unit-104 M5C 2V6,auto_classified
10774147.0,PIZZAVILLE,3601 Lawrence Ave E Unit-3 M1G 1P5,auto_classified
10774152.0,PIZZAVILLE,171 East Liberty St Unit-141 M6K 3P6,auto_classified
10793846.0,PIZZAVILLE,796 College St None M6G 1C6,auto_classified
10804348.0,PIZZAVILLE,81 Gerry Fitzgerald Dr Unit-A2 M3J 3N4,auto_classified
10822651.0,PIZZAVILLE,2141 Kipling Ave Unit-500 M9W 4K8,auto_classified
10828471.0,PIZZAVILLE,95 Laird Dr Unit-2 M4G 3T7,auto_classified
10830229.0,PIZZAVILLE,2600 Eglinton Ave E Unit-2600 M1K 2R9,auto_classified
10835334.0,PIZZAVILLE,"1730 BLOOR ST W, Unit-5A None M6P 1B3",auto_classified
10835482.0,PIZZAVILLE,190 QUEENS QUAY E None M5A 3Y4,auto_classified
10773985.0,PIZZERIA BADIALI,181 Dovercourt Rd None M6J 3C6,auto_classified
10771384.0,PIZZERIA CAROLINA,770 Dundas St W None None,auto_classified
10842554.0,PIZZERIA FORNACE,562 Bloor St W None M6G 1K1,auto_classified
10819252.0,PIZZERIA NO 900 BEACHES,1987 QUEEN ST E None M4L 1J1,auto_classified
10815980.0,PIZZERIA POPOLO,"499 RICHMOND ST W, Unit-R8-B None None",auto_classified
10804981.0,PLACOS TACOS,21 Kensington Ave None M5T 2J8,auto_classified
10816232.0,PLAYGROUND CAFE,16 Lower Jarvis St None None,auto_classified
10808688.0,PLUS 84 CAFE,954 College St None M6H 1A5,auto_classified
10849521.0,PLUSH CAFE AND BAR,897 Queen St W None M6J 1G5,auto_classified
10796385.0,POKE EATS,1934 Queen St E None M4L 1H6,auto_classified
10816749.0,POOP-A-LICIOUS-CAFE,1355 St Clair Ave W None M6E 1C5,auto_classified
10775474.0,POPEYE'S LOUISIANA KITCHEN,666 Burnhamthorpe Rd 23 M9C 2Z4,auto_classified
10844990.0,POPEYES,400 Queen St W None M5V 2A6,auto_classified
10776105.0,POPEYES LOUISIANA KITCHEN,1000 Gerrard St E Unit-C13 M4M 3G6,auto_classified
10784044.0,POPEYES LOUISIANA KITCHEN,3931 Keele St None M3J 1N6,auto_classified
10784767.0,POPEYES LOUISIANA KITCHEN,553 Bloor St W None M5S 1Y6,auto_classified
10793842.0,POPEYES LOUISIANA KITCHEN,195 Carlingview Dr None M9W 5E8,auto_classified
10794832.0,POPEYES LOUISIANA KITCHEN,900 Dufferin St Unit-116 M6H 4A9,auto_classified
10810642.0,POPEYES LOUISIANA KITCHEN,2221 Bloor St W None M6S 1N7,auto_classified
10845265.0,POPEYES LOUISIANA KITCHEN,501 ST CLAIR AVE W None M5P 0A2,auto_classified
10846937.0,POPEYES LOUISIANA KITCHEN,674 Sheppard Ave W None M3H 2S5,auto_classified
10851872.0,POPEYES LOUISIANA KITCHEN,1877 Eglinton Ave W None M6E 2J5,auto_classified
10775814.0,POPULAR PIZZA,680 Rexdale Blvd Unit-22 M9W 0B5,auto_classified
10775916.0,POPULAR PIZZA,41 Lebovic Ave Unit-113 None,auto_classified
10813838.0,POPULAR PIZZA,540 Evans Ave None M8W 2V4,auto_classified
10800896.0,POPYEYES LOUISIANA KITCHEN,2193 YONGE ST None M4S 2B2,auto_classified
10829492.0,PORTICI PIZZERIA,6 Scollard St Unit-101 M5R 1E9,auto_classified
10816251.0,POSEIDON PLATES MEDITERRANEAN & SEAFOOD GRILL,349 Royal York Rd Unit-A M8Y 2R1,auto_classified
10840804.0,POTATO BAR,2068 Lawrence Ave E None M1R 2Z5,auto_classified
10810218.0,POWER KITCHEN LTD,46 Hollinger Rd None M4B 3G5,auto_classified
10819548.0,PREMA COFFEE AND BAR,35 Mc Caul St None M5T 1V7,auto_classified
10838681.0,PREMIUM SHAWARMA & PIZZA,2871 KINGSTON RD None M1M 1N3,auto_classified
10861318.0,PREMIUM SHAWARMA & PIZZA,242 Parliament St None M5A 3A4,auto_classified
10783660.0,PRIME SUSHI,2323 Bloor St W Bldg-103 M6S 4W1,auto_classified
10796382.0,PRINCE STREET PIZZA CANADA,472 Front St W None M5V 0W1,auto_classified
10832773.0,PROCTER & GAMBLE BISTRO,5160 Yonge St Flr-15 M2N 6L9,auto_classified
10783287.0,PRODUCTION KITCHEN (FOR CASUAL & COPPERHORN),555 Rexdale Blvd None M9W 7G3,auto_classified
10808705.0,PROPELLER COFFEE COMPANY,486 Front St W Unit-UG-4 M5V 0V2,auto_classified
10852044.0,PROPELLER COFFEE COMPANY,3401 Dufferin St None M6A 2T9,auto_classified
10785913.0,PUNJABI HAVELI SWEETS AND RESTAURANT,6620 Finch Ave W Unit-2 M9V 5H7,auto_classified
10856496.0,QAHWAH CAFE & LOUNGE,6 DIXON RD None M9P 2L1,auto_classified
10861361.0,QAHWAH CAFE AND SHISHA LOUNGE,3411 LAKE SHORE BLVD W None M8W 1N2,auto_classified
10825982.0,QOBA BAKERY,74 Hymus Rd None M1L 2C9,auto_classified
10797983.0,QUANTUM COFFEE,486 Front St W None M5V 0V2,auto_classified
10861786.0,QUE BIRRIA TAQUERIA,2350 Yonge St None M4P 2E6,auto_classified
10777007.0,QUEEN GARDEN CAFE,771 Queen St E None M4M 1H5,auto_classified
10808000.0,QUEEN'S CROSS FOOD HALL (MAIN KITCHEN),220 Yonge St None M5B 2H1,auto_classified
10800489.0,QUESADA,92 King St E Unit-120 M5C 2V8,auto_classified
10858409.0,QUESADA BURRITOS & TACOS,900 Warden Ave Unit-E2 M1L 4W6,auto_classified
10842740.0,QUESADA BURRITOS& TACOS / PITA-PIT,1121 Castlefield Ave Unit-18 M6B 1E8,auto_classified
10820749.0,R&R VYBZ BAR AND RESTAURANT,1662 Jane St None M9N 2S1,auto_classified
10834009.0,RABAGO BAKERY & CAFE,341 Jane St None M6S 3Z3,auto_classified
10780766.0,RACHEL'S COFFEE HOUSE,2011 YONGE ST None M4S 1Z8,auto_classified
10842502.0,RADHUNI PIZZA & GRILL,3096 Danforth Ave None M1L 1B1,auto_classified
10790340.0,RAID GALLERY & CAFE,1720 Queen St W None M6R 1B3,auto_classified
10820884.0,RAJDHANI SWEETS AND RESTAURANT,795 Markham Rd None M1H 2Y5,auto_classified
10793080.0,RAMEN MISOYA,81 Bay St Unit-9 M5E 1Z8,auto_classified
10808564.0,RAMEN RYU,486 Front St W Unit-WM M5V 0V2,auto_classified
10842737.0,RAMEN TABETAI,154 Cumberland St None M5R 1A8,auto_classified
10843568.0,RAMEN X REMIX,424 Queen St W None M5V 2A7,auto_classified
10829210.0,RAMENHOUZZ REMINISCENCE OF ESSENCE POKE ARTS,"20 LOCKPORT AVE, Bldg-118 None M8Z 2R7",auto_classified
10781796.0,RAMONA'S KITCHEN,1608 Bayview Ave None M4G 3B7,auto_classified
10859887.0,RAMONA'S KITCHEN,913 QUEEN ST E None M4M 1J4,auto_classified
10790823.0,RANDY'S ROTI & DOUBLES - HPS - CNE 2025,100 PRINCES BLVD None M6K 3C3,auto_classified
10823056.0,STARBUCKS (RETAIL HUB),205 Humber College Blvd None M9W 5L7,auto_classified
10843169.0,REAL DEAL JUICE,"50 SILVER STAR BLVD, Unit-221 None M1V 3L3",auto_classified
10775737.0,REAL FRUIT BUBBLE TEA,2181 Steeles Ave W Unit-B16 M3J 3N2,auto_classified
10792723.0,REAL FRUIT BUBBLE TEA,25 The West Mall Unit-1055 M9C 1B8,auto_classified
10797977.0,REAL FRUIT BUBBLE TEA,2300 Yonge St None M4P 1E4,auto_classified
10800413.0,REAL FRUIT BUBBLE TEA,218 Yonge St Unit-H017 M5B 2H6,auto_classified
10814115.0,REAL FRUIT BUBBLE TEA,300 Borough Dr Unit-1 M1P 4P5,auto_classified
10823052.0,REAL FRUIT BUBBLE TEA,2650 Lawrence Ave E Unit-A01003A M1P 2S1,auto_classified
10825826.0,REAL FRUIT BUBBLE TEA,4525 Kingston Rd Unit-4B M1E 2P1,auto_classified
10831948.0,REAL FRUIT BUBBLE TEA,10 Dundas St E Unit-346 M5B 2G9,auto_classified
10835763.0,REAL FRUIT BUBBLE TEA,2863 Ellesmere Rd Unit-214A M1E 5E9,auto_classified
10802631.0,RED & WHITE MEDITERRANEAN CUISINE,"1635 LAWRENCE AVE W, Unit-10 None M6L 3C9",auto_classified
10784261.0,RED MOON BAKERY,2864 Lake Shore Blvd W None M8V 1H9,auto_classified
10853613.0,RED ROCKET COFFEE,484 Danforth Ave None M4K 1P6,auto_classified
10860623.0,RED SWAN PIZZA,1788 Jane St None M9N 2T2,auto_classified
10800597.0,RED TAPE BREWERY,159 MAIN ST None M4E 2V9,auto_classified
10840364.0,REFUEL JUICERY,300 Borough Dr Unit-56 M1P 4P5,auto_classified
10846286.0,REGION FOOD + WINE + BAR,4208 DUNDAS ST W None M8X 1Y6,auto_classified
10808650.0,REN SUSHI,486 Front St W Unit-WM56 M5V 0V2,auto_classified
10809312.0,RENAISSANCE PIZZA,809 Dundas St W None M6J 1V2,auto_classified
10821078.0,REPUBLIKA RESTOBAR AND GRILL,288 Wilson Ave None M3H 1S8,auto_classified
10856911.0,RESTAURANTE REQUINTE,1480 St Clair Ave W Unit-1 M6E 1C7,auto_classified
10800574.0,RESURRECTION RESTAURANT,5096 Dundas St W None M9A 1C2,auto_classified
10859581.0,REVOLVER PIZZA,27 Coronet Rd Unit-17 M8Z 2L8,auto_classified
10832343.0,REVOLVER PIZZA CO.,968 St Clair Ave W None M6E 1A1,auto_classified
10830427.0,RICK'S GOOD EATS,3155 Markham Rd Unit-2 M1X 0B5,auto_classified
10858212.0,RIU PLAZA - LOBBY BAR,30 Widmer St None None,auto_classified
10858210.0,RIU PLAZA TORONTO RESTAURANT,30 Widmer St None None,auto_classified
10813382.0,RIVI'S GUILT FREE COOKIES,300 Supertest Rd Unit-8B M3J 2M2,auto_classified
10862344.0,ROBOT BOIL HOUSE SEAFOOD BOIL RESTAURANT,1500 Royal York Rd Unit-20 - 21 M9P 3B6,auto_classified
10776255.0,ROCCOS PIZZA & PASTA,972 The Queensway Bldg-- M8Z 1P6,auto_classified
10850191.0,ROGERS STADIUM EAST POD 1 - BBQ'D,105 Carl Hall Rd None M3K 2C1,auto_classified
10850182.0,ROGERS STADIUM EAST POD 1 KITCHEN #1,105 Carl Hall Rd None M3K 2C1,auto_classified
10850089.0,ROGERS STADIUM EAST POD 1 KITCHEN #2,105 Carl Hall Rd None M3K 2C1,auto_classified
10850328.0,ROGERS STADIUM EAST POD 3 - Specialty Eats,105 Carl Hall Rd None M3K 2C1,auto_classified
10849853.0,ROGERS STADIUM EAST POD 3 KITCHEN #1,105 Carl Hall Rd None M3K 2C1,auto_classified
10849998.0,ROGERS STADIUM OUTER BOWL - CUT WATER BAR (NORTHWEST),105 Carl Hall Rd None M3K 2C1,auto_classified
10849873.0,ROGERS STADIUM WEST POD 1 - BBQ'D 1,105 Carl Hall Rd None M3K 2C1,auto_classified
10850090.0,ROGERS STADIUM WEST POD 1 - BBQ'D 2,105 Carl Hall Rd None M3K 2C1,auto_classified
10850237.0,ROGERS STADIUM WEST POD 2 KITCHEN #1,105 Carl Hall Rd None M3K 2C1,auto_classified
10777759.0,ROL SAN RESTAURANT,388 Spadina Ave None M5T 2G5,auto_classified
10830461.0,ROLLZ ICE CREAM & DESSERTS,5631 Steeles Ave E Unit-6 M1V 5P6,auto_classified
10794080.0,ROMANTIC BAKERY,"240 ALTON TOWERS CRCL, Unit-A11 None M1V 4P2",auto_classified
10852972.0,ROOH COFFEE,2470 YONGE ST None M4P 2H5,auto_classified
10845782.0,ROOH INDIAN KITCHEN AND BAR,633 COLLEGE ST None M6G 1B5,auto_classified
10814724.0,ROOMS COFFEE,17 Baldwin St None M5T 1L1,auto_classified
10843604.0,ROOTS BAR,630 Vaughan Rd None M6E 2Y3,auto_classified
10855169.0,ROOZAMOON CAFE,398 Queen St E None M5A 1T3,auto_classified
10834839.0,ROSARIO'S MEXICAN CUISINE & FIESTA,3030 Dundas St W None M6P 1Z3,auto_classified
10807072.0,ROSIE'S BURGERS,486 Front St W Unit-WM 25 M5V 0V2,auto_classified
10843578.0,ROSIE'S BURGERS,1542 Avenue Rd None M5M 3X5,auto_classified
10849264.0,ROSIE'S BURGERS,1090 Don Mills Rd Unit-G10 M3C 3R6,auto_classified
10797247.0,ROUND TABLE TAVERN,2624 Eglinton Ave E None M1K 2S3,auto_classified
10777099.0,ROYAL HAKKA CHINESE RESTAURANT,"735 MIDDLEFIELD RD, Unit-4-5 None M1V 3S2",auto_classified
10841373.0,ROYAL KING PASTA & SANDWICHES,3450 Bathurst St None M6A 2C4,auto_classified
10850756.0,RUI'S BBQ,448 Rogers Rd None M6M 1A7,auto_classified
10813939.0,RUNAWAY CAFE,102 LAKESHORE AVE None M5J 1X9,auto_classified
10816079.0,RUTH'S PIZZA PLUS,1349 Danforth Rd Bldg-1 M1J 1G7,auto_classified
10815319.0,S.MOTIRAM SWEETS & RESTAURANT,2598 Eglinton Ave E Unit-2608 M1K 2R9,auto_classified
10862777.0,SAFFRON MAHAL INDIAN CUISINE,865 York Mills Rd Unit-7 M3B 1Y6,auto_classified
10826660.0,SAIGONESE VIET KITCHEN,1911 Finch Ave W Bldg-31D M3N 2V2,auto_classified
10804301.0,SAINT JOHN TAVERN (SNUG),121 John St None M5V 2E2,auto_classified
10807537.0,SAINTS SMASH KITCHEN,515 East Ave None M1C 2X1,auto_classified
10847878.0,SAKE BAR KUSHI,257 Eglinton Ave W None M4R 1B1,auto_classified
10787004.0,SAKE SUSHI,1662 Eglinton Ave W None M6E 2H2,auto_classified
10804389.0,SALAD BAR / TIM HORTONS (FOOD EMPORIUM),205 HUMBER COLLEGE BLVD None M9W 5L7,auto_classified
10852771.0,SALSA ST. MEXICAN GRILL,1077 Wilson Ave Unit-8 M3K 1G7,auto_classified
10813361.0,SAM JAMES COFFEE BAR,"500 KEELE ST, Unit-102 None M6N 3C9",auto_classified
10833737.0,SAM MAY BBQ,8 GLEN WATFORD DR None M1S 2C1,auto_classified
10791634.0,SAMANTHA ROTI AND DOUBLES,"1139 MORNINGSIDE AVE, Bldg-23 None M1B 0A7",auto_classified
10787759.0,SAMBA BRAZIL EATERY,2109 Yonge St None M4S 2A4,auto_classified
10855927.0,SAMMIE'S SANDWICHES,594 Bloor St W None M6G 1K4,auto_classified
10857508.0,SAMPOORAN SWEETS AND RESTAURANT,1770 Albion Rd Unit-43 M9V 1C2,auto_classified
10840021.0,SAN CAFE,165 Augusta Ave None M5T 2L4,auto_classified
10852350.0,SAN VITO BAKERY,110 Marine Parade Dr Bldg-8 M8V 0B6,auto_classified
10802164.0,SANDY'S  RESTAURANT,2093 DANFORTH AVE None M4C 1K1,auto_classified
10806955.0,SANOK DELI,773 The Queensway Unit-N M8Z 6A9,auto_classified
10796241.0,SANQIN RESTAURANT,4750 Yonge St Unit-138 M2N 5M6,auto_classified
10819768.0,SANSOTEI RAMEN,300 Borough Dr Unit-R002 M1P 4P5,auto_classified
10855902.0,SANSOTEI RAMEN,30 Adelaide St E Unit-102 M5C 3G8,auto_classified
10858400.0,SANSOTEI RAMEN EGLINTON,"2131 YONGE ST, Unit-3 None M4S 2A7",auto_classified
10779641.0,SANTA MARTA BAR Y TAPAS,869 DUNDAS ST W None M6J 1V6,auto_classified
10798518.0,SANTA'S BBQ - DWV 2024,55 MILL ST None M5A 3C4,auto_classified
10807629.0,SAPORE PIZZA AND SHAWARMA,85 Ellesmere Rd Unit-F9 M1R 4B8,auto_classified
10775911.0,SARANG KITCHEN,1056 Bloor St W None M6H 1M3,auto_classified
10826244.0,SARANG KITCHEN,774 Danforth Ave None M4J 1L5,auto_classified
10818260.0,SARVI INDIAN CUISINE,464 Sherbourne St Bldg-- M4X 1K2,auto_classified
10806840.0,SAVA CREPES & COFFEE,221 Roncesvalles Ave None M6R 2L6,auto_classified
10804039.0,SCADDABUSH ITALIAN KITCHEN & BAR,1090 Don Mills Rd Bldg-G1-G4 M3C 3R6,auto_classified
10817730.0,SCARBOROUGH CAFE,"740 PROGRESS AVE, Bldg-1 None M1H 2X3",auto_classified
10834113.0,SCORE PIZZA,"4525 KINGSTON RD, Unit-H10/108 None M1E 2P1",auto_classified
10807962.0,SCOTTY BONS CARIBBEAN GRILL,501 Rogers Rd None M6M 1B4,auto_classified
10850021.0,SCOTTYBONS CARIBBEAN GRILL,4502 Kingston Rd None M1E 2N8,auto_classified
10859404.0,SCRUFFY MURPHY'S IRISH PUB,225 The East Mall Unit-12 M9B 6J1,auto_classified
10856196.0,SEAHORSE RESTAURANT,1226 Yonge St None M4T 1W3,auto_classified
10786783.0,SECOND CUP,179 College St Unit-179 M5T 1P7,auto_classified
10791791.0,SECOND CUP,55 St George St None M5S 2E5,auto_classified
10804848.0,SECOND CUP,81 Bay St None M5E 1Z8,auto_classified
10840544.0,SECOND CUP,5095 Yonge St None M2N 6Z4,auto_classified
10841934.0,SECOND CUP,27 ST ALBANS RD None None,auto_classified
10863219.0,SECOND CUP,"5150 YONGE ST, Unit-F8 None M2N 6L8",auto_classified
10796567.0,SECOND CUP - CHOCOLATO,1881 Yonge St Unit-102 M4S 3C4,auto_classified
10802673.0,SECOND CUP CAFE,695 Wilson Ave None M3K 1E3,auto_classified
10826073.0,SECOND CUP CAFE,340 College St None M5T 1S5,auto_classified
10831393.0,SECOND CUP CAFÉ,2340 Bloor St W None M6S 1P3,auto_classified
10832460.0,SECOND CUP COFEE & CO.,1 Dundas St W Unit-D102 M5G 1Z3,auto_classified
10792012.0,SECOND CUP COFFEE,415 Spadina Rd None M5P 2W3,auto_classified
10803310.0,SECOND CUP COFFEE CO,4841 Yonge St Unit-1K M2N 5X2,auto_classified
10852856.0,SECOND CUP/ CHOCOLATO,170 Emmett Ave None M6M 2E6,auto_classified
10843952.0,SENGYO SUSHI,3887 Don Mills Rd None None,auto_classified
10833923.0,SHAAH JI FOOD (Crave Food Hub K1) (Shared Kitchen),1275 Morningside Ave Unit-7 M1B 3W1,auto_classified
10847957.0,SHAAZ INDIAN CUISINE,2043 Eglinton Ave E None M1L 2M9,auto_classified
10863901.0,SHAGHF CAFE,170 University Ave Unit-102 M5H 3B3,auto_classified
10860800.0,SHAGHF CAFE SCARBOROUGH,55 Lebovic Ave Unit-C111 None,auto_classified
10812765.0,SHAKE SHACK,10 Dundas St E Unit-100 M5B 2G9,auto_classified
10831023.0,SHAKE SHACK,65 Front St W None M5J 1E6,auto_classified
10837993.0,SHAKE SHACK,3401 Dufferin St Unit-R03 M6A 2T9,auto_classified
10851079.0,SHAKE SHACK,1121 Castlefield Ave None M6B 1E8,auto_classified
10859261.0,SHAKE SHACK,40 Eglinton Ave E None M4P 3A2,auto_classified
10856460.0,SHAKES N SHAWARMA,656 Spadina Ave None M5S 2H7,auto_classified
10817593.0,SHAMBHU'S COFFEE BAR,1530 Albion Rd Unit-97 M9V 1B4,auto_classified
10802556.0,SHANNON'S PUB,4650 Eglinton Ave W None None,auto_classified
10811424.0,SHATTER ABBAS PERSIAN CUISINE,804 Sheppard Ave E None M2K 1C3,auto_classified
10799836.0,SHAWARMA  ROYALE,250 Eglinton Ave E None M4P 1K2,auto_classified
10852255.0,SHAWARMA CLUB,323 Burnhamthorpe Rd None M9B 2A2,auto_classified
10844005.0,SHAWARMA DADDY,729 Bloor St W None M6G 1L5,auto_classified
10786239.0,SHAWARMA DAY,1608 Queen St E None M4L 1G2,auto_classified
10829495.0,ISRAA SHAWARMA,40 Carl Hall Rd None M3K 2C1,auto_classified
10807293.0,SHAWARMA N' FRIES(HALAL),1105 Victoria Park Ave None M4B 2K2,auto_classified
10799276.0,SHAWARMA ROX,3581 Sheppard Ave E None M1T 3K8,auto_classified
10776167.0,SHAWARMA ROYALE,5435 Dundas St W Bldg-B M9B 1B5,auto_classified
10820834.0,SHAWARMA ROYALE,671 Danforth Ave None M4J 1L3,auto_classified
10831310.0,SHAWARMA ROYALE,1195 The Queensway Bldg-_ M8Z 1R2,auto_classified
10832664.0,SHAWARMA ROYALE,3201 Yonge St None M4N 2K9,auto_classified
10846098.0,SHAWARMA ROYALE,565 Queen St W None M5V 2B6,auto_classified
10864009.0,SHAWARMA STYLE,281 Scarborough Rd None M4E 3M9,auto_classified
10781599.0,SHAWARMA ZORONA,3227 Eglinton Ave E Unit-125 M1J 3M5,auto_classified
10799120.0,SHELBY'S LEGENDARY SHAWARMA,551 Bloor St W None M5S 1Y6,auto_classified
10823070.0,SHELBY'S LEGENDARY SHAWARMA,297 King St W None M5V 1J5,auto_classified
10829205.0,SHELBY'S LEGENDARY SHAWARMA,4410 Kingston Rd Unit-2 M1E 2N5,auto_classified
10836999.0,SHELBY'S LEGENDARY SHAWARMA,357 YONGE ST None M5B 1S1,auto_classified
10788667.0,SHELBY'S SHAWARMA,416 Queen St W None M5V 2A7,auto_classified
10806895.0,SHELBY'S SHAWARMA - BLOOR WEST,2202 Bloor St W None M6S 1N4,auto_classified
10831005.0,SHELISS BAKESHOP,1154 St Clair Ave W Unit-C M6E 1B3,auto_classified
10816380.0,SHERBOURNE HEALTH FOOD FOR GOOD CAFE,333 Sherbourne St Flr-1 M5A 2S5,auto_classified
10827912.0,SHERRY'S CAFE,11 Tippett Rd Unit-3 M3H 2V1,auto_classified
10816110.0,SHERYL'S CARIBBEAN CUISINE,558 Queen St W Unit-- M5V 2B5,auto_classified
10779249.0,SHIBUI SUSHI JAPANESE EATERY,600 Mount Pleasant Rd None M4S 2M8,auto_classified
10809434.0,SHIRIN MAHAL BAKERY& SWEETS,25 Overlea Blvd Unit-5A M4H 1P9,auto_classified
10853851.0,SHIRLEY RESTAURANT,2783 DANFORTH AVE None M4C 1L9,auto_classified
10846054.0,SHIVA'S COFFEE & SNACKS,3867 Lawrence Ave E None M1G 1R2,auto_classified
10804005.0,SHODO (SUSHI),3720 Midland Ave Unit-107-108 M1V 4V3,auto_classified
10854967.0,SI BUBBLE TEA,"3020 DANFORTH AVE, Unit-A None M4C 1M7",auto_classified
10791704.0,SI ESPRESSO BAR,748 Broadview Ave None M4K 2P1,auto_classified
10852378.0,SIGNET CAFE-APOTEX,150 Signet Dr None M9L 1T9,auto_classified
10839510.0,SILHOUETTE CAFE,253 BROADVIEW AVE None M4M 2G6,auto_classified
10839169.0,SILK 111 BAKERY & CAFE,689 St Clair Ave W None M6C 1B2,auto_classified
10798993.0,SILVERSMITH BREWING CO,"75 HORNER AVE, Unit-1 None M8Z 4X5",auto_classified
10856085.0,SIMBA'S HOT CHICKEN,"2761 MARKHAM RD, Unit-B7 None M1X 1M4",auto_classified
10793379.0,SIMPL CAFE,799 College St Unit-101 M6G 1C7,auto_classified
10860578.0,SIMPLE BURGER,374 Bathurst St None M5T 2S6,auto_classified
10806370.0,SIMPLE EATS,970 Lawrence Ave W Unit-101 M6A 3B6,auto_classified
10860694.0,SISTER SISTER COFFEE BAR,49 Spadina Ave Unit-M100 M5V 2J1,auto_classified
10807525.0,SKY CAFE,2150 Islington Ave None M9P 3V4,auto_classified
10822363.0,SMOOTHIE BAR/ ALTEA ACTIVE,25 Ordnance St None None,auto_classified
10853453.0,SNAPBACK COFFEE,4679 Kingston Rd Unit-10 M1E 2P8,auto_classified
10811128.0,SNOWDAY BINGSU & DESSERT CAFE,449 Church St None M4Y 2C5,auto_classified
10794947.0,SO'S FAST KITCHEN,2900 Warden Ave Unit-240 M1W 2S8,auto_classified
10792603.0,SOCIAL 7 BAR AND GRILL,360 Old Kingston Rd None M1C 1B6,auto_classified
10844823.0,SOCIAL LLAMA CAFE,2107 Yonge St None M4S 2A4,auto_classified
10842477.0,SOL NASCENTE RESTAURANT,2075 DUFFERIN ST None M6E 3R3,auto_classified
10863828.0,SOLARIS COFFEE,198 Queen St W None M5V 1Z2,auto_classified
10789739.0,SOLUNA RESTAURANT + ROOFTOP TERRACE,312 QUEEN ST W None M5V 2A2,auto_classified
10788057.0,SONNDR CAFE,1068 Dundas St W None M6J 1W8,auto_classified
10784076.0,SOON SAL CHICKEN,620 Bloor St W None M6G 1K7,auto_classified
10778703.0,SORENTO ITALIAN KITCHEN,900 Don Mills Rd None M3C 1V6,auto_classified
10804353.0,SOSO TACOS & BREWS,"680 REXDALE BLVD, Unit-23 None M9W 0B5",auto_classified
10841153.0,SOUL TEA,5425 Yonge St None M2N 5R6,auto_classified
10823664.0,SOUPER HOT POT (TDT),470 Yonge St Bldg-1 M4Y 1X5,auto_classified
10802323.0,SOUTH ST BURGER,743 ST CLAIR AVE W None M6C 1B4,auto_classified
10786447.0,SOUTH TEA,"3300 MIDLAND AVE, Unit-34 None M1V 4A1",auto_classified
10802725.0,SOWJIS INDIAN CUISINE,3095 Eglinton Ave E Unit-6 M1J 2E9,auto_classified
10805471.0,SPACE COFFEE,5463 Yonge St Flr-2 M2N 5S1,auto_classified
10828486.0,SPARK SHOP AND COFFEE,917 YONGE ST None M4W 2H2,auto_classified
10827393.0,SPECIAL COFFEE COLOMBIA,1980 ST CLAIR AVE W None M6N 0A3,auto_classified
10848095.0,SPICY KITCHEN,1275 Morningside Ave Unit-7 M1B 3W1,auto_classified
10810733.0,SPUNTINI STREET EATS,514 Annette St None M6P 1S3,auto_classified
10830367.0,SQUARE NOODLE,"3250 MIDLAND AVE, Unit-G109 None M1V 4W9",auto_classified
10859277.0,SSF EATS,1750 Finch Ave E Bldg-A-3RD FL M2J 2X5,auto_classified
10832156.0,ST ANDREW JUNIOR H. CAFETERIA,131 Fenn Ave None M2P 1X7,auto_classified
10832293.0,ST. CLAIR BAR & GRILL,1080 VICTORIA PARK AVE None M4B 2K3,auto_classified
10829997.0,ST. LOUIS BAR & GRILL,11 ST CLAIR AVE W None M4V 1K6,auto_classified
10863634.0,ST. LOUIS BAR & GRILL,313 Bremner Blvd Bldg-1 M5V 3V3,auto_classified
10777277.0,ST. ROSE OF LIMA BREAKFAST CLUB (3216) AND SNACK PROGRAM (3220),3220 Lawrence Ave E None M1H 1A4,auto_classified
10803622.0,STACK'D DELI KITCHEN,93 Front St E None M5E 1C3,auto_classified
10841309.0,STACKED PANCAKE & BREACKFAST HOUSE,91 Rylander Blvd Unit-1013 M1B 5M5,auto_classified
10819680.0,STACKED PANCAKE & BREAKFAST HOUSE,2181 Steeles Ave W Unit-B5 M3J 3N2,auto_classified
10843278.0,STACKED PANCAKE & BREAKFAST HOUSE,605 Rogers Rd Unit-D7-A M6M 1B9,auto_classified
10861209.0,STACKED PANCAKE & BREAKFAST HOUSE,85 Ellesmere Rd Unit-A01002A M1R 4B8,auto_classified
10820247.0,STACKED PANCAKE & BREAKFAST HOUSE ETOBICOKE,2200 Islington Ave Unit-4007 M9W 3W5,auto_classified
10796867.0,STACKED PANCAKE AND BREAKFAST HOUSE,394 Queen St W Unit-394 M5V 2A6,auto_classified
10772450.0,STARBUCKS,301 Moore Ave None M4G 1E1,auto_classified
10773039.0,STARBUCKS,610 University Ave None M5G 2M9,auto_classified
10773290.0,STARBUCKS,125 The Queensway INSIDE-SOBEYS M8Y 1H6,auto_classified
10774512.0,STARBUCKS,2235 Yonge St None M4S 2B1,auto_classified
10780640.0,STARBUCKS,1 Blue Jays Way None M5V 1J4,auto_classified
10786633.0,STARBUCKS,100 King St W None M5X 1K7,auto_classified
10787835.0,STARBUCKS,326 King St W None M5V 1J2,auto_classified
10794555.0,STARBUCKS,155 Wellington St W None M5V 3H1,auto_classified
10797708.0,STARBUCKS,120 Adelaide St W None M5H 1T1,auto_classified
10805308.0,STARBUCKS,869 QUEEN ST E None M4M 1J2,auto_classified
10806114.0,STARBUCKS,220 Yonge St LEVEL 2 B209A M5B 2H1,auto_classified
10806874.0,STARBUCKS,10 Lower Jarvis St None M5E 1Z2,auto_classified
10810080.0,STARBUCKS,170 Evans Ave None M8Z 1J7,auto_classified
10810904.0,STARBUCKS,218 Yonge St Bldg-2111 M5B 2H6,auto_classified
10812024.0,STARBUCKS,859 Eglinton Ave W None M6C 2B9,auto_classified
10813182.0,STARBUCKS,200 Bay St None M5J 2H0,auto_classified
10827835.0,STARBUCKS,14 STRACHAN AVE None M6K 3N8,auto_classified
10835364.0,STARBUCKS,2877 Bayview Ave None M2K 2S3,auto_classified
10845142.0,STARBUCKS,4242 Dundas St W None M8X 1Y6,auto_classified
10862572.0,STARBUCKS,55 Reading Crt None M9W 7K7,auto_classified
10777345.0,STARBUCKS,585 Queen St W None M5V 2B7,auto_classified
10800044.0,STARBUCKS 81991,1235 Wilson Ave Flr-1 M3M 0B2,auto_classified
10780946.0,STARBUCKS COFFEE,123 Front St W None M5J 2M2,auto_classified
10796810.0,STARBUCKS COFFEE,"3401 DUFFERIN ST, Unit-601B None M6A 2T9",auto_classified
10805307.0,STARBUCKS COFFEE,16 York St None M5J 2Z2,auto_classified
10824925.0,STARBUCKS COFFEE,219 Queen St W None None,auto_classified
10846815.0,STARBUCKS COFFEE,350 Bay St None M5H 2S6,auto_classified
10822364.0,STARBUCKS/ALTEA ACTIVE,25 Ordnance St None None,auto_classified
10858554.0,STARI GRAD/ SOLERO MEDITERRANEAN BAKERY,3029 Dundas St W None M6P 1Z4,auto_classified
10860028.0,STATE & MAIN KITCHEN + BAR,396 The East Mall None M9B 6L5,auto_classified
10824631.0,STEFANO'S DINER,1265 Dundas St W None M6J 1X6,auto_classified
10820107.0,STELLA'S KITCHEN,182 DUPONT ST None M5R 2E6,auto_classified
10827800.0,STONEMILL BAKEHOUSE,93 Front St E None M5E 1C3,auto_classified
10859939.0,STREET FOOD/HONEYMOON DESSERT  Bento & Poke Bowl,460 Spadina Ave None M5T 2G8,auto_classified
10791839.0,STREET GRILL,3555 Don Mills Rd Unit-11 M2H 3N3,auto_classified
10851732.0,STREET GRILL BAR,20 Baldwin St None M5T 1L2,auto_classified
10834753.0,STUDENT TASTY BIRYANI,2516 Finch Ave W None M9M 2G3,auto_classified
10846705.0,STUDIO CHARM CAFE,621 The Queensway Unit-B M8Y 1K4,auto_classified
10803434.0,SUBTRACTION KITCHEN,222 Spadina Ave Unit-BF9 M5T 3B3,auto_classified
10804235.0,SUBWAY SANDWICHES,2430 Bloor St W None M6S 1P9,auto_classified
10819079.0,SUDDEN SUMMER CAFE,3700 Midland Ave Unit-122 M1V 4V3,auto_classified
10843417.0,SUGAR & SEASON BAKEHOUSE,71 Underhill Dr None M3A 2J8,auto_classified
10794245.0,SUGAR DADDY DOUGHNUTS,1221 Dundas St W None M6J 1X3,auto_classified
10864142.0,SUGAR DADDY DOUGHNUTS,100 PRINCES BLVD None M6K 3C3,auto_classified
10817572.0,SUGAR DADDY DOUGHNUTS UNION STATION,65 Front St W None M5J 1E6,auto_classified
10793057.0,SUGAR OINK OINK (BANH MI CAFE),2635A Eglinton Ave W None M6M 1T6,auto_classified
10860491.0,SUGAR SWEET CAFE,4911 Steeles Ave E Unit-2 M1V 4Z3,auto_classified
10829998.0,SUGO CAFE,1281 Bloor St W None M6H 1N7,auto_classified
10777649.0,SULTAN'S MEDITERRANEAN GRILL,100 Wellington St W Unit-WS006 None,auto_classified
10799182.0,SULTAN'S MEDITERRANEAN GRILL,200 Front St W None M5V 3K2,auto_classified
10813275.0,SULTAN'S MEDITERRANEAN GRILL,130 King St W Unit-CUFC10 M5X 1K7,auto_classified
10837248.0,SULTAN'S MEDITERRANEAN GRILL,199 Bay St Unit-C162 M5L 1E7,auto_classified
10837289.0,SULTAN'S MEDITERRANEAN GRILL,120 Bremner Blvd None None,auto_classified
10839753.0,SULTAN'S MEDITERRANEAN GRILL,25 Adelaide St E Unit-101 M5C 3A1,auto_classified
10853506.0,SUMNOMNOMS BAKERY,"105 VANDERHOOF AVE, Unit-8 None M4G 2H7",auto_classified
10856031.0,SUN CHINESE CUISINE,25 Spring Garden Ave None M2N 3G1,auto_classified
10847304.0,SUN STAR CHINESE CUISINE,636 Finch Ave E None M2K 2E6,auto_classified
10820050.0,SUNKRIS DESSERT PALACE,2950 Birchmount Rd Unit-5D M1W 3G5,auto_classified
10784137.0,SUNRISE CAFE,178 Rexdale Blvd None M9W 1R3,auto_classified
10816963.0,SUNRISE CARIBBEAN RESTAURANT,1285 York Mills Rd None M3A 1Z4,auto_classified
10830668.0,SUNRISE CARIBBEAN RESTAURANT,1949 Finch Ave W Unit-B M3N 2V3,auto_classified
10860559.0,SUNRISE CARIBBEAN RESTAURANT,1700 Wilson Ave Unit-195 M3L 1B2,auto_classified
10833622.0,SUNSET GRILL,120 Bloor St E None M4W 1B7,auto_classified
10846992.0,SUNSHINE BAR & COFFEE INC,522 Oakwood Ave None M6E 2X1,auto_classified
10859361.0,SUPER CHICKEN,790 Military Trl Unit-1A M1E 4P7,auto_classified
10835442.0,SUPER CHICKEN DT,628 Yonge St None M4Y 1Z8,auto_classified
10789235.0,SUPREME JUICE BAR,10 EASTWOOD RD None M4L 2C3,auto_classified
10827392.0,SUSAN CAFE,150 Emmett Ave Flr-MAIN FLOOR M6M 2E6,auto_classified
10829145.0,SUSHI AMAI,28 Finch Ave W Unit-113 M2N 2G7,auto_classified
10847495.0,SUSHI GEN,2584 Yonge St None M4P 2J3,auto_classified
10825690.0,SUSHI HUB/ BORSCHT Kitchen/ Hokku Sushi,74 Lippincott St None M5S 2P1,auto_classified
10775301.0,SUSHI ICHIBAN ELLESMERE,80 Ellesmere Rd None M1R 4C2,auto_classified
10827144.0,SUSHI INN,120 Cumberland St None M5R 1A6,auto_classified
10837363.0,SUSHI KIWAMI,599 YONGE ST None M4Y 1Z4,auto_classified
10839611.0,SUSHI KOMBU,3276 Midland Ave Unit-C-118 M1V 0C8,auto_classified
10771352.0,SUSHI LEGEND,"11 RAVEL RD, Unit-3 None None",auto_classified
10831158.0,SUSHI MOMO,1122 QUEEN ST W None M6J 1H9,auto_classified
10837798.0,SUSHI ON BAY,1105 Bay St None M5S 2B3,auto_classified
10818775.0,SUSHI ROCK,2425 Yonge St None M4P 2E7,auto_classified
10841347.0,SUSHI ROCK,48 St Clair Ave E None M4T 1M9,auto_classified
10842605.0,SUSHI SHOP,65 Front St W Unit-473 M5J 1E6,auto_classified
10830666.0,SUSHI UMI,41 Charles St W None M4Y 2R4,auto_classified
10792571.0,SUSHI YUGEN,150 York St Unit-115 M5H 3S5,auto_classified
10788643.0,SUSHI ZONE,1992 Yonge St Unit-101 M4S 1Z7,auto_classified
10817125.0,SUSHI-Q COMMERCE COURT,199 Bay St Unit-C104 M5L 1E7,auto_classified
10851991.0,SUVARI COFFEE,3378 Lake Shore Blvd W None M8W 1M9,auto_classified
10808111.0,SWANKY BURGER,220 Yonge St None M5B 2H1,auto_classified
10799920.0,SWIFT CAFE,"245 FAIRVIEW MALL DR, Unit-101 None M2J 4T1",auto_classified
10773295.0,SWISS CHALET,900 Don Mills Rd None M3C 1V6,auto_classified
10789934.0,SWISS CHALET,2955 Bloor St W None M8X 1B8,auto_classified
10795072.0,SWISS CHALET,3150 Dufferin St Unit-102 M6A 2T1,auto_classified
10842784.0,SWISS CHALET,722 Pape Ave None M4K 3S7,auto_classified
10832510.0,SWISS CHALET / HARVEY'S,266 Queens Quay  W None M5J 1B5,auto_classified
10856018.0,SWISS CHALET ROTISSERIE &GRILL,4211 Yonge St None M2P 2A9,auto_classified
10863596.0,SZECHUAN NOODLE BOWL,1030 Bloor St W None M6H 1M2,auto_classified
10846301.0,Second Cup,3014 Bloor St W Unit-front M8X 1C4,auto_classified
10848814.0,Shahira Indian Multi Cuisine,1370 Kennedy Rd Unit-1 M1P 2L7,auto_classified
10788519.0,T. O. DICKENS RESTAURANT,276 Augusta Ave None M5T 2L9,auto_classified
10841417.0,TABERNA NACIONAL BREWHOUSE,928 College St None M6H 1A4,auto_classified
10792402.0,TACHI CENTRAL KITCHEN,3328 Yonge St Unit-A M4N 2M4,auto_classified
10799697.0,TACO BELL,1090 Bloor St W None M6H 1M6,auto_classified
10811716.0,TACO BELL,257 College St None M5T 1R5,auto_classified
10814221.0,TACO BELL,65 Front St W Unit-CRU481 M5J 1E6,auto_classified
10832290.0,TACO BELL,609 Danforth Ave None M4K 1R2,auto_classified
10834808.0,TACO BELL,3401 Dufferin St Unit-FC11 M6A 2T9,auto_classified
10841582.0,TACO FUEGO,571 Vaughan Rd None M6C 2R4,auto_classified
10808433.0,TACO LOCO,160 Baldwin St Unit-73 M5T 3K7,auto_classified
10840613.0,TACO LOVE,214 Augusta Ave None M5T 2L6,auto_classified
10815963.0,TACO LUPITA,497 Richmond St W None None,auto_classified
10775646.0,TACONTENTO,2603 Eglinton Ave W None M6M 1T3,auto_classified
10863447.0,TACORRIENDO MEXICAN FOOD,2917 DUFFERIN ST None M6B 3S7,auto_classified
10793628.0,TACOS  MORAS,523 Danforth Ave None M4K 1P7,auto_classified
10781287.0,TACOS CASA SONORA,1688 Dufferin St None M6E 3P1,auto_classified
10795302.0,TACOZ A PATA,2013 Lawrence Ave W Unit-5 M9N 0A3,auto_classified
10795947.0,TAHINI'S RESTAURANT,233 College St None M5T 1R4,auto_classified
10837696.0,TAIWAN BEEF NOODLE HOUSE,3280 Midland Ave Unit-22 M1V 4W9,auto_classified
10843552.0,TAKIMI SUSHI ASIAN CUISINE HAPPY FRUIT BUBBLE TEA,150 Rimrock Rd None M3J 3A6,auto_classified
10805447.0,TAKJA BBQ,962 College St None M6H 1A5,auto_classified
10858960.0,TAKUMI JAPANESE BBQ,125 Ravel Rd None M2H 1T1,auto_classified
10855386.0,TALK OF THE TOWN SPORTS BAR,636 Vaughan Rd None M6E 2Y3,auto_classified
10857270.0,TAMMY'S YOUR INDEPENDENT GROCER,123 Guildwood Pkwy None M1E 4V2,auto_classified
10831013.0,TAN DINH QUAN RESTAURANT,2428 St Clair Ave W None M6N 1L2,auto_classified
10814589.0,TANING LEMON TEA,5 Northtown Way Unit-13 M2N 7A1,auto_classified
10819888.0,TANING LEMON TEA,"3250 MIDLAND AVE, Unit-G120 None M1V 4W9",auto_classified
10833661.0,TANTXO STEAK BAR,499 Richmond St W None None,auto_classified
10796709.0,TAQUERIA EL PASTORCITO,1160 BLOOR ST W None M6H 1N1,auto_classified
10826695.0,TAQUERIA EL PASTORCITO,1174 St Clair Ave W None M6E 1B4,auto_classified
10829139.0,TAQUERIA EL PASTORCITO,544 Yonge St Bldg-1 M4Y 1Y8,auto_classified
10863477.0,TAQUERIA EL PASTORCITO,988 Danforth Ave None M4J 1L9,auto_classified
10785850.0,TAQUERIA EL VALIENTE,216 Ossington Ave None M6J 2Z9,auto_classified
10787297.0,TAQUERIA TINGA KIM,1182 Queen St E None M4M 1L4,auto_classified
10820045.0,TAQUERIA VEGANA,1543 DUPONT ST None M6P 3S5,auto_classified
10781616.0,TASTE OF VIETNAM RESTAURANT AND BAR,1 Whitehorse Rd Unit-19 M3J 3G8,auto_classified
10796172.0,TASTY SLICE PIZZA,"3930 LAWRENCE AVE E, Unit-2 None M1G 1R7",auto_classified
10781952.0,TAVERNE TAMBLYN,1426 DANFORTH AVE None M4J 1N4,auto_classified
10843477.0,TAWA KITCHEN / PIZZA CHEF 1313,3430 Weston Rd None None,auto_classified
10802857.0,TCSCC - FAMILY BISTRO,141 Wilson Ave Flr-1 M5M 3A3,auto_classified
10802856.0,TCSCC - SPORTS GRILL,141 Wilson Ave Flr-1 M5M 3A3,auto_classified
10818023.0,TEA TIME,3905 Don Mills Rd None M2H 2S7,auto_classified
10842255.0,TEHRANTO RESTAURANT,5625 Yonge St None M2M 3S9,auto_classified
10847321.0,TENON VEGAN SUSHI,486 Bloor St W None M5S 1X8,auto_classified
10801370.0,TERIMA COFFEE + PANTRY BAR,233 COLLEGE ST None M5T 1R4,auto_classified
10840169.0,TERIMA COFFEE + PANTRY BAR,78 Queen'S Park None M5S 2C5,auto_classified
10838286.0,THAI FUSION RESTAURANT,461 Pharmacy Ave None M1L 3G7,auto_classified
10783690.0,THAY BAR,690 EUCLID AVE None M6G 2T9,auto_classified
10855170.0,THE ACME BURGER COMPANY,735 The Queensway None M8Z 1M8,auto_classified
10839236.0,THE ANNEX - RESTAURANT/RAFFAELLA,296 Brunswick Ave None M5S 2M7,auto_classified
10783364.0,THE ANNEX- Coffee and Bar,296 Brunswick Ave None M5S 2M7,auto_classified
10779282.0,THE BAR JOKBAL NIGHT MARKET,639 YONGE ST None M4Y 1Z9,auto_classified
10826572.0,THE BASE KITCHEN AND BAR,3482 Lawrence Ave E Bldg-1 M1H 3E5,auto_classified
10821783.0,THE BERCZY TAVERN,69 Front St E None M5E 1B5,auto_classified
10778444.0,THE BHAIS SHAWARMA & GRILL,222 The Esplanade Unit-3 M5A 4M8,auto_classified
10813829.0,THE BHOJ FINE INDIAN CUISINE,673 Spadina Ave None M5S 2H9,auto_classified
10827799.0,THE BIG SLICE PIZZA AND CHICKEN,"226 MARKHAM RD, Bldg-1 None M1J 3C2",auto_classified
10779203.0,THE BIRYANI WALA,643 Bloor St W None M6G 1L1,auto_classified
10775371.0,THE BIRYANI WALLA,3241 Yonge St None M4N 2L5,auto_classified
10791177.0,THE BLACK CANARY ESPRESSO BAR,900 KINGSTON RD None M4E 1S5,auto_classified
10852617.0,THE BOLLYWOOD TACOS,422 College St None M5T 1T3,auto_classified
10836736.0,THE BOTHY COFFEE,2249 Gerrard St E None M4E 2C9,auto_classified
10793154.0,THE BREAK CAFE,"15 LIBRARY LANE, Unit-101 None M3J 2S5",auto_classified
10772521.0,THE BULL BBQ PIT,2790 DUNDAS ST W None M6P 1Y5,auto_classified
10786417.0,THE BURGER BROS,1028 Danforth Ave None M4J 1M2,auto_classified
10857257.0,THE BURGER SHOP,960 Queen St W None M6J 1G8,auto_classified
10771739.0,THE BURGER'S PRIEST,900 Warden Ave None M1L 4W6,auto_classified
10805832.0,THE BURGER'S PRIEST,1922 QUEEN ST E None M4L 1H5,auto_classified
10837883.0,THE BURGER'S PRIEST,579 King St W None M5V 1M1,auto_classified
10843317.0,THE BURGER'S PRIEST,1120 Queen St W None M6J 1H9,auto_classified
10844806.0,THE BURGER'S PRIEST,860 York Mills Rd Unit-2 M3B 1Y4,auto_classified
10844925.0,THE BURGER'S PRIEST,351 King St E Unit-120D M5A 0L6,auto_classified
10844763.0,THE CARBON SNACK BAR,460 King St W None M5V 1L7,auto_classified
10822547.0,THE CHARTROOM BAR & LOUNGE,1 Harbour Sq None M5J 1A6,auto_classified
10838171.0,THE COFFEE,901 King St W Unit-109 M5V 3H5,auto_classified
10852523.0,THE COFFEE,150 Bloor St W None M5S 2X9,auto_classified
10841813.0,THE COFFEE 387 FRONT STREET,387 Front St W None M5V 3S8,auto_classified
10855850.0,THE COFFEE SPOT,3850 Sheppard Ave E 210 M1T 3L4,auto_classified
10861609.0,THE DAPPER DOUGHNUT,40 King St W None M5H 3Y2,auto_classified
10862435.0,THE EATERY AT CMCC,6100 Leslie St None M2H 3J1,auto_classified
10815550.0,THE EGG EATERY,1348 KENNEDY RD None M1P 2L7,auto_classified
10814201.0,THE FEATHERS PUB,962 Kingston Rd None M4E 1S7,auto_classified
10798142.0,THE FLIGHT PATH BAR & GRILL,135 Carlingview Dr None M9W 5E7,auto_classified
10834440.0,THE FOX AND FALCON PUB AND WING HOUSE,831 Dundas St W None M6J 1V4,auto_classified
10848085.0,THE GARDEN BAR AND BODEGA,1173 Dundas St E Unit-128 M4M 3P1,auto_classified
10816281.0,THE GRILL ON JANE,425 Jane St Unit-2-3 M6S 3Z7,auto_classified
10840803.0,THE HAND ROLL SUSHI BAR,717 Bay St Bldg-D M5G 2J9,auto_classified
10837242.0,THE HARMONY CAFE,75 Nassau St None M5T 1M6,auto_classified
10813296.0,THE HAVEN CAFE,2256 Queen St E None M4E 1G2,auto_classified
10828700.0,THE ICON CUISINE & LOUNGE,"1988 AVENUE RD, Flr-2 None M5M 4A4",auto_classified
10861360.0,THE JALSA INDIAN CUISINE,2258 Kingston Rd None M1N 1T9,auto_classified
10796604.0,THE JONESES RESTAURANT & BAR,33 Yonge St Unit-100 M5E 1G4,auto_classified
10792896.0,THE KELLY CAFE,113 St Joseph St None M5S 3C2,auto_classified
10802731.0,THE KITCHENSTEAD,105 Vanderhoof Ave Unit-8 M4G 2H7,auto_classified
10805820.0,THE LAKEVIEW RESTAURANT,1132 Dundas St W None M6J 1X2,auto_classified
10788717.0,THE LC CAFE,3290 Midland Ave None M1V 3Z9,auto_classified
10774957.0,THE MAGPIE CAKERY COFFEE AND BAKESHOP,1125 Gerrard St E None M4L 1Y1,auto_classified
10829300.0,THE NIGHT BAKER,5361 Yonge St None M2N 5R6,auto_classified
10799390.0,THE NOODLE BAR,3280 MIDLAND AVE None M1V 4W9,auto_classified
10801245.0,THE OASIS BISTRO,8 The Donway  E None M3C 3R7,auto_classified
10790653.0,THE OLD YORK TAVERN,167 Niagara St None M5V 1C9,auto_classified
10863914.0,THE PARROTS NEST RESTAURANT,1931-1933 Sheppard Ave W None M3L 1Y8,auto_classified
10805860.0,THE PIER BAR AT THE MARKET,486 Front St W Unit-59 M5V 0V2,auto_classified
10774904.0,THE PORTUGUESE CHICKEN GUYS,16 Newbridge Rd Bldg-- M8Z 2L7,auto_classified
10853585.0,THE PURPLE BAKESHOP,1090 Don Mills Rd Unit-3A M3C 3R6,auto_classified
10844216.0,THE QUEEN SEAFOOD CUISINE,900 Don Mills Rd Unit-2 M3C 1V6,auto_classified
10781302.0,THE QUEEN'S HEAD PUB,1042 St Clair Ave W None M6E 1A5,auto_classified
10807111.0,THE QUEEN'S HEAD PUB,1214 Queen St E None M4M 1L7,auto_classified
10863768.0,THE QUEENSHEAD PUB,2555 Victoria Park Ave Unit-1 M1T 1A3,auto_classified
10770999.0,THE RED SCALE BAKE SHOP,626 VAUGHAN RD None M6E 2Y3,auto_classified
10789332.0,THE ROSEMOUNT CAFE,46 Rosemount Ave Bldg-- M9N 3B3,auto_classified
10800171.0,THE ROYAL BBQ GRILL,390 Roncesvalles Ave None M6R 2M9,auto_classified
10798315.0,THE SELF RAMEN BAR,233 College St None M5T 1R4,auto_classified
10821182.0,THE SOCIAL BREW CAFE AND MARKET PLACE,1236 Birchmount Rd None M1P 2C3,auto_classified
10821116.0,THE SUPER NOODLE COMPANY - FB  415 - CNE 2025,2 STRACHAN AVE None M6K 3C3,auto_classified
10842799.0,THE VILLAGE BAKERY,1084 ST CLAIR AVE W None M6E 1A7,auto_classified
10784421.0,THE VILLAGE GROCER,111 Finchdene Sq Unit-1 M1X 1B5,auto_classified
10809470.0,THE VILLAGE OF HUMBER HEIGHTS - MONTGOMERY'S BAR,2245 Lawrence Ave W None M9P 2A2,auto_classified
10822841.0,THE WAY OF NOODLES,444 Yonge St Bsmt-F16 M5B 2H4,auto_classified
10825555.0,THE WEST CORK IRISH PUB,701 Queen St E None M4M 1G6,auto_classified
10810730.0,THE WESTBURY CAFE,495 The West Mall None M9C 5S3,auto_classified
10863968.0,THE WILLOW PLAY CAFE,1540 DUPONT ST None M6P 4G7,auto_classified
10849707.0,THE WINGS MARKET,965 Eglinton Ave W None M6C 2C4,auto_classified
10798992.0,THIEN TAM ASIA VEGAN & VEGETARIAN RESTAURANT,2907 Dundas St W None M6P 1Z1,auto_classified
10860151.0,THINDI INDIAN CAFE,171 East Liberty St Unit-153 M6K 3P6,auto_classified
10853962.0,THREE DOTS COFFEE,865 College St None M6H 1A1,auto_classified
10857326.0,THREE KITCHENS RESTAURANT,5280 DUNDAS ST W None M9B 1A9,auto_classified
10814309.0,TIARRE'S BRUNCH & BISTRO,1980 Queen St E None M4L 1J2,auto_classified
10807204.0,TIGER BBQ,250 Alton Towers Crcl Unit-C5 M1V 3Z4,auto_classified
10811696.0,TIGER DEN TAVERN,45 Baldwin St None M5T 1L1,auto_classified
10831211.0,TILT ARCADE BAR,1255 Queen St W None M6K 1L5,auto_classified
10801253.0,TIM HORTONS,800 Queen St E None M4M 1H7,auto_classified
10783689.0,TIM HORTONS # 103196,5714 Yonge St None None,auto_classified
10771845.0,TIM HORTONS,333 Bay St None M5H 2R2,auto_classified
10773204.0,TIM HORTONS,2575 Danforth Ave None M4C 1L5,auto_classified
10773633.0,TIM HORTONS,1401 Ellesmere Rd None M1P 4R4,auto_classified
10773889.0,TIM HORTONS,731 Eastern Ave None M4M 3H6,auto_classified
10773953.0,TIM HORTONS,1900 Midland Ave None M1P 5E2,auto_classified
10774236.0,TIM HORTONS,1150 Markham Rd None M1H 2Y6,auto_classified
10774482.0,TIM HORTONS,2013B Lawrence Ave W None None,auto_classified
10778179.0,TIM HORTONS,150 Dupont St None M5R 2E6,auto_classified
10782919.0,TIM HORTONS,4696 Yonge St None M2N 5M2,auto_classified
10783586.0,TIM HORTONS,381 Mount Pleasant Rd None M4S 2L5,auto_classified
10791153.0,TIM HORTONS,2867 Ellesmere Rd None M1E 4B9,auto_classified
10791393.0,TIM HORTONS,1521 Yonge St None M4T 1Z2,auto_classified
10794681.0,TIM HORTONS,1567 Steeles Ave E None None,auto_classified
10796434.0,TIM HORTONS,3071 Bloor St W None M8X 1C7,auto_classified
10798625.0,TIM HORTONS,900 St Clair Ave W None M6C 1C5,auto_classified
10798899.0,TIM HORTONS,170 Princes Blvd None M6K 3C3,auto_classified
10800996.0,TIM HORTONS,2388 Dundas St W None M6P 1W9,auto_classified
10801545.0,TIM HORTONS,686 Dundas St E None M5A 0W6,auto_classified
10806262.0,TIM HORTONS,20 Brentcliffe Rd Unit-1 M4G 3Y2,auto_classified
10808812.0,TIM HORTONS,825 Coxwell Ave Flr-MAIN M4C 3E7,auto_classified
10811785.0,TIM HORTONS,408 Roncesvalles Ave None M6R 2M9,auto_classified
10816996.0,TIM HORTONS,2700 DUFFERIN ST None M6B 4J3,auto_classified
10821758.0,TIM HORTONS,18 Yorkville Ave Unit-2-3 M4W 3Y8,auto_classified
10831254.0,TIM HORTONS,40 Asquith Ave None M4W 1J6,auto_classified
10833920.0,TIM HORTONS,441 Queen St W None M5V 2A5,auto_classified
10833944.0,TIM HORTONS,900 Eglinton Ave W None M6C 2B6,auto_classified
10840366.0,TIM HORTONS,1530 Albion Rd Unit-61 M9V 1B4,auto_classified
10841354.0,TIM HORTONS,55 Front St E None M5E 1B3,auto_classified
10845569.0,TIM HORTONS,28 Downes St None M5E 0E5,auto_classified
10847945.0,TIM HORTONS,"1281 DUPONT ST, Unit-7 None M6H 0G1",auto_classified
10856208.0,TIM HORTONS,200 Church St None M9N 1N8,auto_classified
10857485.0,TIM HORTONS,4479 Kingston Rd None M1E 2N7,auto_classified
10864064.0,TIM HORTONS,878 Eglinton Ave E Unit-7 M4G 2L1,auto_classified
10805386.0,TIM HORTONS #4309,200 King St E None M5A 3W8,auto_classified
10844191.0,TIME'S RESTAURANT,3220 Kingston Rd Unit-4A M1M 1P4,auto_classified
10789842.0,TIMMY'S BAGEL & COFFEE,2834 Markham Rd Unit-1 M1X 1E6,auto_classified
10821097.0,TINY TOM DONUTS - KIDS WORLD KW 09- CNE 2025,100 PRINCES BLVD None M6K 3C3,auto_classified
10849649.0,TIQUICIA RESTAURANT,1720 Jane St None M9N 2S4,auto_classified
10804385.0,TM TEA,1325 Finch Ave W None M3J 2G5,auto_classified
10842032.0,TOBBI CAFE,678 Bloor St W None M6G 1L2,auto_classified
10829217.0,TOBEMOMO BENTO & GRILL,"20 LOCKPORT AVE, Bldg-131 None M8Z 2R7",auto_classified
10800308.0,TOGO CAFE,"3276 MIDLAND AVE, Bldg-C117 None M1V 0C8",auto_classified
10802223.0,TOGO CAFE,5418 Yonge St Unit-14-15 M2N 6X4,auto_classified
10817624.0,TOGO CAFE,29C St Joseph St None M4Y 1J8,auto_classified
10848188.0,TOGO COFFEE,190 Jarvis St None M5B 2B7,auto_classified
10857088.0,TOGO COFFEE,2095 Yonge St None M4S 2A4,auto_classified
10862833.0,TOKYO HOT FRIED CHICKEN/ BAR SERENE,656 COLLEGE ST None M6G 1B8,auto_classified
10793741.0,TON OF JUICE,241 Augusta Ave None M5T 2L8,auto_classified
10809979.0,TONDOU RAMEN CENTRAL KITCHEN,635 GERRARD ST E None M4M 1Y2,auto_classified
10817449.0,TONIA'S KITCHEN,45 Four Winds Dr Unit-Q1 M3J 1K7,auto_classified
10802084.0,TONIC BAR,225 Yonge St None M5B 1N8,auto_classified
10809497.0,TOP CHEF JA CUISINE,1367 Wilson Ave Unit-B M3M 1H7,auto_classified
10857503.0,TOP CHEF JA CUISINE,1366 Weston Rd Unit-1 M6M 4R8,auto_classified
10830771.0,TOP HOT POT,115 Dundas St W Ste-1 None,auto_classified
10841335.0,TORO TORO SUSHI AND POKE,675 Yonge St None M4Y 2B2,auto_classified
10853596.0,TORO TORO SUSHI AND POKE,2190 Mcnicoll Ave Unit-109 M1V 0B3,auto_classified
10832331.0,TORONTO BREWING,3701 Chesswood Dr Unit-115 M3J 2P6,auto_classified
10856854.0,TORONTO CHICKEN HOTPOT,3330 Pharmacy Ave Flr-2 M1W 3V8,auto_classified
10775171.0,TORONTO DONUT BAKERY,120 Barbados Blvd Unit-17/18 M1J 1L2,auto_classified
10857788.0,TORONTO ZOO - GIRAFFE BAR,361 Old Finch Ave None M1B 5W6,auto_classified
10841579.0,TOSTAM TASTY AFRICAN CUISINE,2400 Finch Ave W Unit-2 M9M 2C8,auto_classified
10836225.0,TOUCH MASSAGE BAR & CAFE,"2555 YONGE ST, Unit-201 None M4P 2H9",auto_classified
10795739.0,TRATTORIA OTTO PIZZERIA,3441 Yonge St None M4N 2N1,auto_classified
10784862.0,TRAVELLER'S CARIBBEAN CUISINE,1530 Albion Rd Unit-FC6 M9V 1B4,auto_classified
10772097.0,TREATS 'N EATS DESSERTS,4830 Sheppard Ave E Unit-6 M1S 5M9,auto_classified
10859596.0,TROPICAL JOE'S CARIBBEAN CUISINE,1571 Sandhurst Crcl Unit-400 M1V 1V2,auto_classified
10861739.0,TROPICAL NIGHTS RESTAURANT & LOUNGE,"1154 MORNINGSIDE AVE, Unit-209 None M1B 3A4",auto_classified
10854050.0,TULUM MEXICAN RESTAURANT,291 King St W None M5V 1J5,auto_classified
10860728.0,TUNG'S CANTONESE BBQ,3601 Victoria Park Ave 120-121 M1W 3Y3,auto_classified
10820118.0,TURQUOISE GRILL HOUSE,431 Richmond St W None M5V 1X9,auto_classified
10807573.0,TWILIGHT CAFE,16 PARK HOME AVE None M2N 0J4,auto_classified
10821236.0,TWILIGHT CAFE,667 Yonge St None M4Y 1Z9,auto_classified
10837712.0,TWILIGHT CAFE,2429 Yonge St None M4P 2E7,auto_classified
10846719.0,TWO-FOUR-SEVEN LOUNGE AND RESTAURANT,"106 HUMBER COLLEGE BLVD, Unit-4 None M9V 4E4",auto_classified
10772541.0,The Portuguese Chicken House,3816 Bloor St W None M9B 6C2,auto_classified
10777593.0,U KNOW SUSHI,170 The Queensway None M8Y 1J3,auto_classified
10779267.0,U TEA,901 Yonge St Unit-2 M4W 2H2,auto_classified
10842252.0,U-NARU SUSHI,399 Bathurst St Unit-#1FP536 M5T 2S8,auto_classified
10846494.0,"UH
UH BAR","1221 DUNDAS ST W, Bsmt-5 None M6J 1X3",auto_classified
10816691.0,UHN REACTIVATION CARE CENTRE (RECEIVING KITCHEN),82 Buttonwood Ave Bsmt-G58 M6M 2J5,auto_classified
10843498.0,UHURU BAR,380 Oakwood Ave None M6E 2W3,auto_classified
10863983.0,UJOY BEVERAGES & DESSERTS,2348 LAKE SHORE BLVD W None M8V 1B6,auto_classified
10773305.0,UNCLE SAL'S HOT CHICKEN,1960 Lawrence Ave E None M1R 2Z1,auto_classified
10822415.0,UNHOLY DONUTS,234 Browns Line None M8W 3T4,auto_classified
10780464.0,UNHOLY DONUTS BAY ST,596 Bay St Bldg-1 M5G 1M5,auto_classified
10849434.0,UNION SUMMER - CHERRY STREET BAR-B-QUE,65 FRONT ST W None M5J 1E6,auto_classified
10849435.0,UNION SUMMER - SUMAQ IRAQI CHARCOAL GRILL 2026,65 Front St W None M5J 1E6,auto_classified
10792045.0,UNPLUGGED CAFE & BAR,4271 Sheppard Ave E Unit-11 M1S 4G4,auto_classified
10785137.0,USAGI SUSHI,1984 Bloor St W None M6P 3K9,auto_classified
10823284.0,UTSU - COMMUNITY KITCHEN,230 College St Flr-3RD M5T 1R2,auto_classified
10823271.0,UTSU PROGRAMMING AND EVENT KITCHEN,230 College St Bsmt-B168 M5T 1R2,auto_classified
10839868.0,V BAR,"364 QUEEN ST E, Flr-2 None M5A 1T1",auto_classified
10862470.0,VAIKA INDIAN RESTAURANT,3322 Keele St None M3M 2H7,auto_classified
10805343.0,VANILLA BITE BAKERY,389 Front St W None M5V 3R9,auto_classified
10782211.0,VANTA COFFEE CLUB & EATERY,4711 Yonge St Unit-C102 M2N 6K8,auto_classified
10825706.0,VENEZIA CAFE,732 BROWNS LINE None M8W 3W1,auto_classified
10847345.0,VENOM COFFEE,91 Lewis St None M4M 2H2,auto_classified
10862509.0,VEREDA CENTRAL COFFEE ROASTERS,95 Wellington St W None M5J 2N7,auto_classified
10828913.0,VERY FAIR SEAFOOD CUISINE,19 MILLIKEN BLVD None M1V 4A2,auto_classified
10859447.0,VIA NORTE RESTAURANT,938 College St None M6H 1A4,auto_classified
10777197.0,VILLAGE CAFE,1897 Eglinton Ave E None M1L 2L6,auto_classified
10795700.0,VINDALOO INDIAN & HAKKA CUISINE,"2848 ELLESMERE RD, Bldg-1 None M1E 4B8",auto_classified
10817683.0,VINTAGE CAT CAFE,1274 St Clair Ave W None M6E 1B9,auto_classified
10777574.0,VIPS SUSHI,9 Byng Ave None None,auto_classified
10823063.0,VIVA PIZZERIA & PASTA,158 O'Connor Dr None M4J 2S4,auto_classified
10827866.0,VPD BUILDING - TIM HORTONS,88 The Pond Rd None None,auto_classified
10824699.0,W.A.CAFE,3560 Bathurst St None M6A 2E1,auto_classified
10802655.0,WAI THAI KITCHEN,850 Sheppard Ave W None M3H 2T5,auto_classified
10804795.0,WAKE' A BOO BREAKFAST BAR,2279 Bloor St W None M6S 1P1,auto_classified
9421400.0,WALLY'S GRILL,123 Rexdale Blvd Unit-8 M9W 1P1,auto_classified
10804533.0,WANAS SHAWARMA,449 Danforth Ave None M4K 1P1,auto_classified
10833620.0,WASABI KITCHEN,20 Lockport Ave Unit-105 M8Z 2R7,auto_classified
10850415.0,WASTED YOUTH BAR,1185 DUNDAS ST W None M6J 1X3,auto_classified
10777654.0,WAT AH JERK CARIBBEAN GRILL,100 Wellington St W None None,auto_classified
10799181.0,WAT AH JERK CARIBBEAN GRILL,200 Front St W None M5V 3K2,auto_classified
10802629.0,WAT AH JERK CARIBBEAN GRILL,200 Bay St None M5J 2H0,auto_classified
10839754.0,WAT AH JERK CARIBBEAN GRILL,25 Adelaide St E Unit-101 M5C 3A1,auto_classified
10845959.0,WAT AH JERK CARIBBEAN GRILL,100 Yonge St None M5C 2W1,auto_classified
10839392.0,WATANWAL HALAL GROCERIES INC.,47 THORNCLIFFE PARK DR None M4H 1J5,auto_classified
10815778.0,WATERWORKS FOOD HALL (CENTRAL BAR),15 Maud St Bldg-- None,auto_classified
10804887.0,WE THE TACOS,2765 Lake Shore Blvd W None M8V 1H2,auto_classified
10856414.0,WECAN BAKERY,"5310 FINCH AVE E, Unit-6 None M1S 5E8",auto_classified
10795949.0,WENDY'S,707 Markham Rd None M1H 2A8,auto_classified
10797693.0,WENDY'S,200 Bay St Unit-3204 M5J 2H0,auto_classified
10799854.0,WENDY'S,1200 King St W None M6K 1G4,auto_classified
10802024.0,WENDY'S,6464 Yonge St Unit-144 M2M 3X4,auto_classified
10805082.0,WENDY'S,731 Eastern Ave None M4M 3H6,auto_classified
10809215.0,WENDY'S,2295 Sheppard Ave W Bldg-A M9M 2X8,auto_classified
10861112.0,WENDY'S,30 Baseball Pl Unit-PH1-03 M4M 0E8,auto_classified
10816723.0,WENDY'S 6758,357 King St W None None,auto_classified
10818247.0,WESTWOOD GRILL PAN-ASIAN CUISINE,519 Annette St None M6P 1S1,auto_classified
10811622.0,WHAT A SHAWARMA,664 Bloor St W None M6G 1L2,auto_classified
10809480.0,WHISKFUL THINKING BAKERY,72 WELLESLEY ST E None M4Y 1H2,auto_classified
10830690.0,WHITE LILY DINER,678 Queen St E Unit-1 M4M 1G8,auto_classified
10784452.0,WILD BLUE BAKERY,2 Rogers Rd None M6E 1N4,auto_classified
10831120.0,WILD OREGANO MEDITERRANEAN GRILL,2024 Queen St E None M4L 1J4,auto_classified
10790993.0,WINETA'S CARRIBEAN KITCHEN,2700 Kipling Ave Unit-11 M9V 4P2,auto_classified
10793857.0,WINGS & SIPS,387 King St W None M5V 1K1,auto_classified
10814882.0,WINGS FUZION,917 Kingston Rd None M4E 1S6,auto_classified
10804042.0,WINGS N DIP,813 St Clair Ave W None M6C 1B9,auto_classified
10819753.0,WINGS N FLAVOURS,400 Sewells Rd Unit-4 M1B 5K8,auto_classified
10836625.0,WINGS SAINTS ST.CLAIR,1750 St Clair Ave W Unit-1750 M6N 1J3,auto_classified
10818385.0,WINGSTOP,3479 Yonge St None M4N 2N3,auto_classified
10852573.0,WINGSTOP,2218 Bloor St W None M6S 1N4,auto_classified
10840995.0,WINGSUP!,22 Bathurst St None None,auto_classified
10801798.0,WINNER BBQ CHINESE CUISINE,384 Yonge St Bldg-52 M5B 1S8,auto_classified
10856172.0,WONDER PET CAFE,333 Queen St W None M5V 2A4,auto_classified
10778976.0,WORLD TEA HOUSE,3278 Midland Ave Unit-D122 M1V 0C9,auto_classified
10808367.0,WOW KEBABISH,16 Mallard Rd None M3B 0A7,auto_classified
10832859.0,WOW WINGS HOUSE,772 College St None M6G 1C6,auto_classified
10835234.0,WOW! SUSHI BAR,78 Gerrard St W Bldg-1 M5G 1J5,auto_classified
10831096.0,WU MING HOT POT,5525 Yonge St None M2N 5S3,auto_classified
10848200.0,WU WEI COFFEE,44 Kensington Ave None M5T 2J9,auto_classified
10815025.0,WUHAN NOODLE 1950,200 Consumers Rd Unit-101 M2J 4R4,auto_classified
10805621.0,XIN LONG DIM SUM,3272 Midland Ave Unit-B119 M1V 0C7,auto_classified
10833906.0,XTSC CAFE,4950 Yonge St Unit-104 M2N 6K1,auto_classified
10833435.0,XUAN BAKERY,325 Bamburgh Crcl A110 M1W 3Y1,auto_classified
10840335.0,YAMZ BAR & GRILL,1033 KINGSTON RD None M4E 1T5,auto_classified
10777678.0,YANKEY'S KITCHEN RESTAURANT,393 Driftwood Ave None None,auto_classified
10858011.0,YAZOL COFFEE / SCOOP STOP,2857 Danforth Ave None M4C 1M2,auto_classified
10860409.0,YETI BAR CO,"38 APEX RD, Bldg-C None M6A 2V2",auto_classified
10828429.0,YETI KITCHEN,106 Queen St E Unit-- M5C 1S6,auto_classified
10823484.0,YORK LOUNGE/FAST FIRED PIZZA,"1275 FINCH AVE W, Unit-101 None M3J 0K5",auto_classified
10835268.0,YORK PIZZA & WINGS,3005 Islington Ave Unit-2 M9L 2K9,auto_classified
10774932.0,YOUR INDEPENDENT GROCER,2399 Lake Shore Blvd W None M8V 1C5,auto_classified
10824677.0,YUE LAI BUFFET,492 Dundas St W None M5T 1G9,auto_classified
10830851.0,YUMMYS KITCHEN,2879 Lawrence Ave E Unit-2879 M1P 2S8,auto_classified
10774810.0,YUNNAN NOODLES SHACK,41-43 Baldwin St Unit-41 M5T 1L1,auto_classified
10789162.0,YUNUS SHAWARMA,500 Rexdale Blvd Unit-4 M9W 6K5,auto_classified
10829649.0,YUU HENAN CUISINE,4219 Sheppard Ave E Bldg-1 M1S 5H5,auto_classified
10784898.0,ZAAD RESTAURANT,124 DANFORTH AVE None M4K 1N1,auto_classified
10854733.0,ZABARDAST HYDERABADI BIRYANI,2881 St Clair Ave E None M4B 1N4,auto_classified
10815665.0,ZABARDAST HYDERABADI BIRYANI,4750 Yonge St Unit-143 M2N 5M6,auto_classified
10829429.0,ZAFOON RESTAURANT,384 College St None M5T 1S7,auto_classified
10832876.0,ZAINS BAKERY,2677 Kennedy Rd Unit-24 M1T 3H8,auto_classified
10779412.0,ZAK'S BAR AND GRILL,790 MILITARY TRL None M1E 4P7,auto_classified
10809259.0,ZANTE GREEK BISTRO,1950 GERRARD ST E None M4E 2B1,auto_classified
10791720.0,ZAO BAR AND GRILL,421 Dundas St W Bldg-G10 M5T 2W4,auto_classified
10830489.0,ZEAL BURGERS,1926 Weston Rd None M9N 1W2,auto_classified
10852807.0,ZENSHI HANDCRAFTED SUSHI,500 Lake Shore Blvd W None None,auto_classified
10819920.0,ZERO COCKTAIL BAR,223 Carlton St None M5A 2L2,auto_classified
10829801.0,ZION PIZZA,"5928 FINCH AVE E, Unit-104 None M1B 5P8",auto_classified
10844547.0,ZOAL RESTAURANT,"20 LOCKPORT AVE, Unit-134 None M8Z 2R7",auto_classified
10780733.0,ZUI BEER BAR,5649 Yonge St None M2M 3T2,auto_classified
10832169.0,ZUI BEER BAR KTOWN,693 BLOOR ST W None M6G 1L5,auto_classified
10777716.0,YORK LIONS STADIUM CONCESSIONS,230 Ian Macdonald Blvd None None,auto_classified
10806506.0,COLUMBUS BAKERY,1120 Caledonia Rd None M6A 2W5,auto_classified
10775450.0,EUROPA SPORTS CAFE,376 Browns Line None M8W 3T7,auto_classified
10805561.0,#DESI,65 Front St W Unit-442 M5J 1E6,manual_confirmed
10776008.0,1 HOTEL TORONTO - CASA MADERA,550 Wellington St W None M5V 2V4,manual_confirmed
10776019.0,1 HOTEL TORONTO - FLORA LOUNGE,550 Wellington St W None M5V 2V4,manual_confirmed
10776009.0,1 HOTEL TORONTO - HARRIET'S,550 Wellington St W None M5V 2V4,manual_confirmed
10823218.0,111 RAMYUN,2156 YONGE ST None M4S 2A8,manual_confirmed
10781442.0,11:59,70 Temperance St Unit-1 M5H 0B1,manual_confirmed
10839363.0,18 FEET,"86 GERRARD ST E, Unit-100 None M5B 2J1",manual_confirmed
10806585.0,1910 LA MEXICANA,993.5 Bloor St W None M6H 1M1,manual_confirmed
10803582.0,6IXDONUTZ,83 Portland St None M5V 2M9,manual_confirmed
10778738.0,8090 KARAOKE,530 Dundas St W Flr-2 M5T 1H3,manual_confirmed
10812820.0,955 CHINESE FOOD,2252 Queen St E None M4E 1G2,manual_confirmed
10797459.0,99 BOTTLES,925 Kingston Rd None M4E 1S6,manual_confirmed
10787160.0,A & W,659 Dupont St None M6G 1Z5,manual_confirmed
10800311.0,A & W,2500 Sheppard Ave E None M2J 1X1,manual_confirmed
10823483.0,A & W,1190 Danforth Ave None M4J 1M6,manual_confirmed
10832820.0,A & W,654 Danforth Ave None M4J 1L1,manual_confirmed
10839300.0,A & W,3300 Bloor St W None M8X 2X3,manual_confirmed
10841421.0,A & W,2625 Yonge St Unit-A M4P 2J6,manual_confirmed
10836402.0,A1 STONE POT,409 Spadina Ave None M5T 2G6,manual_confirmed
10862671.0,AAHA! TRULY SOUTH,250 Dundas St W None M5T 2Z5,manual_confirmed
10828772.0,ABENI AFRICAN FOOD INC.,1304 WESTON RD None M6M 4R5,manual_confirmed
10800018.0,ABEY'S INDIAN CHINESE HAKKAH FUSION,118 John St None M5V 2E3,manual_confirmed
10795275.0,ABRIELLE,355 King St W None M5V 1J6,manual_confirmed
10787839.0,ACAI BRAZIL,2039 Yonge St None M4S 2A2,manual_confirmed
10845976.0,ACKEE TREE DYNAMITE JAMAICAN JERK,205 Humber College Blvd None M9W 5L7,manual_confirmed
10786265.0,ACROPOLIS GYRO CORNER,1004 Kingston Rd None M4E 1T2,manual_confirmed
10777981.0,ADDA,3342 Danforth Ave Unit-01 M1L 1C8,manual_confirmed
10825330.0,ADI BIRKRAMPUR SWEETS & FAST FOOD,2968 Danforth Ave None M4C 1M6,manual_confirmed
10807407.0,ADOBO FRESH BURRITO,4205 Keele St Unit-19 M3J 3T8,manual_confirmed
10841873.0,ADOBO FRESH BURRITOS,388 Richmond St W Unit-5A M5V 3P1,manual_confirmed
10798337.0,AERA,8 Spadina Ave Unit-3800 M5V 2H6,manual_confirmed
10854330.0,AGAK AGAK,253 GERRARD ST E None M5A 2G1,manual_confirmed
10832499.0,AH SO,147 LAIRD DR None M4G 4K1,manual_confirmed
10796992.0,AIFAM,102 Harbord St None M5S 1G6,manual_confirmed
10791821.0,AKI DONBURI,793 Bathurst St None M5S 1Z5,manual_confirmed
10827462.0,AKIN,51 Colborne St None M5E 1E3,manual_confirmed
10803662.0,AKIVA'S FOOD,6243 Bathurst St None M2R 2A5,manual_confirmed
10813966.0,AL CHILE,1165 ST CLAIR AVE W None M6E 1B2,manual_confirmed
10856082.0,AL JOOD,998 Queen St W None M6J 1H1,manual_confirmed
10774436.0,AL ZABIHA HALAL MEAT,2657 Islington Ave None M9V 2X6,manual_confirmed
10856507.0,ALEBRIJE,119 Harbord St None M5S 1G7,manual_confirmed
10789406.0,ALERIA,1070 Queen St W None M6J 1H8,manual_confirmed
10825560.0,ALEX FARM,1965 QUEEN ST E None M4L 1H9,manual_confirmed
10848821.0,ALFORAT IRAQI STREET FOOD,271 Yonge St None M5B 1N8,manual_confirmed
10830084.0,ALHAMADANI FOOD,4403 Kingston Rd Unit-101 M1E 2N2,manual_confirmed
10775308.0,ALI BABA'S,682 Queen St E None M4M 1G9,manual_confirmed
10784548.0,ALINE NASSEH ARTISAN CHOCOLATES,877 Alness St Unit-22 M3J 2X3,manual_confirmed
10801963.0,ALL SPICE JERK EXPRESS,275 Dundas St W None M5T 3K1,manual_confirmed
10778991.0,ALLAN'S PASTRY SHOP,100 King St W Unit-CN0148 M5X 1K7,manual_confirmed
10835861.0,ALMINZ KAKANIN,6464 Yonge St Unit-121A M2M 3X4,manual_confirmed
10781551.0,ALOBAR,150 York St None M5H 3S5,manual_confirmed
10813319.0,ALOETTE,81 Bay St None M5E 1Z8,manual_confirmed
10789400.0,ALOETTE GO,2362 Yonge St None M4P 2E6,manual_confirmed
10811829.0,ALOETTE GO,81 Bay St None M5E 1Z8,manual_confirmed
10808189.0,AMA KO MOMO,1228 King St W None M6K 1G4,manual_confirmed
10829426.0,AMADEUS PATISSERIE,1235 Bay St None M5R 3K4,manual_confirmed
10854564.0,AMAYA REAL INDIAN FOOD,1800 Sheppard Ave E Unit-F015 M2J 5A7,manual_confirmed
10836455.0,AMEG,152 Augusta Ave Unit-A M5T 2L5,manual_confirmed
10840086.0,AMELIE'S CHOCOLATE & PATISSERIE,74 Crockford Blvd Unit-3 M1R 3C3,manual_confirmed
10813742.0,AMI NO,755 Dundas St W Unit-B M6J 1T9,manual_confirmed
10804125.0,AMIRTHAM TAKE-OUT,1265 Morningside Ave Unit-106 M1B 3V9,manual_confirmed
10835959.0,AMMI'S,1760 Lawrence Ave E None M1R 2Y1,manual_confirmed
10807308.0,AMO'S,2014 QUEEN ST E None M4L 1J3,manual_confirmed
10820875.0,AN JI FOOD,285 Milliken Blvd Unit-22 M1V 3H4,manual_confirmed
10836817.0,ANA'S HOT SPOT,5928 Finch Ave E Unit-105 M1B 5P8,manual_confirmed
10797737.0,AND/ORE,1040 QUEEN ST W None M6J 1H7,manual_confirmed
10803754.0,ANGARA INDIAN AND HAKKA DOWNTOWN,536 Queen St W Unit-536 M5V 2B5,manual_confirmed
10830462.0,ANIML STEAKHOUSE & COCKTAIL DEN,420 Wellington St W Unit-A M5V 1E3,manual_confirmed
10835866.0,ANNALAKSHMI,"250 ALTON TOWERS CRCL, Unit-C8 None M1V 3Z4",manual_confirmed
10837818.0,ANNE'S CONFECTIONS,"320 DAVENPORT RD, Unit-200 None M5R 1K6",manual_confirmed
10855619.0,ANTYLIA,1059 Bloor St W None M6H 1M5,manual_confirmed
10793734.0,AO CAKE,"3272 MIDLAND AVE, Unit-B-126 None M1V 0C7",manual_confirmed
10845845.0,AO CAKE,678E Sheppard Ave E None M2K 1B7,manual_confirmed
10797927.0,APT200,1032 Queen St W Flr-2 M6J 1H7,manual_confirmed
10847782.0,APULIA GASTRONOMIA,2400 Bloor St W None M6S 1P5,manual_confirmed
10830652.0,ARABICA CANADA (EATONS),220 Yonge St Unit-1158B M5B 2H1,manual_confirmed
10844551.0,ARIETE E TORO,12 Keewatin Ave None M4P 1Z8,manual_confirmed
10775333.0,ARISTOS SOUVLAKI & GYROS,265 Queen St W None M5V 1Z4,manual_confirmed
10783579.0,AROMAZ CAKE & PASTRY,390 Silver Star Blvd Unit-131 M1V 0G5,manual_confirmed
10861778.0,ASEER TIME,2062 Lawrence Ave E Unit-2062 M1R 2Z5,manual_confirmed
10788300.0,ASSEMBLY CHEF'S HALL - OSTERIA SCOSSA,111 Richmond St W None M5H 2G4,manual_confirmed
10857371.0,ASTERS PATISSERIE,181 Bay St Unit-C370 M5J 2T3,manual_confirmed
10813075.0,ATELIER PASTA,165 Bathurst St Unit-167 M5V 3C2,manual_confirmed
10853455.0,ATI PASTRY,2755 Lake Shore Blvd W Unit-D M8V 1H2,manual_confirmed
10781016.0,AU PAIN DORE,5650 Yonge St Unit-002 M2M 4G3,manual_confirmed
10789322.0,AU PAIN DORE,25 The West Mall Unit-1195A M9C 1B8,manual_confirmed
10798047.0,AU PAIN DORE,20 Adelaide St E Unit-101 M5C 2T6,manual_confirmed
10820110.0,AU PAIN DORE,875 Bay St Bldg-3 M5S 3K6,manual_confirmed
10795667.0,AUGUST 8 EGLINTON,10 Lebovic Ave Unit-8 M1L 4V9,manual_confirmed
10840015.0,AUTHENTIC DHAKAIYA TASTE,41 Lebovic Ave Unit-A122 None,manual_confirmed
10851516.0,AVANT,"1 BLOOR ST E, Unit-1A None M4W 1A9",manual_confirmed
10830821.0,AYOKA-ADE AFRICAN DELICACIES,1009 Albion Rd None M9V 1A6,manual_confirmed
10805736.0,AZUL,100 King St W Bldg-0118 M5X 1K7,manual_confirmed
10825916.0,AZUL,65 Front St W None M5J 1E6,manual_confirmed
10808600.0,AZURA,162 Danforth Ave None M4K 1N1,manual_confirmed
10774588.0,BA NOI,806 Bloor St W None M6G 1L9,manual_confirmed
10856095.0,BABEL FINE FOODS,6620 Finch Ave W Unit-10 M9V 5H7,manual_confirmed
10815162.0,BAD EGG,294 Richmond St E Unit-102 M5A 1P5,manual_confirmed
10809094.0,BAGELS ON FIRE,486 Front St W Unit-WM54 M5V 0V2,manual_confirmed
10809990.0,BAHN MI VINA,1231 Dundas St W None M6J 1X6,manual_confirmed
10859324.0,BANYAN SOUTHERN CHINESE FOOD,5 Northtown Way Unit-11 M2N 7A1,manual_confirmed
10803446.0,BAO HOUSE,5336 Yonge St None M2N 5P9,manual_confirmed
10779169.0,BAOZI KE,4400 Sheppard Ave E Unit-13 M1S 5J5,manual_confirmed
10864062.0,BARBURRITO,1530 Albion Rd Unit-96A M9V 1B4,manual_confirmed
10851393.0,BARBURRITO,2261 Islington Ave Unit-103 M9W 3W6,manual_confirmed
10847043.0,BARBURRITO,4918 Yonge St None M2N 5N5,manual_confirmed
10835449.0,BARBURRITO,200 Elizabeth St Bldg-1 M5G 2C4,manual_confirmed
10827234.0,BARBURRITO,419 Yonge St Ste-419 M5B 1T1,manual_confirmed
10822326.0,BARBURRITO,1684 Danforth Ave None M4C 1H6,manual_confirmed
10806153.0,BARBURRITO,700 Lawrence Ave W Unit-230 M6A 3B4,manual_confirmed
10772351.0,BARBURRITO,2435 Kingston Rd None M1N 1V4,manual_confirmed
10805045.0,BARISTA,200 Bloor St E None M4W 1E5,manual_confirmed
10826039.0,BARONESS,287 College St None M5T 1S2,manual_confirmed
10847911.0,BASS LOUNGE,91 Rylander Blvd Unit-1001A M1B 5M5,manual_confirmed
10723817.0,BAZHEN HOTPOT,3355 Steeles Ave E Unit 1-3 M2H 0A7,manual_confirmed
10848702.0,BEAM'S,1973 QUEEN ST E None M4L 1H9,manual_confirmed
10780043.0,BELLA NAPOLI CUCINA ITALIANA,"557 Dixon Rd 111, 112, 113 M9W 6K1",manual_confirmed
10825006.0,BELLE ISLE,1455 Gerrard St E None M4L 1Z9,manual_confirmed
10774855.0,BELLY BUSTER SUBMARINES,380 BLOOR ST W None M5S 1X2,manual_confirmed
10809790.0,BELLY BUSTER SUBMARINES,1121 CASTLEFIELD AVE None M6B 1E8,manual_confirmed
10823188.0,BEP VIET,738 Gerrard St E None M4M 1Y3,manual_confirmed
10844733.0,BERGAMOS BY BRY FOODS,806 COLLEGE ST None M6G 1C8,manual_confirmed
10809235.0,BHK ROLL,444 Yonge St Bldg-1 M5B 2H4,manual_confirmed
10840978.0,BIG MAO,5519 Yonge St None M2N 5S3,manual_confirmed
10821539.0,BIGBELLY GREEK STREET FOOD,3111 Dufferin St Unit-107 M6A 2S7,manual_confirmed
10831249.0,BLANCO CANTINA,384 Bloor St W None M5S 1X2,manual_confirmed
10813388.0,BLESSING AFRICAN FOOD,1007 Albion Rd None M9V 1A6,manual_confirmed
10833866.0,BLOOMING SPICE FISH HOUSE,325 Bamburgh Crcl Unit-A106 M1W 3Y1,manual_confirmed
10849368.0,BLU RISTORANTE & LOUNGE,214 King St W None M5H 3S6,manual_confirmed
10797543.0,BOCA BRUNCH,488 Cosburn Ave None M4J 2N5,manual_confirmed
10781804.0,BOCCACIO RISTORANTE ITALIANO,901 Lawrence Ave W None M6A 1C3,manual_confirmed
10792526.0,BOMBA GELATO,93 Front St E None M5E 1C3,manual_confirmed
10810124.0,BOMOU,1075 Yonge St None M4W 2L2,manual_confirmed
10833041.0,BONJUK,4841 Yonge St Unit-119 M2N 5X2,manual_confirmed
10832716.0,BOVINE WINE LOUNGE,65 Front St W None M5J 1E6,manual_confirmed
10816100.0,BOXCAR SOCIAL,505 Richmond St W Unit-3 M5V 1Y3,manual_confirmed
10830279.0,BOXCAR SOCIAL,1208 Yonge St None M4T 1W1,manual_confirmed
10850821.0,BREWNTO,1020 ST CLAIR AVE W None M6E 1A4,manual_confirmed
10792323.0,BRGR BARN,1075 Martin Grove Rd None M9W 4W6,manual_confirmed
10855868.0,BRICKHOUSE WAFFLE,"641 BAY ST, Unit-2 None M5G 1M7",manual_confirmed
10858587.0,BROKEN RICE,613 Yonge St None M4Y 1Z5,manual_confirmed
10842467.0,BROWN DONKATSU,487 Bloor St W None M5S 1Y2,manual_confirmed
10793209.0,BUDDHA BELLY,200 Front St W Unit-F008 M5V 3K2,manual_confirmed
10776596.0,BUONO RISTORANTE,1566 Bayview Ave None M4G 3B7,manual_confirmed
10812788.0,BURRITO BOYS,572 Rogers Rd None M6M 1B6,manual_confirmed
10830628.0,BURRITO BOYZ,811 Yonge St None M4W 2G9,manual_confirmed
10863092.0,BURRITO BOYZ,335 YONGE ST None M5B 1R7,manual_confirmed
10844001.0,BURRITO BOYZ,489 Queen St W None M5V 2B4,manual_confirmed
10784423.0,BURRITO BOYZ,3803 Lake Shore Blvd W None M8W 1R2,manual_confirmed
10789915.0,BURRITO HOUZ,10 Mallard Rd Unit-C112 M3B 0A7,manual_confirmed
10828467.0,CAFFE DEMETRES,2962 Bloor St W None M8X 1B7,manual_confirmed
10844579.0,CAFFE TAZZA,11 Tippett Rd Unit-19 M3H 2V1,manual_confirmed
10841286.0,CAFFE'IN,252 Bloor St W None M5S 1V5,manual_confirmed
10819855.0,CAFFE'IN,100 St George St None M5S 3G3,manual_confirmed
10858728.0,CAFFEO,405 RICHMOND ST W None M5V 1X3,manual_confirmed
10827225.0,CAKETORONTO,"2727 STEELES AVE W, Unit-101 None M3J 3G9",manual_confirmed
10852737.0,CALII LOVE,65 Queen St W None M5H 2M5,manual_confirmed
10846145.0,CAPRAE & SUIDAE,3359 YONGE ST None M4N 2M6,manual_confirmed
10778996.0,CAPTAIN AZZA,3300 Bloor St W Unit-FC4 M8X 2X3,manual_confirmed
10808117.0,CAPTAIN NEON,220 Yonge St None M5B 2H1,manual_confirmed
10846464.0,CAPYBARA,2323 Bloor St W Unit-105 M6S 4W1,manual_confirmed
10838488.0,CARIBBEAN ESSENCE,"750 OAKDALE RD, Unit-1 None M3N 2Z4",manual_confirmed
10802704.0,CARIBBEAN HOTPOT,"1 EGLINTON SQ, Unit-143 None M1L 2K1",manual_confirmed
10843582.0,CARIBBEAN QUEEN FINE DINING & TAKE-OUT,10 Bradstock Rd None M9M 1M8,manual_confirmed
10808541.0,CARIBBEAN QUEEN JERK,2079 Lawrence Ave W None M9N 1H7,manual_confirmed
10856045.0,CHA CHENG TEALATO,56 Wellesley St W None M5S 2S3,manual_confirmed
10794937.0,CHA MIAO,5373 Yonge St None M2N 5R6,manual_confirmed
10831243.0,CHAI  SAMOSA & CHAAT,1291 Gerrard St E None M4L 1Y8,manual_confirmed
10832691.0,CHAINSMOKER URBAN HALAL BARBECUE,1892 Lawrence Ave E None M1R 2Y5,manual_confirmed
10793213.0,CHAMPION DONER,3300 Keele St None None,manual_confirmed
10857694.0,CHAPAYON,4909 Yonge St Unit-B M2N 5N4,manual_confirmed
10845228.0,CHARMAINE SWEETS,939 Eglinton Ave E None M4G 4E8,manual_confirmed
10808960.0,CHATIME BLOOR,341 Bloor St W None M5S 1W8,manual_confirmed
10835902.0,CHATOREY,69 Lebovic Ave Unit-B106 None,manual_confirmed
10844230.0,CHATPATEY,41 Lebovic Ave Unit-A126 None,manual_confirmed
10789936.0,CHEESYPLACE,2940 Bloor St W None M8X 1B6,manual_confirmed
10810127.0,CHENGDU STREET FOOD,405 Dundas St W None M5T 1G6,manual_confirmed
10815295.0,CHICHA SAN CHEN,112 Elizabeth St Unit-3 M5G 1P5,manual_confirmed
10848769.0,CHICHOP,2352 Yonge St None M4P 2E6,manual_confirmed
10839188.0,CHINESE AND VIETNAMESE FOOD,40 Carl Hall Rd Unit-E21 M3K 2C1,manual_confirmed
10800168.0,CHINESE CRISPY BEEF PIE,"384 YONGE ST, Bsmt-53 None M5B 1S8",manual_confirmed
10831784.0,CHINESE FLAVORS,554 Sheppard Ave W None M3H 2R9,manual_confirmed
10837241.0,CHIT CHAAT,438 Horner Ave Unit-A M8W 2B3,manual_confirmed
10847458.0,CHOCOLATE EH,"6464 YONGE ST, Unit-106K None M2M 3X4",manual_confirmed
10807969.0,CHOJU,5210 YONGE ST None M2N 5P6,manual_confirmed
10834226.0,CHUNG CHUN RICE DOG,372 Yonge St Bldg-2 M5B 1S6,manual_confirmed
10850797.0,CHUNG'S CARIBBEAN,4205 Keele St Unit-7 M3J 3T8,manual_confirmed
10856781.0,CHUNGCHUN RICE DOG,11 Byng Ave Unit-35 None,manual_confirmed
10806622.0,CHUNGCHUN RICE DOG WELLESLEY,582 Yonge St None M4Y 1Z3,manual_confirmed
10796919.0,CITIZEN PAAN MAHAL,4820 Sheppard Ave E Unit-21 M1S 5M8,manual_confirmed
10821187.0,CIVIL WORKS,505 Richmond St W Unit-R3U M5V 1Y3,manual_confirmed
10776659.0,CKTL & CO.,330 Bay St Unit-100 M5H 2S8,manual_confirmed
10846853.0,COAST TO COAST SEAFOOD,760 COLLEGE ST None M6G 1C4,manual_confirmed
10792791.0,COMMA,490 Queen St W None M5V 2B3,manual_confirmed
10806871.0,COMPTON AVE,1282 DUNDAS ST W None M6J 1X7,manual_confirmed
10796997.0,CONG CAPHE,424 Bloor St W None M5S 1X5,manual_confirmed
10859435.0,CONTEAGO,1365 Wilson Ave None M3M 1H7,manual_confirmed
10832604.0,CORAL RESTOBAR,1375 Danforth Rd Unit-11-12 M1J 1G7,manual_confirmed
10862769.0,CORDUROY,1012 Queen St E None M4M 1K1,manual_confirmed
10854324.0,CRANZ EMPANADAS,3588 Dufferin St None M3K 1N1,manual_confirmed
10793941.0,CREPE DELICIOUS,220 Yonge St Unit-F016 M5B 2H1,manual_confirmed
10822780.0,CREPE DELICIOUS,2641 LAWRENCE AVE E None M1P 22,manual_confirmed
10798657.0,CRUDO,1451 Royal York Rd Unit-102 M9P 3B2,manual_confirmed
10854273.0,CSK (CHAAT. SHAKES. KATHI),208 Queens Quay  W None M5J 2Y5,manual_confirmed
10808191.0,CU TTEOKBOKKI,5369 Yonge St None M2N 5R6,manual_confirmed
10792788.0,CUCKOO CAKERY,49 Merchants Wharf None M5A 0R6,manual_confirmed
10844395.0,CUPCAKE PARADISE,15 St Clair Ave W None M4V 1K6,manual_confirmed
10862391.0,CUPCAKECENTRAL.CA,486 Front St W None M5V 0V2,manual_confirmed
10847701.0,D'AMO,1275 Morningside Ave Unit-5 M1B 3W1,manual_confirmed
10860272.0,DADA GIMBAP,364 Huron St None M5S 2G4,manual_confirmed
10798292.0,DAHU HOTPOT,47 Baldwin St None M5T 1L1,manual_confirmed
10838716.0,DALDONGNAE 12,361 Yonge St None M5B 1S1,manual_confirmed
10773675.0,DAMDA,659 Bloor St W None M6G 1L1,manual_confirmed
10778713.0,DANISH PASTRY HOUSE,1090 Don Mills Rd None M3C 3R6,manual_confirmed
10781385.0,DANISH PASTRY HOUSE,40 King St W None M5H 3Y2,manual_confirmed
10809699.0,DANISH PASTRY HOUSE,399 Bathurst St None M5T 2S8,manual_confirmed
10779326.0,DAPHNE,67 Richmond St W None M5H 1Z5,manual_confirmed
10800790.0,DARK HORSE ESPRESSO,55 Bloor St W None M4W 1A5,manual_confirmed
10830353.0,DAVID ADJEY'S YORKIE BURRITO,55 MILL ST None M5A 3C4,manual_confirmed
10810857.0,DELHI MOMOS,113 Bond St Bsmt-2 M5B 1Y2,manual_confirmed
10800099.0,DELHIITES,717 1/2 Queen St E None M4M 1H1,manual_confirmed
10851256.0,DELICIOUS TASTE,5415 Yonge St None M2N 5R6,manual_confirmed
10853984.0,DESI FOOD JUNCTION,1051 Bloor St W None M6H 1M4,manual_confirmed
10845844.0,DESI SPOT,"41 LEBOVIC AVE, Unit-A123 None None",manual_confirmed
10829790.0,DEVON GOOD FOOD,2865 Jane St None M3N 2J5,manual_confirmed
10863609.0,DHARMAYUG KATHIYAWADI FOOD,6923 Steeles Ave W Unit-4 M9W 6T6,manual_confirmed
10789302.0,DHILLON'S KARAHI SPOT,1213 Bayview Ave None M4G 2Z8,manual_confirmed
10773002.0,DIA,387 Bloor St E None M4W 1H7,manual_confirmed
10844553.0,DIAMOND KABAB HOUSE,3238 Eglinton Ave E None M1J 2H6,manual_confirmed
10789925.0,DICKSON BARBEQUE CENTRE,2958 BLOOR ST W None M8X 1B7,manual_confirmed
10816135.0,DIRTY BIRRIAS,1610 QUEEN ST E None M4L 1G2,manual_confirmed
10843534.0,DIVAS CREPE ON A STICK,1308 St Clair Ave W None M6E 1C1,manual_confirmed
10784681.0,DOKKAEBI,1620 Bloor St W None M6P 1A7,manual_confirmed
10807081.0,DOMINO'S,4207 Keele St Unit-3 M3J 3T8,manual_confirmed
10829315.0,DOMINO'S,3245 Finch Ave E Unit-11 M1W 4C1,manual_confirmed
10800370.0,DON DON IZAKAYA,130 Dundas St W Flr-2 M5G 1C3,manual_confirmed
10811314.0,DONER PALACE,1322 Gerrard St E B M4L 1Z1,manual_confirmed
10806856.0,DORAJI,486 Front St W Unit-WM 38 M5V 0V2,manual_confirmed
10863643.0,DOSE LOUNGE LTD,1334 DANFORTH AVE None M4J 1M9,manual_confirmed
10849128.0,DUBAIMO CHOCOLATES,1020 St Clair Ave W None M6E 1A4,manual_confirmed
10809746.0,EGGSMART,2947 Bloor St W Unit-A M8X 1B8,manual_confirmed
10840719.0,EGGY'S WAFFLES,3276 Midland Ave Unit-C125 M1V 0C8,manual_confirmed
10786395.0,EHWA UPTOWN,4866 Yonge St None M2N 5N2,manual_confirmed
10816740.0,EL INKA,21 St Clair Ave E Unit-100 M4T 1L9,manual_confirmed
10820907.0,EL PALOMAR EMPANADAS AND GELATO,1357 St Clair Ave W None M6E 1C5,manual_confirmed
10800200.0,ELEVEN NINETY-TWO,1192 QUEEN ST W None M6J 1J6,manual_confirmed
10853644.0,ELYSIAN LOUNGE,134 Millwick Dr Unit-C M9L 1Y6,manual_confirmed
10830663.0,ENCHANTED POUTINERIE,45 Abraham Welsh Rd Unit-B7 M9M 0G6,manual_confirmed
10847979.0,ESPRO,2102 QUEEN ST E None M4E 1E2,manual_confirmed
10844703.0,EUROPA CAFFE,1168 THE QUEENSWAY None M8Z 1R5,manual_confirmed
10828117.0,FAMOUS WOK,200 Front St W Unit-F004 M5V 3K2,manual_confirmed
10860270.0,FANGIO TRATTORIA,1111 Queen St E None M4M 1K7,manual_confirmed
10858218.0,FAROOJ ABO ALABAD,2064 Lawrence Ave E Unit-2064 M1R 2Z5,manual_confirmed
10860839.0,FAST FRESH FOODS,200 Front St W None M5V 3K2,manual_confirmed
10854321.0,FAT BASTARD BURRITO,2008 Queen St E None M4L 1J3,manual_confirmed
10845627.0,FAT BASTARD BURRITO,930 Bloor St W None M6H 1L4,manual_confirmed
10808178.0,FAT BASTARD BURRITO,31 Rexdale Blvd Unit-3107 M9W 1P1,manual_confirmed
10817175.0,FAT BASTARD BURRITO,2561 Victoria Park Ave None M1T 1A4,manual_confirmed
10779387.0,FAT BASTARD BURRITO,"5085 SHEPPARD AVE E, Unit-15 None M1S 4N8",manual_confirmed
10771385.0,FAT BASTARD BURRITO,"96 GERRARD ST E, Unit-3 None M5B 1G7",manual_confirmed
10805957.0,FAT BASTARD BURRITO,1222 St Clair Ave W None M6E 1B4,manual_confirmed
10859289.0,FAT BASTARD BURRITO CO,2538 Weston Rd None M9N 2A6,manual_confirmed
10777163.0,FAT BASTARD BURRITO CO.,808 York Mills Rd None M3B 1X8,manual_confirmed
10805311.0,FAT BASTARD BURRITO CO.,126 Atlantic Ave None M6K 1X9,manual_confirmed
10828968.0,FAT BASTARD BURRITO CO.,2400 Bloor St W None M6S 1P5,manual_confirmed
10817626.0,FIFTYLAN,"4750 YONGE ST, Unit-105 None M2N 5M6",manual_confirmed
10859916.0,FIFTYLAN,311 Queen St W None M5V 2A4,manual_confirmed
10792895.0,FINE ARTISANAL WINES & FOOD,226 Christie St None M6G 3B7,manual_confirmed
10853583.0,FISH & CHICKS & CHIPS,1310 ST CLAIR AVE W None M6E 1C1,manual_confirmed
10853804.0,FITCAKE,3367 Bloor St W None M8X 1G2,manual_confirmed
10794644.0,FIYU FOOD TRUCK,44 ST GEORGE ST None M5S 2E4,manual_confirmed
10779364.0,FLORETTE,1168 Queen St W None M6J 1J5,manual_confirmed
10844989.0,FLORIN TRATTORIA,80 Richmond St W None M5H 2A4,manual_confirmed
10852675.0,FOOD FOR NOW,2445 Lake Shore Blvd W None M8V 1C5,manual_confirmed
10772899.0,FOOD HALL,1 Bridgepoint Dr None M4M 2B5,manual_confirmed
10795724.0,FOOD MANTRA,3583 Lake Shore Blvd W None M8W 1P5,manual_confirmed
10802163.0,FOREST HILL FARMHOUSE,1130 Queen St E None M4M 1L1,manual_confirmed
10773973.0,FOREST HILL FARMHOUSE,2066 Yonge St Unit-2 M4S 2A3,manual_confirmed
10853115.0,FOREVER YOUNG FOOD FUN PARTY,6600 Yonge St None M2M 3X4,manual_confirmed
10807524.0,FORTUNE-KING HOTPOT,359 Spadina Ave None M5T 2G3,manual_confirmed
10807178.0,FREDDY'S GREEK,148 Sumach St None M5A 0P9,manual_confirmed
10776021.0,FRESH BURRITO,1085 Kingston Rd Unit-9 M1N 4E3,manual_confirmed
10811885.0,FRESH BURRITO,3575 Sheppard Ave E None M1T 3K8,manual_confirmed
10858659.0,FRIDA'S MEXI-CAKES,1694 Eglinton Ave W None M6E 2H5,manual_confirmed
10863431.0,FU-PANDA MAO CAI,428 Dundas St W None M5T 1G7,manual_confirmed
10852002.0,FUSETTES,407A Yonge St None M5B 1S9,manual_confirmed
10862001.0,FUSHUN STONE POT,482 Dundas St W None M5T 1G9,manual_confirmed
10613268.0,FUTURA GRANITA AND GELATO,964 ST CLAIR AVE W None M6E 1A1,manual_confirmed
10859224.0,French Toast,196 Augusta Ave None M5T 2L6,manual_confirmed
10832177.0,G FOR GELATO,102 Crockford Blvd Unit-2 M1R 3C3,manual_confirmed
10860122.0,GAIMA RICE BOWL,5317 Yonge St None M2N 5R4,manual_confirmed
10851247.0,GALA CANADA CAFE & VARIETY,2083 Lawrence Ave W None M9N 1H7,manual_confirmed
10862003.0,GAMTHI AUTHENTIC DESI FOOD,1555 O'Connor Dr None M4B 2V7,manual_confirmed
10810060.0,GATEAU GHOST,974 College St None M6H 1A5,manual_confirmed
10844965.0,GELATO ON THE DANNY,1980 DANFORTH AVE None M4C 1J6,manual_confirmed
9032401.0,GEORGE THE GREEK,3575 Lake Shore Blvd W None M8W 1P5,manual_confirmed
10842653.0,GHEE SYMPHONY,545 KEELE ST None M6N 3E4,manual_confirmed
10821895.0,GIANNI'S GELATO,241 Queen St W None M5V 1Z4,manual_confirmed
10772858.0,GIGLI CAFFE,399 Jane St None M6S 3Z6,manual_confirmed
10807995.0,GIL'S FISH & CHIPPERIE,220 Yonge St None M5B 2H1,manual_confirmed
10815042.0,GIMBAP SHOP,11 Spring Garden Ave None M2N 3G1,manual_confirmed
10853978.0,GIRAGI,486 Front St W None M5V 0V2,manual_confirmed
10856747.0,GOLDEN HORSESHOE BARBECUE,657 Dupont St None M6G 1Z4,manual_confirmed
10773676.0,GONG CHA,1918 QUEEN ST E None M4L 1H5,manual_confirmed
10793047.0,GOOD MORNING FRIENDS,5050 Dufferin St Unit-124 M3H 5T5,manual_confirmed
10799446.0,GRAINATION,204 Spadina Ave Unit-BSMT M5T 2C2,manual_confirmed
10841680.0,GRAND BARGAIN JUNCTION GARDENS,2938 DUNDAS ST W None M6P 1Y8,manual_confirmed
10810566.0,GRANDMA LOVES YOU,40 St Clair Ave W Unit-101 M4V 1M2,manual_confirmed
10830256.0,GRAPE WITCHES,497 Richmond St W Unit-R2 None,manual_confirmed
10821693.0,GREEK FREAK,424 Wilson Ave None M3H 1S9,manual_confirmed
10808961.0,GREEK MANSION,5651 Steeles Ave E Unit-10 M1V 5P6,manual_confirmed
10852348.0,GREEK THEATRE (GUILD PARK AND GARDEN),201 GUILDWOOD PKWY None M1E 1P6,manual_confirmed
10852005.0,GREELZ ON BLOOR,2100 Bloor St W Unit-5 M6S 5A5,manual_confirmed
10832361.0,GREEN BOX EXPRESS,180 Queen St W Unit-101 M5V 1Z1,manual_confirmed
10775830.0,GULLY,521 Bloor St W None M5S 1Y4,manual_confirmed
10818794.0,GUSTO GELATO,2919 Dufferin St None M6B 3S7,manual_confirmed
10803450.0,GYUKI,388 Queen St W Unit-388 M5V 2A6,manual_confirmed
10842611.0,HABIBZ CORNER,578 Queen St W None M5V 2B5,manual_confirmed
10802025.0,HABIBZ CORNER FUSION STREET FOOD,1806 Jane St None M9N 2T3,manual_confirmed
10809972.0,HADRIEN PATISSERIE,709 The Queensway None M8Y 1L2,manual_confirmed
10860750.0,HAKKA DYNASTY,2141 Kipling Ave Bldg-10A M9W 4K8,manual_confirmed
10830672.0,HAKKA PALACE,62 Overlea Blvd Unit-8 M4H 1C4,manual_confirmed
10849496.0,HAKKA PAVILION,31 Tapscott Rd Unit-T58A M1B 4Y7,manual_confirmed
10793445.0,HAKKA RISE AND MOMO HUB,"4286 KINGSTON RD, Unit-5 None M1E 2M8",manual_confirmed
10813342.0,HAKKA WOK HEI,371 Roncesvalles Ave None M6R 2M8,manual_confirmed
10811313.0,HAKKALAND,4549 Kingston Rd Unit-A M1E 2P1,manual_confirmed
10863749.0,HAKU IZAKAYA,168 Major St None M5S 2L3,manual_confirmed
10805205.0,HALAL MEALS,103 Manville Rd None M1L 4H9,manual_confirmed
10819640.0,HALIBUT HOUSE FISH & CHIPS,2814 Lake Shore Blvd W Unit-1 M8V 1H7,manual_confirmed
10803249.0,HALIBUT HOUSE FISH AND CHIPS,2151 St Clair Ave W Unit-103 M6N 1K5,manual_confirmed
10758001.0,HAMOV FINE FOOD,3350 DUFFERIN ST None M6A 3A4,manual_confirmed
10830120.0,HAN BA TANG,4862 YONGE ST None M2N 5N2,manual_confirmed
10841536.0,HAN KKI,1170 Queen St W None M6J 1J5,manual_confirmed
10807997.0,HAPPY TANGLE,220 Yonge St None M5B 2H1,manual_confirmed
10813971.0,HAVEN BREWS,222 Finch Ave W Unit-101-102 M2R 1M6,manual_confirmed
10806788.0,HAZUKIDO,"1800 SHEPPARD AVE E, Unit-CRU 1096 None M2J 5A7",manual_confirmed
10849686.0,HEART BROKEN CANTINA,1635 Lawrence Ave W Unit-8 M6L 3C9,manual_confirmed
10845511.0,HEAVEN FINE FOODS,30 Baywood Rd Unit-12 M9V 3Z2,manual_confirmed
10857541.0,HERO DUMPLING,437 YONGE ST None M5B 1T3,manual_confirmed
10801800.0,HES LOUNGE,550 Queens Quay  W Unit-12 M5V 3M8,manual_confirmed
10836046.0,HEYTEA TORONTO,505 Yonge St Unit-6 M4Y 1Y3,manual_confirmed
10853823.0,HI BOWL,517 Yonge St Unit-2 M4Y 1Y3,manual_confirmed
10820097.0,HIGH PARK ESPRESSO,2133 Bloor St W None M6S 1N2,manual_confirmed
10850055.0,HIGHLAND MOMO,2267 Islington Ave None M9W 3W7,manual_confirmed
10813413.0,HIMALAYANMOMO HOUSE,2655 YONGE ST None M4P 2J6,manual_confirmed
10808684.0,HOMETOWN ROAD,66 Wellington St W Unit-0063C M5X 1H6,manual_confirmed
10857880.0,HONEY CHINESE (PORTLAND SQUARE - 3rd FL.),600 King St W None M5V 1M3,manual_confirmed
10808555.0,HOOKY'S FISH & CHIPS,486 Front St W Unit-WM M5V 0V2,manual_confirmed
10861944.0,HOUSE OF MOSES,168 BALDWIN ST None M5T 1L8,manual_confirmed
10814710.0,HOYRA,1566 Bloor St W None M6P 1A4,manual_confirmed
10839677.0,HSU'S SEAFOOD,41-43 Baldwin St None M5T 1L1,manual_confirmed
10854003.0,HUA HIN THAI FOOD,383 Jane St None M6S 3Z3,manual_confirmed
10799742.0,HUY-KY,1046 Gerrard St E None M4M 1Z8,manual_confirmed
10787686.0,HYDERABADI WRAPS,40 ST GEORGE ST None M5S 2E4,manual_confirmed
10832168.0,I AM DONER,"4841 YONGE ST, Unit-200 None M2N 5X2",manual_confirmed
10856897.0,IBUND,5457 Yonge St None M2N 5S1,manual_confirmed
10829436.0,ICE FLAME,8130 Sheppard Ave E Unit-104 M1B 3W3,manual_confirmed
10813608.0,IM MOCHI,677 Queen St W None M6J 1E6,manual_confirmed
10820682.0,INDIA WAALE DESI STREET FOOD,3040 Don Mills Rd Unit-B M2J 3C1,manual_confirmed
10815671.0,INDIAN PAKWAN,2646 Islington Ave None M9V 2X5,manual_confirmed
10853351.0,INDIAN STREET FOOD CO,50 Brant St None M5V 3G9,manual_confirmed
10842460.0,INDIAN STREET FOOD CO,1701 Bayview Ave None M4G 3C1,manual_confirmed
10787967.0,ISLAND FOODS,8 Gladstone Ave None M6J 3K6,manual_confirmed
10772678.0,ISLAND OYSTERS,1165 Bloor St W None M6H 1M9,manual_confirmed
10816818.0,ISLAND OYSTERS,499 Richmond St W Unit-K6 None,manual_confirmed
10790214.0,ISSHO,583 Gerrard St E None M4M 1Y2,manual_confirmed
10821268.0,J'S STEAKFRITES,577 COLLEGE ST None M6G 1B2,manual_confirmed
10862108.0,JACKIES CREATIVE CAKES,3601 Lawrence Ave E Unit-7 M1G 1P5,manual_confirmed
10838576.0,JACOBS & CO. STEAKHOUSE,81 Bay St Flr-4 M5E 1Z8,manual_confirmed
10819338.0,JAFFNA STREET FOOD,275 Dundas St W None M5T 3K1,manual_confirmed
10838558.0,JAMAICAN SPIKED PATTIES,8 MERCER ST None M5V 0C4,manual_confirmed
10842394.0,JAMIL'S,1086 Queen St W None M6J 1H8,manual_confirmed
10830984.0,JANGTEO GUKBAP,5433 Yonge St None M2N 5R6,manual_confirmed
10808196.0,JAPADOG,486 Front St W Unit-WM24 M5V 0V2,manual_confirmed
10802738.0,JAPANESE FAST FOOD YA (NOBUYA),285 Royal York Rd None M8V 2W1,manual_confirmed
10844822.0,JC FASTFOOD,111 Rylander Blvd None M1B 4X3,manual_confirmed
10843188.0,JERK KING,2300 Yonge St Unit-S120 M4P 1E4,manual_confirmed
10829992.0,JINGLE BITES & BREWS - DWV 2025,55 Mill St None M5A 3C4,manual_confirmed
10814726.0,JOHN ANDERSON CHARCOAL BROILED HAMBURGERS,2832 Victoria Park Ave None M2J 4A8,manual_confirmed
10863432.0,JP PANIPURI,2687 Kipling Ave Unit-10A M9V 5G6,manual_confirmed
10849276.0,JUGOS Y ANTONIO'S DE MI PUEBLO,2111 Jane St Unit-12 M3M 1A2,manual_confirmed
10782539.0,JULIENNE'S PATISSERIE,2195 Gerrard St E None M4E 2C6,manual_confirmed
10795248.0,JUNCTION FOOD CO.,545 KEELE ST None M6N 3E4,manual_confirmed
10804041.0,KADAK,2088 Yonge St None M4S 2A3,manual_confirmed
10858217.0,KAJIKEN NORTH YORK,4850 Yonge St None M2N 5N2,manual_confirmed
10818379.0,KALYUG,885 Dundas St W Unit-885 M6J 1V9,manual_confirmed
10796526.0,KANOM,275 Dundas St W Unit-28B M5T 3K1,manual_confirmed
10807977.0,KANTO BY TITA FLIPS,5210 YONGE ST None M2N 5P6,manual_confirmed
10849634.0,KAO KANG BY KHO LIPE,486 Front St W None M5V 0V2,manual_confirmed
10845204.0,KARACHI KABAB WALA,463 Queen St W None M5V 2A9,manual_confirmed
10810420.0,KARACHI XPRESS,69 Lebovic Ave Unit-D111-112 None,manual_confirmed
10840809.0,KARAHI POINT,25 The West Mall Unit-F002 M9C 1B8,manual_confirmed
10852525.0,KARAHI POINT,2642 Islington Ave Bldg-- M9V 2X5,manual_confirmed
10838272.0,KARAHI POINT EXPRESS,736 Bay St Bldg-1 M5G 2M4,manual_confirmed
10786522.0,KARNAVATI STREET FOOD & TIFFIN SERVICE,3863 Lawrence Ave E None M1G 1R2,manual_confirmed
10816903.0,KEZY DONER,109 Mc Caul St Unit-36 M5T 3K5,manual_confirmed
10817293.0,KIBO FOOD STATION,24 Martin Ross Ave Unit-4 M3J 2K8,manual_confirmed
10821011.0,KIMBAP KARAH ON,"5418 YONGE ST, Unit-18 None M2N 6X4",manual_confirmed
10784332.0,KING OF PUNJABI TADKA,1275 Morningside Ave Unit-10 M1B 3W1,manual_confirmed
10818445.0,KINGSTON 12 PATTY SHOP,1635 DUNDAS ST W None M6K 1V2,manual_confirmed
10794946.0,KINGSTON 12 PATTY SHOP,1808 Eglinton Ave W None M6E 2H6,manual_confirmed
10809596.0,KOH LIPE,33 Baldwin St None M5T 1L1,manual_confirmed
10864089.0,KOKO'S TIFFIN,2501 Finch Ave W None M9M 2G1,manual_confirmed
10848478.0,KOTTU KADAI,3351 Markham Rd Unit-111 M1X 0A6,manual_confirmed
10825731.0,KOZ BINGOL EXPRESS,655 Queen St W None M6J 1E6,manual_confirmed
10780628.0,KREAM,526 Yonge St Bldg-1 M4Y 1X9,manual_confirmed
10827345.0,KUNAFA'S CHOCOLATE INC,133 Manville Rd Unit-22 M1L 4J7,manual_confirmed
10787029.0,KUSINERO DE PANADERIA,883 Eglinton Ave W None M6C 2C1,manual_confirmed
10823051.0,KUYA DON LOMI BATANGAS,3645 Bathurst St Unit-1 M6A 2E4,manual_confirmed
10778995.0,Khalifa Kabab & Karahi,235 Dixon Rd Unit-1 M9P 2M5,manual_confirmed
10805469.0,LA BOTANA MEXICANA,"3111 DUFFERIN ST, Unit-101 None M6A 2S7",manual_confirmed
10780175.0,LA CANTINA DEL PUEBLO LOUNGE,9 Milvan Dr Bldg-5 M9L 1Y9,manual_confirmed
10808199.0,LA CUBANA,486 Front St W Unit-WM35 M5V 0V2,manual_confirmed
10798263.0,LA LUNA PANADERIA,1650 Jane St Unit-1 M9N 2R8,manual_confirmed
10795874.0,LA NAYARITA,930 Queen St W None M6J 1G6,manual_confirmed
10817356.0,LA POZOLERIA MEXICANA,1896 Jane St None M9N 2T8,manual_confirmed
10799148.0,LA UNICA PANADERIA MEXICANA,850 Wilson Ave None M3K 1E5,manual_confirmed
10840035.0,LA UNICA PANDERIA MEXICANA,4 Bradstock Rd None M9M 1M8,manual_confirmed
10825558.0,LAHORE TIKKA HOUSE,1365 Gerrard St E None M4L 1Z3,manual_confirmed
10863772.0,LAILA'S CHEESECAKE CO,855 Browns Line None M8W 3V7,manual_confirmed
10808112.0,LALA'S CANTINA,220 Yonge St None M5B 2H1,manual_confirmed
10849625.0,LAMOCHI SWEETS,3580 Mcnicoll Ave None M1V 5G2,manual_confirmed
10840434.0,LARB MUANG,45 Baldwin St None M5T 1L1,manual_confirmed
10855643.0,LAS MUNS,28 Bathurst St Unit-1-112 None,manual_confirmed
10797119.0,LAZY BARISTA,155 Queens Quay  E Unit-1 M5A 0W4,manual_confirmed
10840310.0,LAZY DAISY FOODS,388 CARLAW AVE None M4M 2T4,manual_confirmed
10831676.0,LE BEAU BOULANGERIE,131 Mill St None M5A 2Z8,manual_confirmed
10808115.0,LE PETIT CORNICHON,220 Yonge St None M5B 2H1,manual_confirmed
10857064.0,LEBANESE EXPRESS,140 St George St None M5S 3G6,manual_confirmed
10855499.0,LEE KEE DUMPLING HOUSE,15 Northtown Way None M2N 7A2,manual_confirmed
10817727.0,LEE YAKINIKU,5330 Yonge St None M2N 5P9,manual_confirmed
10824006.0,LEGACY LOUNGE,901 Jane St None M6N 4C6,manual_confirmed
10809658.0,LEMON LILY,"747 QUEEN ST E, Unit-102 None M4M 1H3",manual_confirmed
10808116.0,LIBRETTO,220 Yonge St None M5B 2H1,manual_confirmed
10859247.0,LILI,486 Front St W Unit-9 M5V 0V2,manual_confirmed
10859425.0,LILIANA,1198 Queen St W None M6J 1J6,manual_confirmed
10844491.0,LIMON MIDTOWN,3265 Yonge St None M4N 2L5,manual_confirmed
10792473.0,LIN XIANG NING,"5418 YONGE ST, Unit-19 None M2N 6X4",manual_confirmed
10846675.0,LITTLE ESE,875 Queen St W None M6J 1G5,manual_confirmed
10790503.0,LITTLE MOO,1400 QUEEN ST E None M4L 1C9,manual_confirmed
10861444.0,LOLA ASTY,4403 Kingston Rd Unit-102 M1E 2N2,manual_confirmed
10860292.0,LONCH-TIME,1275 Bloor St W Bldg-- M6H 1N7,manual_confirmed
10835980.0,LOS GYROS,500 Queen St E None M5A 1T7,manual_confirmed
10848121.0,LOST IN TOKYO PARFAIT SHOP,636 Queen St W None M6J 1E4,manual_confirmed
10788886.0,LUCIE,100 Yonge St Unit-100 M5C 2W1,manual_confirmed
10800334.0,LUCKY DONKATSU,"415 YONGE ST, Bldg-- None M5B 2E7",manual_confirmed
10812364.0,LUNA'S  KABAB WRAPS,1355 GERRARD ST E None M4L 1Y8,manual_confirmed
10849794.0,M CHABAR,491 Bloor St W None M5S 1Y2,manual_confirmed
10844947.0,M SQUARE CAKE,652 Yonge St None M4Y 2A6,manual_confirmed
10835251.0,MA BELLE,2131 Lawrence Ave E Unit-101 M1R 5G4,manual_confirmed
10820277.0,MAAYA / MIA,244 Adelaide St W None M5H 1X6,manual_confirmed
10782092.0,MAC'S SUSHI,"900 DUFFERIN ST, Unit-4016 None M6H 4A9",manual_confirmed
10804711.0,MAD RADISH,4 King St W Unit-102 M5H 1B6,manual_confirmed
10824846.0,MADAME GATEAUX,2034 DANFORTH AVE None M4C 1J6,manual_confirmed
10834228.0,MADE IN JAPAN TERIYAKI EXPERIENCE,861 York Mills Rd Unit-6 M3B 1Y2,manual_confirmed
10773179.0,MADO,144 Yonge St None M5C 1X6,manual_confirmed
10803248.0,MANDY'S,480 Front St W Unit-UG05 M5V 0V5,manual_confirmed
10819138.0,MANDY'S,110 Bloor St W Unit-5B M5S 2W7,manual_confirmed
10862314.0,MANDY'S,2670 Yonge St None M4P 2J5,manual_confirmed
10775729.0,MANGO RAIN,3308 Lake Shore Blvd W Unit-3 M8V 1M4,manual_confirmed
10823894.0,MANITA ROSEDALE,1164 Yonge St None M4W 2L9,manual_confirmed
10798455.0,MAPO POCHA,680 BLOOR ST W None M6G 1L2,manual_confirmed
10798613.0,MARQUIN,100 King St W Unit-CN0159 M5X 1K7,manual_confirmed
10847689.0,MARRY ME MOCHI,220 Yonge St Unit-H023 M5B 2H1,manual_confirmed
10814773.0,MARS VILLAGE FOOD,510 Yonge St Bldg-1 M4Y 1X9,manual_confirmed
10841143.0,MARVELOUS BY FRED,2190 Bloor St W None M6S 1N3,manual_confirmed
10796596.0,MASTER POT,280 Spadina Ave Unit-C M5T 3A5,manual_confirmed
10847789.0,MATCHA HAUS,324 BATHURST ST None M5T 2S3,manual_confirmed
10863812.0,MATCHA HAUS,890 Queen St E None M4M 1J3,manual_confirmed
10861407.0,MATCHA MATCHA,294 DUNDAS ST W None M5T 1G2,manual_confirmed
10820838.0,MATCHA YUZU,"390 SILVER STAR BLVD, Unit-166 None M1V 0G5",manual_confirmed
10805795.0,MATCHATIME,1104 WILSON AVE None M3M 1G7,manual_confirmed
10809170.0,MATSUTEI SUKIYAKI,438 Dundas St W None M5T 1G7,manual_confirmed
10799002.0,MAYFLOWER CHINESE FOOD,1500 Royal York Rd None M9P 3B6,manual_confirmed
10788498.0,MCCAFE,65 Front St W None M5J 1E6,manual_confirmed
10837875.0,MEAL QUEEN,130 St George St None M5S 1A5,manual_confirmed
10822672.0,MEAN POUTINE,4841 Yonge St Unit-204 M2N 5X2,manual_confirmed
10806868.0,MEAT ON MILLIKEN,23 Milliken Blvd Unit-B5 M1V 5H7,manual_confirmed
10805793.0,MEATAA SEVEN,5285 Yonge St Flr-2 M2N 5R3,manual_confirmed
10826193.0,MELLIS CHOCOLATE,"5418 YONGE ST, Unit-10 None M2N 6X4",manual_confirmed
10780121.0,MELTWICH,4525 Kingston Rd Unit-H9 M1E 2P1,manual_confirmed
10841008.0,MENICURE +,3391 YONGE ST None M4N 2M8,manual_confirmed
10801209.0,MERCURY ESPRESSO,465 King St E None M5A 1L6,manual_confirmed
10783556.0,MERLOT,2994 Bloor St W None M8X 1C2,manual_confirmed
10811542.0,MEVAME EAT MEDITERRANEAN,2 Alexander St Bldg-- M4Y 0J2,manual_confirmed
10803120.0,MEXHICO,26 Baldwin St None M5T 1L2,manual_confirmed
10786183.0,MEZCALERO & TAPAS,509 Bloor St W Unit-UPPER M5S 1Y2,manual_confirmed
10779711.0,MEZZA NOTTE TRATTORIA,3169 Dufferin St None M6A 2S9,manual_confirmed
10786983.0,MHEL,1059 Bloor St W None M6H 1M5,manual_confirmed
10847672.0,MIELUNA,483 Bay St Unit-110S M5G 2C9,manual_confirmed
10835946.0,MIZNON,65 Front St W Unit-400B M5J 1E6,manual_confirmed
10807958.0,MOMO & BAO,5210 Yonge St None M2N 5P6,manual_confirmed
10808424.0,MOMO CORNER,161 Baldwin St Unit-6 M5T 1L9,manual_confirmed
10771305.0,MOMO GHAR - TABI,568 PARLIAMENT ST None M4X 1P8,manual_confirmed
10810293.0,MOMO GHAR WEST,2392 Bloor St W None M6S 1P5,manual_confirmed
10811575.0,MOMO HUT,"41 LEBOVIC AVE, Unit-A118 None None",manual_confirmed
10823015.0,MOMO LOCO,"15 MERCHANTS WHARF, Unit-3 None M5A 0N8",manual_confirmed
10843439.0,MOMO MOJO,2772 Dundas St W None M6P 1Y3,manual_confirmed
10837821.0,MOMO2GO,41 Lebovic Ave Unit-A106 None,manual_confirmed
10821990.0,MOMOBOYZ,1748 Lawrence Ave E None M1R 2Y1,manual_confirmed
10813042.0,MOMOHEART@675,675 LANSDOWNE AVE None M6H 3Y9,manual_confirmed
10850869.0,MOMTAZZ KABOB,330 Front St W Bldg-102 M5V 3B7,manual_confirmed
10859377.0,MORE GELATO & CAFFE,392 Pacific Ave None M6P 2R1,manual_confirmed
10778736.0,MOSS PARK ESPRESSO,185 Queen St E None M5A 1S2,manual_confirmed
10862114.0,MOTTO TORONTO,764 Queen St W None M6J 1E9,manual_confirmed
10840188.0,MR FISH DOWNTOWN,333 Spadina Ave None M5T 2E9,manual_confirmed
10774846.0,MR JERK,1365 Lawrence Ave W None M6L 1A4,manual_confirmed
10843316.0,MR SOUVLAKI,148 North Queen St Unit-1 M9C 1A8,manual_confirmed
10795069.0,MR SUB,438 University Ave Unit-105 M5G 2K8,manual_confirmed
10838578.0,MR SUB,55 Eglinton Sq Unit-112 M1L 2K1,manual_confirmed
10823150.0,MR. GREEK,4914 YONGE ST None M2N 5N5,manual_confirmed
10800724.0,MR. GREEK,"6015 STEELES AVE E, Unit-6-7 None None",manual_confirmed
10815037.0,MR. MANGO,40 King St W None M5H 3Y2,manual_confirmed
10843163.0,MR. PANG,5418 Yonge St Unit-17 M2N 6X4,manual_confirmed
10849650.0,MR. PRETZELS,1 Dundas St W Unit-D101A M5G 1Z3,manual_confirmed
10838394.0,MR. PUFFS,808 York Mills Rd Unit-9 M3B 1X8,manual_confirmed
10781013.0,MR. SUB,2050 Victoria Park Ave Unit-A M1R 1V2,manual_confirmed
10860139.0,MR. SUB,3885 Keele St None M3J 1N6,manual_confirmed
10845978.0,MR.GREEK,2061 Steeles Ave W Bldg-2 M3J 3N3,manual_confirmed
10842200.0,MR.SUB,3741 Lawrence Ave E None M1G 1P7,manual_confirmed
10815959.0,MUSOSHIN WATERWORKS,499 Richmond St W Unit-K2 None,manual_confirmed
10859147.0,MY GREEK TABLE,454 Eglinton Ave W None M5N 1A5,manual_confirmed
10841129.0,MYMYCHICKEN TOWN CENTER,300 Borough Dr Unit-FC13 M1P 4P5,manual_confirmed
10780719.0,NAAN AND KABOB,8 William Kitchen Rd Bldg-N100 M1P 5B7,manual_confirmed
10800280.0,NAAN KABOB,240 Queen St W None M5V 1Z7,manual_confirmed
10786881.0,NAI NAI INDONESIAN FOOD,122 St Patrick St Unit-20 M5T 2X8,manual_confirmed
10836667.0,NAIJA JOLLOF,592 Queen St W None M6J 1E3,manual_confirmed
10781788.0,NANA'S CREPERIE,1917 QUEEN ST E None M4L 1H3,manual_confirmed
10771900.0,NANI'S GELATO,120 LYNN WILLIAMS ST None M6K 3N6,manual_confirmed
10840826.0,NANYANG FUSION,879 Bay St Unit-3 M5S 3K6,manual_confirmed
10838397.0,NARIN PASTRY,881 Wilson Ave None M3K 1E6,manual_confirmed
10855315.0,NEWSERENAGRILLS,"3110 KINGSTON RD, Unit-2 None M1M 1P2",manual_confirmed
10842440.0,NGANDA,254 Adelaide St W None M5H 1X6,manual_confirmed
10812955.0,NGOGO,646 Queen St W Unit-646 M6J 1E4,manual_confirmed
10837637.0,NINA'S BRUNCH,238 Augusta Ave None M5T 2L7,manual_confirmed
10857660.0,NISHA'S CULINARY,5928 Finch Ave E Unit-3 M1B 5P8,manual_confirmed
10780607.0,NOBLE MOMOS,2923 LAWRENCE AVE E None M1P 2S8,manual_confirmed
10802640.0,NOME IZAKAYA,92 Fort York Blvd None M5V 4A7,manual_confirmed
10811893.0,NORD LYON,486 Front St W Unit-WM41 M5V 0V2,manual_confirmed
10840094.0,NORD LYON,250 Queen St W None M5V 1Z7,manual_confirmed
10815687.0,NORTH YORK BANQUET HALL/ PHO OXTAIL,1181 Finch Ave W Unit-1X M3J 2V8,manual_confirmed
10797404.0,NOTHING BUNDT CAKES,148 North Queen St Unit-G3 M9C 1A8,manual_confirmed
10779097.0,NUGATEAU,176 YONGE ST None M5C 2L7,manual_confirmed
10819130.0,NUNU ETHIOPIAN FUSION,1178 QUEEN ST W None M6J 1J5,manual_confirmed
10860471.0,NUTBAR,127 Ossington Ave None M6J 2Z6,manual_confirmed
10860561.0,NUTBAR,425 Adelaide St W None M5V 3C1,manual_confirmed
10841689.0,NUTBAR,102 Bloor St W None M5S 1M8,manual_confirmed
10796899.0,NUTTEA,637 Bloor St W None M6G 1K8,manual_confirmed
10790146.0,ON/OFF,5463 Yonge St None M2N 5S1,manual_confirmed
10818050.0,ONE MORE TIME,"5418 YONGE ST, Unit-16 None M2N 6X4",manual_confirmed
10859909.0,ONE STOP WAFFLE SHOP,3140 Dundas St W None M6P 2A1,manual_confirmed
10804871.0,ONE YORK FOOD HALL (5TH FL.),1 York St Flr-5 None,manual_confirmed
10852977.0,ONEFIVESIX,1100 Queen St W Unit-101 M6J 1H9,manual_confirmed
10801885.0,ONO POKE,"3 DUNDAS ST E, Bldg-1 None None",manual_confirmed
10847962.0,OODLES WOK,41 Lebovic Ave Unit-A117 None,manual_confirmed
10781744.0,OPTEAQ,256 Queen St W Unit-256 M5V 1Z8,manual_confirmed
10858478.0,ORETTA CAFFE,160 Front St W None None,manual_confirmed
10860105.0,OSTERIA SPUNTINO,120 FENMAR DR None M9L 1M6,manual_confirmed
10829109.0,OTTO'S BERLIN DONER,505 Richmond St W Unit-K12 M5V 1Y3,manual_confirmed
10791835.0,PAAN CITY,2623 Lawrence Ave E None M1P 2S2,manual_confirmed
10858999.0,PAANDIAN VILAS,799 Brimley Rd None M1J 1C9,manual_confirmed
10788622.0,PANETTORINO FORNO ITALIANO,3797 Lake Shore Blvd W None M8W 1R2,manual_confirmed
10812785.0,PAPA JOHN'S,3551 Sheppard Ave E Unit-2 M1T 3K8,manual_confirmed
10780707.0,PARADISE WINERY INC.,218 Geary Ave None M6H 2C3,manual_confirmed
10823868.0,PARAMOUNT FINE FOODS,1585 The Queensway Bldg-~ M8Z 1T8,manual_confirmed
10819856.0,PARATHA KABAB HOUSE,1179 Brimley Rd None M1P 3G5,manual_confirmed
10787412.0,PARIS BAGUETTE,4841 Yonge St Unit-120 M2N 5X2,manual_confirmed
10824089.0,PARIS BAGUETTE,110 Bloor St W None M5S 2W7,manual_confirmed
10854274.0,PARIS BAGUETTE,171 North Queen St Unit-G2 M9C 1A7,manual_confirmed
10843726.0,PARIS STEAK,120 Atlantic Ave None M6K 1X9,manual_confirmed
10835056.0,PASTABLE,372 Yonge St Bldg-3 M5B 1S6,manual_confirmed
10799755.0,PATAGONIA,1255 St Clair Ave W None M6E 1B8,manual_confirmed
10772702.0,PERFECT MEAT BOWL,3272 Midland Ave Unit-D123 M1V 0C7,manual_confirmed
10818963.0,PETIT POTATO,1033 Bay St None M5S 3A5,manual_confirmed
10825479.0,PHILTHY PHILLY'S CHEESESTEAK & POUTINERIE,31 Rexdale Blvd Unit-3110-C3 M9W 1P1,manual_confirmed
10832289.0,PHYLLO CAFFE,920 PAPE AVE None M4K 3V2,manual_confirmed
10831900.0,PI CO.,1800 Sheppard Ave E Unit-F 014 M2J 5A7,manual_confirmed
10840269.0,PIANO PIANO,1006 Bloor St W None M6H 1M2,manual_confirmed
10809230.0,PIDAPIPO GELATO,656 Yonge St None M4Y 2A6,manual_confirmed
10828659.0,PIKA PIKA,486 Front St W None M5V 0V2,manual_confirmed
10845646.0,PINOKIO,2350 YONGE ST None M4P 2E6,manual_confirmed
10805423.0,PIRAGUA,893 QUEEN ST W None M6J 1G5,manual_confirmed
10771938.0,PITA LAND,11 Industrial St Unit-2 M4G 1Z2,manual_confirmed
10796693.0,PITA LAND,2300 Yonge St None M4P 1E4,manual_confirmed
10785737.0,PITA LITE,1440 Yonge St None M4T 1Y5,manual_confirmed
10847949.0,PIZZZA GIANT,4002 Sheppard Ave E Unit-102D M1S 4R5,manual_confirmed
10847546.0,POKEWORKS,65 Front St W None M5J 1E6,manual_confirmed
10798637.0,POKEWORKS,197 North Queen St None M9C 4Y1,manual_confirmed
10805861.0,POKEWORKS,486 Front St W Unit-WM22 M5V 0V2,manual_confirmed
10802933.0,POKITO,2 St Clair Ave E Unit-C005 M4T 2T5,manual_confirmed
10860810.0,POTATO CORNER,300 Borough Dr Unit-63 M1P 4P5,manual_confirmed
10823847.0,POULET ROUGE,220 Yonge St Unit-F008 M5B 2H1,manual_confirmed
10810298.0,POUTINE HUB,181 PARLIAMENT ST None M5A 2Z4,manual_confirmed
10851652.0,POWPOW GELATO,459 Parliament St None M5A 3A3,manual_confirmed
10832481.0,PRETTY SWEET GELATO,"30 BERTRAND AVE, Unit-B201 None M1L 2P5",manual_confirmed
10849310.0,PRETTY SWEET GELATO,"110 SILVER STAR BLVD, Unit-116 None M1V 5A2",manual_confirmed
10822409.0,PUBLIC GARDENS,577 King St W None M5V 1M1,manual_confirmed
10790490.0,PUMPERNICKEL'S,200 Wellington St W Unit-350 M5V 3C7,manual_confirmed
10843907.0,PUMPERNICKEL'S,351 King St E Unit-103B M5A 0L6,manual_confirmed
10850012.0,PUNJAABI CHAAP HOUSE / ROYAL PAAN,25 Woodbine Downs Blvd Unit-1-2 M9W 6N5,manual_confirmed
10798034.0,PUNTA CANA HAUS LOUNGE,1902 Jane St None M9N 2T8,manual_confirmed
10808792.0,PURPEL,486 Front St W Unit-WM M5V 0V2,manual_confirmed
10809139.0,PURPEL,65 Front St W Unit-CRU331 M5J 1E6,manual_confirmed
10778145.0,QING SHU SPICY HOTPOT,5195 Yonge St None M2N 5P7,manual_confirmed
10836955.0,R.CHANG FOOD LTD,380 Tapscott Rd Unit-3 M1B 2Y8,manual_confirmed
10821889.0,RAJA SWEETS AND FAST FOOD,3000 Danforth Ave None M4C 1M7,manual_confirmed
10805629.0,RAMONA'S,1089 QUEEN ST W None M6J 1H3,manual_confirmed
10805402.0,REAL GREEK GYROS,731 Queen St E None M4M 1H1,manual_confirmed
10829132.0,REAL PINOY TASTE,1150 Morningside Ave Unit-113 M1B 3A4,manual_confirmed
10817642.0,RED CONTAINER,639 Queen St E Unit-REAR M4M 1G4,manual_confirmed
10807998.0,RED SAUCE,220 Yonge St None M5B 2H1,manual_confirmed
10806522.0,RICKY+OLIVIA,996 Queen St E None M4M 1K1,manual_confirmed
10778241.0,RIZ GLUTEN- FREE,3471 Yonge St Unit-A M4N 2N3,manual_confirmed
10859958.0,ROMINAS ITALIAN FOOD,8 Westmore Dr Unit-S3 M9V 3Z7,manual_confirmed
10799435.0,ROSALU SNACKBAR,228 Christie St None M6G 3B7,manual_confirmed
10797189.0,ROWDYS INDIAN AND HAKKA,4352 Kingston Rd Rm-9 M1E 2M8,manual_confirmed
10855831.0,ROXTON PUBLIC HOUSE,1112 Dundas St W None M6J 1X2,manual_confirmed
10855186.0,ROYAL BAITHAK,755 Queen St E None M4M 1H3,manual_confirmed
10798393.0,ROYAL PAAN,41 Lebovic Ave 119-120 None,manual_confirmed
10841284.0,ROYAL TAKEOUT,328 Passmore Ave Unit-45 M1V 5J5,manual_confirmed
10824333.0,RUDY,3397 Yonge St None M4N 2M8,manual_confirmed
10773115.0,RUELO PATISSERIE,463 Mcnicoll Ave None M2H 2C9,manual_confirmed
10836235.0,RUMELI,4700 Dufferin St Unit-6 M3H 5S7,manual_confirmed
10819139.0,RUPOSHI BANGLA,2680 Lawrence Ave E Unit-5 M1P 4Y4,manual_confirmed
10800353.0,RUUMORS RESTO LOUNGE,3466 Dundas St W Unit-6 M6S 2S1,manual_confirmed
10824312.0,SAHIBI KABOB,"69 LEBOVIC AVE, Unit-D110 None None",manual_confirmed
10803496.0,SAIGON PAI,610 GERRARD ST E None M4M 1Y3,manual_confirmed
10842751.0,SAINT GERMAIN,220 Yonge St Unit-202 M5B 2H1,manual_confirmed
10842887.0,SAINT GERMAIN,220 Yonge St Unit-18 M5B 2H1,manual_confirmed
10862478.0,SAK'S FINE FOODS,165 MAIN ST None M4E 2V9,manual_confirmed
10546776.0,SAKU,478 Queen St W None M5V 2B2,manual_confirmed
10863786.0,SAKU,20 Edward St Bldg-1 M5G 1C9,manual_confirmed
10844386.0,SAKURA LOUNGE,33 Mercer St None M5V 1H2,manual_confirmed
10823925.0,SALERNO TRATTORIA,70 Plunkett Rd Unit-7 M9L 2J5,manual_confirmed
10843342.0,SAMMARCO,33 Yonge St Unit-102 M5E 1G4,manual_confirmed
10861605.0,SAMOSA EXPRESS,100 King St W None M5X 1K7,manual_confirmed
10779283.0,SAMOSA WORLD,1571 Sandhurst Crcl Unit-404 M1V 1V2,manual_confirmed
10841034.0,SANDRA CRAFT,1289 GERRARD ST E None M4L 1Y5,manual_confirmed
10813799.0,SANGEETHA VEG,3601 Lawrence Ave E Unit-1 M1G 1P5,manual_confirmed
10775821.0,SANUKI UDON,20 Carlton St Bldg-MAIN M5B 2H5,manual_confirmed
10786390.0,SAVOR,1226 ST CLAIR AVE W None M6E 1B4,manual_confirmed
10808215.0,SAVOURY SAMOSA,16 Mallard Rd Unit-A203 M3B 0A7,manual_confirmed
10854956.0,SAWFT,1006 Bloor St W None M6H 1M2,manual_confirmed
10826195.0,SCORE ON QUEEN,298 Queen St W None M5V 2A1,manual_confirmed
10833721.0,SEAFOOD PRINCESS,3601 Victoria Park Ave Unit-101-105 M1W 3Y3,manual_confirmed
10859081.0,SECRET FOOD FUSION,2761 Kingston Rd None M1M 1M8,manual_confirmed
10849415.0,SENLA VIETNAMESE,133 Richmond St W Unit-101 M5H 2L3,manual_confirmed
10811375.0,SHAKE THERAPY,486 Front St W Unit-WM M5V 0V2,manual_confirmed
10847264.0,SHAMEFUL TIKI ROOM,777 QUEEN ST W None M6J 1G1,manual_confirmed
10782917.0,SHELL SELECT/FRESHII,4722 YONGE ST None M2N 5M4,manual_confirmed
10844931.0,SHIKSHAS CAKE RUSH,1005 Albion Rd Bldg-- M9V 1A6,manual_confirmed
10835677.0,SHILVI STREET FOOD,2291 Kipling Ave Unit-111 M9W 4L6,manual_confirmed
10792136.0,SHUNOKO,3220 Yonge St None M4N 2L2,manual_confirmed
10800361.0,SHUYI TEALICIOUS,394 Spadina Ave None M5T 2G5,manual_confirmed
10819779.0,SIMIT & CHAI,1114 QUEEN ST E None M4M 1K8,manual_confirmed
10850425.0,SIMPLY CHOPS - SUYA CITY,1354 Weston Rd None M6M 4R8,manual_confirmed
10825967.0,SINJEON TOPOKKI & POCHA BLOOR,712 Bloor St W None M6G 1L4,manual_confirmed
10853202.0,SIXTYEIGHT,40 King St W Unit-68 M5H 3Y2,manual_confirmed
10842915.0,SLOW BITE,45 Sheppard Ave E Unit-102 M2N 5W9,manual_confirmed
10771639.0,SMART AND MORRIS JAMAICAN TAKEOUT,854 Bathurst St None M5R 3G3,manual_confirmed
10794511.0,SMOKE'S POUTINERIE,588 Danforth Ave None M4K 1R1,manual_confirmed
10816939.0,SOI THAIFOON,499 Richmond St W Unit-K 14-16 None,manual_confirmed
10823741.0,SOLMAZ BAKLAVA LOKUM PATISSERIE,25 The West Mall Unit-1108 M9C 1B8,manual_confirmed
10777175.0,SOMAR PATISSERIE,2075 Lawrence Ave E Unit-B M1R 2Z4,manual_confirmed
10797266.0,SOUL CHOCOLATE,20 WAGSTAFF DR None M4L 3W9,manual_confirmed
10793447.0,SOUPERLICIOUS,3300 Dufferin St Unit-F M6A 2T5,manual_confirmed
10847064.0,SOUTH INDIAN STREET BITES,"4465 SHEPPARD AVE E, Unit-46 None M1S 5H9",manual_confirmed
10826224.0,SOUVLAKI & PANINI,6 FAIRLAWN AVE None M5M 1S7,manual_confirmed
10848685.0,SOUVLAKI EXPRESS,484 Parliament St None M4X 1P2,manual_confirmed
10794798.0,SOUVLAKI HUT,5304 Dundas St W Bldg-- M9B 1B2,manual_confirmed
10850950.0,SOUVLAKI HUT,2100 Queen St E None M4E 1E1,manual_confirmed
10806387.0,SOUVLAKI HUT RUNNYMEDE,2184 Bloor St W None M6S 1N3,manual_confirmed
10799319.0,SOUVLAKI PLACE,495 Bloor St W None M5S 1Y2,manual_confirmed
10863436.0,SOY BOYS,1056 Queen St E None M4M 1K5,manual_confirmed
10855748.0,SPICY INDIAN FLAVOURS,605 Rogers Rd None M6M 1B9,manual_confirmed
10854652.0,SPOTATO,2471 Yonge St None M4P 2H6,manual_confirmed
10779416.0,SPREZZATURA,1166 Dundas St W None M6J 1X4,manual_confirmed
10862123.0,SQUIRLY'S,807 Queen St W None M6J 1G1,manual_confirmed
10830956.0,STREATERY,38 Forest Manor Rd Unit-C None,manual_confirmed
10799451.0,STREET MOMOS PORT UNION,271 Old Kingston Rd Unit-103 M1C 1B4,manual_confirmed
10834908.0,STUBBE CHOCOLATES,653 ST CLAIR AVE W None M6C 1A7,manual_confirmed
10861040.0,SUAVE KORNER KAFE,2200 Eglinton Ave E Unit-103 M1L 2N3,manual_confirmed
10850367.0,SUBWAY,200 Front St W Unit-C-004 M5V 3K2,manual_confirmed
10844760.0,SUBWAY,170 Sumach St Unit-5 M5A 0C3,manual_confirmed
10844371.0,SUBWAY,78 Dundas St E None M5B 1C9,manual_confirmed
10834224.0,SUBWAY,3030 Don Mills Rd E Unit-27 M2J 3C1,manual_confirmed
10825834.0,SUBWAY,6135 Finch Ave E Unit-3 M1X 0C9,manual_confirmed
10823332.0,SUBWAY,785 Steeles Ave W None M2R 3W9,manual_confirmed
10806950.0,SUBWAY,5919 Leslie St None None,manual_confirmed
10799283.0,SUBWAY,220 Yonge St None M5B 2H1,manual_confirmed
10840116.0,SUBWAY,"222 THE ESPLANADE, Unit-1B None M5A 4M8",manual_confirmed
10789243.0,SUBWAY,2555 Victoria Park Ave Unit-3B M1T 1A3,manual_confirmed
10403383.0,SUBWAY,"142 KENDAL AVE, Unit-144 None M5R 1M3",manual_confirmed
10793783.0,SUBWAY,1717 Bloor St W None M6P 1B2,manual_confirmed
10772207.0,SUBWAY,671 Danforth Ave Flr-1 - FLR-2 M4J 1L3,manual_confirmed
10773032.0,SUBWAY,275 Dundas St W Unit-12 M5T 3K1,manual_confirmed
10773754.0,SUBWAY,1160 Morningside Ave Unit-A M1B 3A4,manual_confirmed
10826131.0,SUBWAY,1082 Queen St W None M6J 1H8,manual_confirmed
10777369.0,SUBWAY,300 Borough Dr Unit-FC-03 M1P 4P5,manual_confirmed
10778237.0,SUBWAY,2848 Ellesmere Rd None M1E 4B8,manual_confirmed
10786527.0,SUBWAY,1571 Sandhurst Crcl Unit-106B M1V 1V2,manual_confirmed
10787823.0,SUBWAY,3316 Keele St None M3M 2H7,manual_confirmed
10788537.0,SUBWAY,1171 Bloor St W None M6H 1M9,manual_confirmed
10775291.0,SUBWAY,120 Eringate Dr Unit-4 M9C 3Z8,manual_confirmed
10797780.0,SUKHOTHAI,460 Front St E None M5A 0E6,manual_confirmed
10779824.0,SULTAN OF SAMOSAS INC.,251 Bartley Dr Unit-1 M4A 2N7,manual_confirmed
10778823.0,SUNNY TAIWANESE FOOD INC,915 Bay St Unit-1 M5S 3L6,manual_confirmed
10863587.0,SUPER SAMOSA SNACKS AND SWEETS,837 Albion Rd Unit-- M9V 1A3,manual_confirmed
10791383.0,SURREAL SWEETS,3513 Bathurst St None M6A 2C5,manual_confirmed
10823795.0,SURTI PAAN & FOODS,11 Westmore Dr Unit-5 M9V 3Y6,manual_confirmed
10844707.0,SUYA CITY EXPRESS,778 Dundas St W None M6J 1V1,manual_confirmed
10774047.0,SWEETIE PIE,3308 Yonge St None M4N 2M4,manual_confirmed
10774290.0,SWEETIE PIE,100 King St W Unit-CN0147 M5X 1K7,manual_confirmed
10862127.0,SWEETS N BITS CREATIONS,227 TAVISTOCK RD None M3M 2P8,manual_confirmed
10811236.0,SZECHUAN,486 Front St W Unit-WM39 M5V 0V2,manual_confirmed
10776774.0,SZECHUAN EXPRESS,3401 Dufferin St Unit-FC16 M6A 2T9,manual_confirmed
10846522.0,TAGPUAN 5,335 Yonge St None M5B 1R7,manual_confirmed
10857687.0,TAHINI'S,690 Dundas St E Unit-6 M5A 0W6,manual_confirmed
10831547.0,TAHINI'S,175 Bloor St E Unit-R1-S M4W 3T5,manual_confirmed
10816742.0,TAKSIM DONER,5906 Yonge St None M2M 3T3,manual_confirmed
10787513.0,TALINE,1276 Yonge St None M4T 1W5,manual_confirmed
10849347.0,TAMADA,3421 Yonge St None M4N 2N1,manual_confirmed
10829689.0,TAROU DON,4675 Steeles Ave E Unit-2FC8 M1V 4S5,manual_confirmed
10809114.0,TASTE OF ALLEY,428 DUNDAS ST W None M5T 1G7,manual_confirmed
10837386.0,TATSURO'S,1378 Queen St E None M4L 1C9,manual_confirmed
10785573.0,TEAKO,1279 GERRARD ST E None M4L 1Y5,manual_confirmed
10765281.0,TEAMENDOUS,10 KARL FRASER RD None M3C 0E8,manual_confirmed
10815697.0,TEDDY BEER,928 Bloor St W None M6H 1L4,manual_confirmed
10846941.0,THAI BARN NA,127 Jefferson Ave None M6K 3E4,manual_confirmed
10803107.0,THAI EXPRESS,65 Front St W Unit-485 M5J 1E6,manual_confirmed
10822539.0,THAI EXPRESS,21 Rexdale Blvd Unit-4002 M9W 5Z3,manual_confirmed
10824269.0,THAI EXPRESS,250 The East Mall Bldg-162 M9B 3Y8,manual_confirmed
10777254.0,THAI ON ROCK,1911 Ellesmere Rd Unit-A M1H 2W5,manual_confirmed
10805457.0,THAI ROOM,43 Milner Ave Unit-D1 M1S 3P6,manual_confirmed
10797129.0,THAI SQUARE,277 Port Union Rd None M1C 2L3,manual_confirmed
10814288.0,THE AREPA REPUBLIC,76 DENSLEY AVE None M6M 2R3,manual_confirmed
10816092.0,THE AREPA REPUBLIC,499 Richmond St W Unit-K1 None,manual_confirmed
10775876.0,THE BAGEL STOP,222 Bay St Unit-E3B M5K 2J7,manual_confirmed
10833371.0,THE BAGEL STOP,243 Consumers Rd None M2J 4W8,manual_confirmed
10855738.0,THE BAGEL STOP,686 Bay St Bldg-2 None,manual_confirmed
10839154.0,THE BALDEV PAAN AND SNACKS,1399 Gerrard St E None M4L 1Z5,manual_confirmed
10842445.0,THE BLACKHORN STEAKHOUSE,251 Ellesmere Rd None M1R 4E4,manual_confirmed
10788990.0,THE BURRITO BROS,320 Richmond St E 107 M5A 1P9,manual_confirmed
10802862.0,THE BURRITO BROS,359 Eglinton Ave W None M5N 1A3,manual_confirmed
10857125.0,THE CASTLE ON QUEEN,884 Queen St E None M4M 1J3,manual_confirmed
10838479.0,THE CHINESE BLOCK,28 Finch Ave W Unit-109 M2N 2G7,manual_confirmed
10835687.0,THE CHOCOLATE ROOM,2652 Islington Ave Bldg-- M9V 2X5,manual_confirmed
10779460.0,THE CHOCOLATERIA,361 Roncesvalles Ave None M6R 2M8,manual_confirmed
10788369.0,THE CHULO,394 Bloor St W None M5S 1X4,manual_confirmed
10831893.0,THE DOPAMINE LOUNGE,"2415 YONGE ST, Flr-1 None M4P 2E7",manual_confirmed
10846321.0,THE DUM SPOT,615 Queen St W None M5V 2B7,manual_confirmed
10809947.0,THE DUMBIRYANI.CA,"20 LOCKPORT AVE, Unit-- None M8Z 2R7",manual_confirmed
10773570.0,THE FARE FOOD CO,300 King St E UNIT-200 M5A 1K4,manual_confirmed
10777631.0,THE FRY,524 Bloor St W None M5S 1Y3,manual_confirmed
10810064.0,THE GRAND INDIAN DINING,507 Queen St W None M5V 2B4,manual_confirmed
10832070.0,THE GREAT CANADIAN BAGEL,112 Elizabeth St None M5G 1P5,manual_confirmed
10832190.0,THE GREENWOOD,1374 Queen St E None M4L 1C9,manual_confirmed
10849646.0,THE HAKKA SPOT,557 Dixon Rd 131 M9W 6K1,manual_confirmed
10816021.0,THE HALAL GUYS,8 Wellesley St E None M4Y 3B2,manual_confirmed
10860866.0,THE HALAL STOP,4205 Keele St Unit-18 M3J 3T8,manual_confirmed
10860614.0,THE HIVE BY HONEY SOUL FOOD,907 Dundas St W None M6J 1V9,manual_confirmed
10833325.0,THE HUT,2528 YONGE ST None M4P 2H7,manual_confirmed
10779456.0,THE INDIAN CANTEEN,100 Yonge St None M5C 2W1,manual_confirmed
10808012.0,THE ISLANDS CARIBBEAN COOKSHOP,486 Front St W None M5V 0V2,manual_confirmed
10775443.0,THE KABOB GUYS,147 Spadina Ave Flr-1 M5V 2L7,manual_confirmed
10802435.0,THE KING'S KURRY,3038 Bloor St W None M8X 1C4,manual_confirmed
10830360.0,THE LINX LOUNGE,205 HUMBER COLLEGE BLVD None M9W 5L7,manual_confirmed
10777242.0,THE MEATHEAD STORE,1210 Markham Rd Unit-9-10 M1H 3B3,manual_confirmed
10837564.0,THE MOMO HOUSE,1416 Queen St W None M6K 1L9,manual_confirmed
10832122.0,THE MOMO STATION-2,633 Markham Rd None M1H 2A4,manual_confirmed
10844487.0,THE POT HOME,5287 Yonge St None M2N 5R3,manual_confirmed
10861877.0,THE RED TRUCK,120 St George St None M5S 0C1,manual_confirmed
10798932.0,THE ROY PUBLIC HOUSE,894 Queen St E None M4M 1J3,manual_confirmed
10863760.0,THE SAND TRAP GOLF SIMULATOR AND LOUNGE,1306 King St W None M6K 1G8,manual_confirmed
10813218.0,THE SPICY ALLEY FOOD,"63 SILVER STAR BLVD, Unit-D1-D2 None M1V 5E5",manual_confirmed
10810881.0,THE SPICY ETHIOPIAN,175 Queen St E None M5A 1S2,manual_confirmed
10776018.0,THE SUYA SPOT,269 Morningside Ave None M1E 3G1,manual_confirmed
10841548.0,THE SUYA SPOT,1269 Weston Rd None M6M 4R2,manual_confirmed
10859033.0,THE SWEET SCOOP,16A Yonge St None M5E 2A3,manual_confirmed
10798378.0,THE SWEET SPOT,41 Baldwin St None M5T 1L1,manual_confirmed
10779691.0,THE WING SPOT,841 Queen St W Unit-1 M6J 1G4,manual_confirmed
10798633.0,THE WOLFE TONE,1961 Queen St E None M4L 1H7,manual_confirmed
10808461.0,TIARRES'S BRUNCH N CAKES,1614 Bayview Ave None M4G 3B7,manual_confirmed
10851448.0,TIENDA EL PASTORCITO,1209 ST CLAIR AVE W None M6E 1B5,manual_confirmed
10797980.0,TIFFINS2U,1352 Kennedy Rd Bldg-1 M1P 2L7,manual_confirmed
10796803.0,TIGER SUGAR,2391 YONGE ST None M4P 2E7,manual_confirmed
10850006.0,TIKHARO The Home of Indian Street Food,127 Westmore Dr Unit-111 M9V 3Y6,manual_confirmed
10807167.0,TIKKA KING,296 Rexdale Blvd None M9W 1R6,manual_confirmed
10819666.0,TIKKA LOUNGE,6200 Finch Ave W None M9V 0A1,manual_confirmed
10842898.0,TIKKA TIKKA,"2240 LAKE SHORE BLVD W, Unit-104 None M8V 1A5",manual_confirmed
10860540.0,TO LIVE MAC,5040 YONGE ST None M2N 6R8,manual_confirmed
10829444.0,"TOASTOLOGY
TOASTOLOGY",1918 QUEEN ST E None M4L 1H5,manual_confirmed
10791684.0,TOBIKO,3073 Bloor St W None M8X 1C7,manual_confirmed
10812786.0,TONG MEIN,486 Front St W Unit-WM03 M5V 0V2,manual_confirmed
10843037.0,TORTACO,788 Broadview Ave None M4K 2P7,manual_confirmed
10852814.0,TSUJIRI,143 Dundas St W None M5G 1C5,manual_confirmed
10826822.0,TUCANE'S LOUNGE (LABAMBA),"1355 ST CLAIR AVE W, Flr-2 None M6E 1C5",manual_confirmed
10823778.0,TULIA  OSTERIA,1402 Queen St E None M4L 1C9,manual_confirmed
10841575.0,TURKISH CORNER + BULLGER,2712 Keele St None M3M 2G1,manual_confirmed
10843828.0,Torishi,23 Baldwin St None M5T 1L1,manual_confirmed
10811398.0,UNCLE TETSU'S JAPANESE CHEESECAKE,486 Front St W Unit-WM M5V 0V2,manual_confirmed
10816966.0,UNCLE TETSU'S JAPANESE CHEESECAKE,4909 Yonge St None M2N 5N4,manual_confirmed
10789547.0,UNIQUE PASTRY,"4750 YONGE ST, Unit-160 None M2N 5M6",manual_confirmed
10780635.0,USLURPNOODLE,189 Dundas St W None M5G 1C7,manual_confirmed
10827335.0,Urban Spoonful,1118 Finch Ave W Unit-1A M3J 3J4,manual_confirmed
10818485.0,VAVA DESIGNER CAKES,620 Yonge St None M4Y 1Z8,manual_confirmed
10798301.0,VELVET LANE CAKES,173 King St E None M5A 1J4,manual_confirmed
10814638.0,VENEROSA GELATO,801 Queen St W None M6J 1G1,manual_confirmed
10842880.0,VERACRUZ MEXICAN FOOD,1800 Eglinton Ave W None M6E 2H6,manual_confirmed
10823405.0,VEREDA CENTRAL,220 Yonge St Unit-3117A M5B 2H1,manual_confirmed
10851052.0,VERSAC LOUNGE,1068 ISLINGTON AVE None M8Z 4R6,manual_confirmed
10855166.0,VIA ALLEGRO RISTORANTE,1750 The Queensway Unit-3 M9C 5H5,manual_confirmed
10850003.0,VIA CIBO ITALIAN STREET FOOD,808 York Mills Rd Unit-14 M3B 1X8,manual_confirmed
10856957.0,VIETNAMESE SUB,2541 Eglinton Ave W None M6M 1T2,manual_confirmed
10826074.0,VIOLA FOOD CO.,"100 SYMES RD, Unit-112-SHARED None M6N 3T1",manual_confirmed
10847925.0,VIVASUB,1178 The Queensway Unit-A M8Z 1R5,manual_confirmed
10804804.0,WALLACE ESPRESSO,70 Hounslow Heath Rd Unit-A M6N 1G8,manual_confirmed
10846239.0,WEI LAI,222 Spadina Ave Unit-BF2 M5T 3B3,manual_confirmed
10838796.0,WETZEL'S PRETZELS,220 Yonge St Unit-H30B M5B 2H1,manual_confirmed
10856798.0,WEYONGE,"909 YONGE ST, Unit-27-28 None M4W 2H2",manual_confirmed
10819336.0,WHAT A BAGEL,1984 QUEEN ST E None M4L 1J2,manual_confirmed
10807858.0,WINE KITZ,"3220 DUFFERIN ST, Unit-5 None M6A 2T3",manual_confirmed
10803771.0,WING IT!,271 Morningside Ave Unit-A M1E 3G1,manual_confirmed
10781282.0,WINGZILLA,1129 Queen St E None M4M 1K9,manual_confirmed
10796918.0,WOOJOO,417 Bloor St W None M5S 1X6,manual_confirmed
10784333.0,WOONDALL,3000 Danforth Ave Unit-4 M4C 1M7,manual_confirmed
10790345.0,WPZ SWEET LAB,"5418 YONGE ST, Unit-5 None M2N 6X4",manual_confirmed
10861555.0,XUMA COCINA MEXICANA,505 Danforth Ave None M4K 1P5,manual_confirmed
10842198.0,YAKINIKU LEGEND,35 Mc Caul St Unit-100 M5T 1V7,manual_confirmed
10842266.0,YARDY'S JERK,2201 Finch Ave W Unit-3 M9M 2Y9,manual_confirmed
10804065.0,YEAH YEAH THAI,382 Spadina Ave None M5T 2G5,manual_confirmed
10790627.0,YES FOOD FAIR,1940 GERRARD ST E None M4L 2C1,manual_confirmed
10815303.0,YO DONER,250 Dundas St W None M5T 2Z5,manual_confirmed
10785158.0,YOGEN FRUZ,3401 Dufferin St Unit-0032A M6A 2T9,manual_confirmed
10863607.0,YOLKS,2245 Bloor St W None M6S 1N8,manual_confirmed
10838465.0,YONGE POTATO,"28 FINCH AVE W, Unit-110 None M2N 2G7",manual_confirmed
10631715.0,YONGE STREET GOURMET,2190 YONGE ST None M4S 2B8,manual_confirmed
10783729.0,YOUR GELATO,2009 AVENUE RD None M5M 4A5,manual_confirmed
10837353.0,Z-TECA COCINA MEXICANA,333 Bay St Flr-C3 M5H 2R2,manual_confirmed
10811859.0,ZAKKUSHI ON QUEEN WEST,620 Queen St W Unit-620 M6J 1E4,manual_confirmed
10733352.0,ZAO MEN KAN,3365 Steeles Ave E Unit-5-6 M2H 0A7,manual_confirmed
10804904.0,ZEN KYOTO,333 Bay St Unit-F4 M5H 2R2,manual_confirmed
10827348.0,ZHANGTANTAN MALATANG,17A Finch Ave W Unit-A M2N 7K4,manual_confirmed
10820028.0,3 MARIACHIS (ESPLANADE),140 The Esplanade None M5A 4P5,manual_confirmed
10771396.0,ANEAL'S TASTE OF THE ISLANDS,4807 Steeles Ave W None M9L 2W1,manual_confirmed
10836211.0,ARIANNA (4TH FL),60 Harbour St None M5J 1B7,manual_confirmed
10777886.0,ASSEMBLY CHEF'S HALL - GRANDMA LOVES YOU,111 Richmond St W None M5H 2G4,manual_confirmed
10795176.0,ASSEMBLY CHEF'S HALL - MARY'S BRIGADEIRO,111 Richmond St W None M5H 2G4,manual_confirmed
10859072.0,ASSEMBLY CHEF'S HALL - SAMONÉ,111 Richmond St W None M5H 2G4,manual_confirmed
