unified_est_id,est_name,address,classification
10805561.0,#DESI,65 Front St W Unit-442 M5J 1E6,ambiguous
10817087.0,000 BLUEPRINT CLUB,1 Blue Jays Way None M5V 1J4,ambiguous
10862396.0,000 HEINZ CLUB 328,1 Blue Jays Way None M5V 1J4,ambiguous
10808572.0,000 MEZZ PRODUCTION KITCHEN (PK),1 Blue Jays Way None M5V 1J4,likely_restaurant
10817088.0,000 TD LOUNGE,1 Blue Jays Way None M5V 1J4,ambiguous
10820510.0,000 THE WAREHOUSE (docks),1 Blue Jays Way None M5V 1J4,likely_not_restaurant
10840337.0,000F BLUEPRINT CLUB KITCHEN,1 Blue Jays Way None M5V 1J4,likely_restaurant
10808575.0,000L BANNER CLUB KITCHEN,1 BLUE JAYS WAY None M5V 1J4,likely_restaurant
10817089.0,000L CLOVER BANNER CLUB KITCHEN,1 Blue Jays Way None M5V 1J4,likely_restaurant
10861029.0,01 TO GO CATERING,20 Lockport Ave Unit-137 M8Z 2R7,likely_not_restaurant
10776015.0,1 HOTEL TORONTO - 1 KITCHEN,550 Wellington St W None M5V 2V4,likely_restaurant
10776008.0,1 HOTEL TORONTO - CASA MADERA,550 Wellington St W None M5V 2V4,ambiguous
10776019.0,1 HOTEL TORONTO - FLORA LOUNGE,550 Wellington St W None M5V 2V4,ambiguous
10776009.0,1 HOTEL TORONTO - HARRIET'S,550 Wellington St W None M5V 2V4,ambiguous
10776014.0,1 HOTEL TORONTO - STAFF CAFETERIA 'The Nest',550 Wellington St W None M5V 2V4,likely_restaurant
10814320.0,1 ZERO 2 DELIGHTS,102 Fort York Blvd None None,ambiguous
10820991.0,10 DEAN,"21 DALHOUSIE ST, Flr-MAIN None M5B 2A5",ambiguous
10863448.0,10 DEAN,31 YORK GARDEN WAY None M6A 0G3,ambiguous
10808982.0,1001 XINJIANG CUISINE,1883 Mcnicoll Ave Unit-1-6 M1V 5M3,likely_restaurant
10817091.0,102 THE STOP RIGHT FIELD,1 Blue Jays Way None M5V 1J4,ambiguous
10814147.0,103 TALL CANS,1 Blue Jays Way None M5V 1J4,ambiguous
10858033.0,10336319 CANADA INC (FACTORY OUTLET),"69 WESTMORE DR, Unit-6 None M9V 3Y6",ambiguous
10808569.0,106 THE CATCH BAR,1 Blue Jays Way None M5V 1J4,likely_restaurant
10814145.0,106 THE CATCH CONCESSION (CONC),1 Blue Jays Way None M5V 1J4,likely_restaurant
10814172.0,107 MILL STREET BREWERY,1 Blue Jays Way None M5V 1J4,likely_restaurant
10817103.0,108 ROGERS LANDING - MEZZ (portable),1 Blue Jays Way None M5V 1J4,ambiguous
10808571.0,109 PRODUCTION KITCHEN,1 Blue Jays Way None M5V 1J4,likely_restaurant
10839815.0,10TH FLOOR MARKET,19 Duncan St None M5H 3H1,ambiguous
10823218.0,111 RAMYUN,2156 YONGE ST None M4S 2A8,ambiguous
10845182.0,1117 MEATS AND PANTRY,1117 Queen St W None M6J 3X7,ambiguous
10814106.0,116 PIZZA NOVA,1 Blue Jays Way None M5V 1J4,likely_restaurant
10814161.0,119 T.O. FOOTLONG,1 Blue Jays Way None M5V 1J4,ambiguous
10781442.0,11:59,70 Temperance St Unit-1 M5H 0B1,ambiguous
10814176.0,122 STRIKE OUT GRILL,1 Blue Jays Way None M5V 1J4,likely_restaurant
10812827.0,13 SUNS ETHIOPIAN VEGAN CUISINE INC,74 Hymus Rd Unit-4 M1L 2C9,likely_restaurant
10814103.0,130 SMIRNOFF BAR,1 Blue Jays Way None M5V 1J4,likely_restaurant
10814104.0,140 VENDING KITCHEN,1 Blue Jays Way None M5V 1J4,likely_restaurant
10790159.0,1611 STUDIOS,1611 DUNDAS ST W None M6K 1T9,ambiguous
10839363.0,18 FEET,"86 GERRARD ST E, Unit-100 None M5B 2J1",ambiguous
,18 FEET,1967 Yonge St None M4S 0C1,ambiguous
10841443.0,18 FEET ESPRESSO BAR,144 College St None M5S 3M2,likely_restaurant
10806585.0,1910 LA MEXICANA,993.5 Bloor St W None M6H 1M1,ambiguous
10795574.0,200 Level - MASTERCARD LOUNGE,40 Bay St None M5J 2X2,ambiguous
10808579.0,200 ROGERS TERRACE,1 Blue Jays Way None M5V 1J4,ambiguous
10814169.0,202 WESTJET FLIGHT DECK,1 Blue Jays Way None M5V 1J4,ambiguous
10814205.0,209 SCHNEIDERS PORCH & TERRACE,1 Blue Jays Way None M5V 1J4,ambiguous
10814179.0,211 BAY ST DELI,1 Blue Jays Way None M5V 1J4,likely_restaurant
10814177.0,215 INFIELD CLASSICS,1 Blue Jays Way None M5V 1J4,ambiguous
10814168.0,219 INFIELD CLASSICS,1 Blue Jays Way Unit-220 M5V 1J4,ambiguous
10814173.0,229 INFIELD CLASSICS,1 Blue Jays Way None M5V 1J4,ambiguous
10788511.0,241 PIZZA,8 Greystone Walk Dr Unit-C1E M1K 5J2,likely_restaurant
10844630.0,241 PIZZA,3815 Lake Shore Blvd W None M8W 1R2,likely_restaurant
10814164.0,244 WESTJET FLIGHT DECK CART,1 Blue Jays Way None M5V 1J4,ambiguous
10820028.0,3 MARIACHIS (ESPLANADE),140 The Esplanade None M5A 4P5,ambiguous
10817078.0,300 BASEBALL MEDIA LOUNGE,1 Blue Jays Way None M5V 1J4,ambiguous
10817086.0,300 K1 KITCHEN,1 Blue Jays Way None M5V 1J4,likely_restaurant
10817077.0,300 K2 KITCHEN,1 Blue Jays Way None M5V 1J4,likely_restaurant
10817085.0,300 TD EXECUTIVE LOUNGE,1 Blue Jays Way None M5V 1J4,ambiguous
10791910.0,34 CAFE,2737 Keele St Unit-26 M3M 2E9,likely_restaurant
10830804.0,3477 BAR AND LOUNGE,"3477 KENNEDY RD, Flr-2 None M1V 3Z7",likely_restaurant
10823884.0,360 COOKING STUDIO,1982 Bloor St W Unit-1 M6P 3K9,ambiguous
10798930.0,367 CAFE,367 DONLANDS AVE None M4J 3S2,likely_restaurant
10764294.0,369 MART,"2111 JANE ST, Unit-11 None M3M 1A2",likely_not_restaurant
10837284.0,389 COZY RESTAURANT,390 SILVER STAR BLVD None M1V 0G5,likely_restaurant
10785924.0,3A NOODLE,3875 Don Mills Rd None None,likely_restaurant
10863980.0,3RD MOM HOT POT,261 Spadina Ave None M5T 2E3,likely_restaurant
10855851.0,3RD MOM SPICY HOT POT,39 Spring Garden Ave None M2N 3G1,likely_restaurant
10796228.0,40 FIRVALLEY CRT COMMUNITY KITCHEN,40 Firvalley Crt None M1L 1P1,likely_restaurant
10852985.0,40/44 KING STREET WEST COMPLEX,40 KING ST W None M5H 3Y2,ambiguous
10817082.0,400 K3 KITCHEN,1 Blue Jays Way None M5V 1J4,likely_restaurant
10817081.0,400 K4 KITCHEN,1 Blue Jays Way None M5V 1J4,likely_restaurant
10817079.0,400 TD SUMMIT SUITES,1 Blue Jays Way None M5V 1J4,ambiguous
10777262.0,416 SNACK BAR SHORT TURN,576 Queen St W None M5V 2B5,likely_restaurant
10814917.0,416 SOCIAL CLUB,718 College St None M6G 1C3,ambiguous
10809881.0,450/ ROOMS COFFEE,450 DUFFERIN ST None M6K 2A5,likely_restaurant
10822327.0,4EVER SUSHI,225 Queen St W None M5V 1Z4,likely_restaurant
10860073.0,4U MILK & VARIETY,2987 ISLINGTON AVE None M9L 2K9,likely_not_restaurant
10861354.0,500 CLUB,81 Bay St Flr-500 M5E 1Z8,ambiguous
10814183.0,508 PIZZA NOVA,1 Blue Jays Way None M5V 1J4,likely_restaurant
10814143.0,512 TORONTO FOOTLONG (cart),1 Blue Jays Way None M5V 1J4,ambiguous
10862255.0,520 CAFE BAR,520 Richmond St W None M5V 1Y4,likely_restaurant
10814151.0,524 CANADIAN CLUB BAR,1 Blue Jays Way None M5V 1J4,likely_restaurant
10814194.0,533 POPCORN & SNACKS,1 Blue Jays Way Unit-534 M5V 1J4,ambiguous
10829881.0,555 BOAT NOODLES,496 Yonge St Bldg-B M4Y 1X9,likely_restaurant
10860715.0,555 BOAT NOODLES,5308 Yonge St None M2N 5P9,likely_restaurant
10862622.0,579 TAIWAN BEEF NOODLE HOUSE,5455 Yonge St None M2N 5S1,likely_restaurant
10826083.0,5N2,705 Progress Ave Bldg-43 M1H 2X1,ambiguous
10829298.0,6IX IRON INDOOR GOLF,142 George St None M5A 2M7,ambiguous
10853369.0,6IX PICKLE,102 BERKELEY ST None M5A 2W7,ambiguous
10802978.0,6IX PIZZAS,2070 Queen St E None M4E 1C9,likely_restaurant
10784045.0,6IX WINGS,2950 Birchmount Rd Unit-6A M1W 3G5,likely_restaurant
10803582.0,6IXDONUTZ,83 Portland St None M5V 2M9,ambiguous
10819131.0,6IXTY WINGS,900 Albion Rd Unit-B20 M9V 1A5,likely_restaurant
10819895.0,6THIRTY COFFEE AND CO.,630 DANFORTH AVE None M4K 1R3,likely_restaurant
10858417.0,7 NOODLES,4664 Yonge St Unit-13 M2N 5M1,likely_restaurant
10847956.0,7STAR CONVENIENCE,438 DAWES RD None M4B 2E8,likely_not_restaurant
10820386.0,7STARS FRESH GROCERY EXPRESS,943 O'CONNOR DR None M4B 2S7,ambiguous
10836123.0,7TH TORONTO REGIMENT R.C.A. SGT MESS,130 QUEEN ST E None M5A 1R9,ambiguous
10836490.0,8 TO 11 MILK & FLOWER STORE,"3585 LAWRENCE AVE E, Unit-2 None M1G 1P4",ambiguous
10778738.0,8090 KARAOKE,530 Dundas St W Flr-2 M5T 1H3,ambiguous
10831633.0,88 SALON,6174 YONGE ST None M2M 3X1,likely_not_restaurant
10844820.0,8DIAMONDZ,31 St Joseph St None M4Y 1J8,ambiguous
10813969.0,9 MILE JAMAICAN AND INTERNATIONAL CUISINE,1334 Bloor St W None M6H 1P2,likely_restaurant
10840099.0,90C BAKERY CAFE,1883 Mcnicoll Ave Unit-14 M1V 5M3,likely_restaurant
10863177.0,90S LOUNGE HOT AND DESSERT BAR,3260 Lawrence Ave E None M1H 1A4,likely_restaurant
10780835.0,915 DUPONT CAFE,915 Dupont St None M6H 1Z1,likely_restaurant
10812820.0,955 CHINESE FOOD,2252 Queen St E None M4E 1G2,ambiguous
10797459.0,99 BOTTLES,925 Kingston Rd None M4E 1S6,ambiguous
10787998.0,999 SUSHI,31 Tapscott Rd Unit-99 M1B 4Y7,likely_restaurant
10845628.0,9SIPS TEA SHOPPE,28 Edward St Bldg-1 M5G 1C9,likely_restaurant
10787160.0,A & W,659 Dupont St None M6G 1Z5,ambiguous
10800311.0,A & W,2500 Sheppard Ave E None M2J 1X1,ambiguous
10823483.0,A & W,1190 Danforth Ave None M4J 1M6,ambiguous
10832820.0,A & W,654 Danforth Ave None M4J 1L1,ambiguous
10839300.0,A & W,3300 Bloor St W None M8X 2X3,ambiguous
10856759.0,AFC ZENSHI SUSHI,3300 Bloor St W None M8X 2X3,likely_restaurant
10841421.0,A & W,2625 Yonge St Unit-A M4P 2J6,ambiguous
10829321.0,A & W RESTAURANT,3155 Markham Rd Unit-D1 M1X 0B5,likely_restaurant
10785570.0,A BBQ HOUSE,664 Yonge St None M4Y 2A6,likely_restaurant
10774701.0,A CORNER CAFE AND RESTAURANT,5193 Yonge St None M2N 5P7,likely_restaurant
10804594.0,A COTE SORREL WINE BAR,1156 YONGE ST None M4W 2L9,likely_restaurant
10827312.0,A PIZZA,252 Queen St W None M5V 1Z8,likely_restaurant
10809219.0,A PLACE TO PLAY NURSERY SCHOOL OF BLOOR WEST VILLAGE,680 Annette St None M6S 2C8,likely_not_restaurant
10835329.0,A WHALE OF A TIME,"4466 SHEPPARD AVE E, Flr-201 None M1S 1V2",ambiguous
10785012.0,A&W,2131 Lawrence Ave E Unit-1110 M1R 5G4,likely_restaurant
10837642.0,A-D CAFE,1147 DAVENPORT RD None M6H 2G4,likely_restaurant
10632367.0,A.C.S.A. Scarborough Drop-In,202 Markham Rd None M1J 3C2,ambiguous
10836402.0,A1 STONE POT,409 Spadina Ave None M5T 2G6,ambiguous
10862671.0,AAHA! TRULY SOUTH,250 Dundas St W None M5T 2Z5,ambiguous
10839282.0,AAHA..! TRULY SOUTH,1177 Brimley Rd Unit-1177 M1P 3G5,ambiguous
10805257.0,AAMARA,1224 St Clair Ave W None M6E 1B4,ambiguous
10813943.0,ABANICO DANCE & ENTERTAINMENT,"3473 LAKE SHORE BLVD W, Bsmt-A None M8W 1N5",ambiguous
10856589.0,ABBAS SMOKE & VARIETY,"2857 KINGSTON RD, Unit-1/2 None M1M 1N3",likely_not_restaurant
10828772.0,ABENI AFRICAN FOOD INC.,1304 WESTON RD None M6M 4R5,ambiguous
10800018.0,ABEY'S INDIAN CHINESE HAKKAH FUSION,118 John St None M5V 2E3,ambiguous
10824732.0,ABIONA CENTRE HUMEWOOD CAMPUS,40 Humewood Dr None M6C 2W4,ambiguous
10821176.0,ABOKICHI - ECC 2309 - CNE 2025,100 PRINCES BLVD None M6K 3C3,ambiguous
10855886.0,ABOL ESPRESSO  BAR,1432 DANFORTH AVE None M4J 1N4,likely_restaurant
10811845.0,ABOUT YOU CAKE STUDIO,"3272 MIDLAND AVE, Unit-B110 None M1V 0C7",ambiguous
10795275.0,ABRIELLE,355 King St W None M5V 1J6,ambiguous
10815969.0,ABURI SUSHI TORONTO,505 Richmond St W Unit-K10-11 M5V 1Y3,likely_restaurant
10805250.0,ACADEMY PLACE TUCK SHOP,2101 ISLINGTON AVE None M9P 3R2,likely_not_restaurant
10771847.0,ACADÉMIE ALEXANDRE-DUMAS - SNP,"255 CORONATION DR, Rm-124 None M1E 2J3",ambiguous
10787839.0,ACAI BRAZIL,2039 Yonge St None M4S 2A2,ambiguous
10801642.0,ACE GOLF BAR & LOUNGE,588 Eastern Ave Unit-C M4M 1E1,likely_restaurant
10845976.0,ACKEE TREE DYNAMITE JAMAICAN JERK,205 Humber College Blvd None M9W 5L7,ambiguous
10790600.0,ACORN CHOCOLATES - QE 530 - CNE 2024,180 PRINCES BLVD None M6K 3C3,ambiguous
10786265.0,ACROPOLIS GYRO CORNER,1004 Kingston Rd None M4E 1T2,ambiguous
10325289.0,ACTION PHARMACY,2425 BLOOR ST W None M6S 4W4,likely_not_restaurant
10778690.0,ACUTE PIZZERIA,1745 Dundas St W None M6K 1V4,likely_restaurant
10864160.0,ADAM BECK JR PS -SNP,400 Scarborough Rd None M4E 3M8,ambiguous
10853157.0,ADANA KEBAB,1960 Lawrence Ave E Unit-11 M1R 2Z1,likely_restaurant
10777981.0,ADDA,3342 Danforth Ave Unit-01 M1L 1C8,ambiguous
10825330.0,ADI BIRKRAMPUR SWEETS & FAST FOOD,2968 Danforth Ave None M4C 1M6,ambiguous
10807407.0,ADOBO FRESH BURRITO,4205 Keele St Unit-19 M3J 3T8,ambiguous
10837930.0,ADOBO FRESH BURRITO MEXICAN GRILL,16 Richardson St Unit-3 M5A 4J9,likely_restaurant
10841873.0,ADOBO FRESH BURRITOS,388 Richmond St W Unit-5A M5V 3P1,ambiguous
10798337.0,AERA,8 Spadina Ave Unit-3800 M5V 2H6,ambiguous
10816689.0,AESET COFFEE,24 Bellair St Unit-6 M5R 2C7,likely_restaurant
10857917.0,AFC ZENSHI @ SOBEYS #4728,1015 Broadview Ave None M4K 2S1,likely_not_restaurant
10785767.0,AFFINITY FISH,1581 Dundas St W None M6K 1T9,ambiguous
10829666.0,AFGHAN BBQ & PIZZA,4379 Kingston Rd Unit-4 M1E 2M9,likely_restaurant
10841151.0,AFGHAN GRILL EXPRESS,4800 Sheppard Ave E Unit-123 M1S 4N5,likely_restaurant
10799488.0,AFIYET SHAWARMA,1054 Finch Ave W None M3J 2E2,likely_restaurant
10759107.0,AFRICA MART,651 Mccowan Rd None M1J 1K2,likely_not_restaurant
10843492.0,AFRICA MART,3428 Weston Rd None M9M 2W1,likely_not_restaurant
10847673.0,AFRICAN FRESHNESS SUPERSTORE,"2500 LAWRENCE AVE E, Unit-1 None M1P 2R7",ambiguous
10793090.0,AFRO'S PIZZA,107 Mutual St None M5B 2B2,likely_restaurant
10850347.0,AFURI RAMEN + DUMPLING,411 CHURCH ST None M4Y 2C2,likely_restaurant
10823192.0,AG RESTAURANT,2883 Jane St None M3N 2J5,likely_restaurant
10773112.0,AGA BABA DONER,556 CHURCH ST None M4Y 2E3,ambiguous
10699563.0,AGA VARIETY,2090 DANFORTH AVE None M4C 1J9,likely_not_restaurant
10854330.0,AGAK AGAK,253 GERRARD ST E None M5A 2G1,ambiguous
10794166.0,AGE CARE WESTBURY,495 The West Mall Rm-119 M9C 5S3,ambiguous
10801787.0,AGE CARE WESTBURY,495 The West Mall None M9C 5S3,ambiguous
10792637.0,AGECARE TRILOGY KITCHEN,340 Mccowan Rd None M1J 3P4,likely_restaurant
10863319.0,AGINCOURT COLLEGIATE STUDENT NUTRITION PROGRAM,2621 Midland Ave None M1S 1R6,likely_not_restaurant
10844574.0,AGRARIAN KITCHEN,26 Logan Ave Unit-A M4M 2M8,likely_restaurant
10832499.0,AH SO,147 LAIRD DR None M4G 4K1,ambiguous
10801772.0,AH-SO SUSHI,100 Queens Quay  E Unit-200 M5E 1Y3,likely_restaurant
10815177.0,AH-SO SUSHI,29 Bathurst St Unit-1 M5V 0L8,likely_restaurant
10863242.0,AHC ACADEMY,270 Yorkland Blvd None M2J 5C9,likely_not_restaurant
10796992.0,AIFAM,102 Harbord St None M5S 1G6,ambiguous
10781363.0,AIGOO FOODMART,2625 Weston Rd Unit-D0021 M9N 3W2,ambiguous
10827065.0,AIMANT POUR LES FEMMES,415 Queens Quay  W None None,ambiguous
10820408.0,AIP SEAFOOD COMPANY,2195 MCNICOLL AVE None M1V 5P3,ambiguous
10824838.0,AISLE 24 MARKET,85 SILVER SPRINGS BLVD None M1V 1W3,ambiguous
10826856.0,AISLE 3 BAR,2535 Dundas St W None M6P 1X6,likely_restaurant
10792913.0,AITAIKER TAIWANESE FRIED CHICKEN,5418 Yonge St Unit-21 M2N 6X4,likely_restaurant
10861008.0,AJ & ASHLEY'S NO FRILLS,1811 AVENUE RD None M5M 3Z3,likely_not_restaurant
10800320.0,AJISEN RAMEN,2359 Yonge St Flr-LOWER M4P 2C8,likely_restaurant
10861224.0,AJMAL'S NOFRILLS,2742 Eglinton Ave E None M1J 2C6,ambiguous
10834572.0,AKAMI SUSHI,825 Dundas St W None M6J 1V4,likely_restaurant
10797972.0,AKARA OSU GLOBAL,"2300 FINCH AVE W, Unit-51 None M9M 2Y3",ambiguous
10791821.0,AKI DONBURI,793 Bathurst St None M5S 1Z5,ambiguous
10827462.0,AKIN,51 Colborne St None M5E 1E3,ambiguous
10803662.0,AKIVA'S FOOD,6243 Bathurst St None M2R 2A5,ambiguous
10775361.0,AL ARSH HALAL MEAT,3715 Lawrence Ave E None M1G 1P7,ambiguous
10803994.0,AL BARAKA CONVENIENCE STORE & HALAL MEAT,1880 Weston Rd None M9N 1W1,likely_not_restaurant
10798546.0,AL BARAKAT SUPERMARKET,2008 Lawrence Ave E None M1R 2Z1,likely_not_restaurant
10813966.0,AL CHILE,1165 ST CLAIR AVE W None M6E 1B2,ambiguous
10859836.0,AL HERA HALAL FOOD MART,155 Morningside Ave Unit-5 M1E 3C8,likely_not_restaurant
10856082.0,AL JOOD,998 Queen St W None M6J 1H1,ambiguous
10819071.0,AL NASAR INC,111 Finchdene Sq Unit-2 M1X 1B5,ambiguous
10775645.0,AL PREMIUM FOODS,2525 ST CLAIR AVE W None M6N 4Z5,ambiguous
10839682.0,AL PREMIUM FOODS,799 Milner Ave None M1B 3C3,ambiguous
10843279.0,AL PREMIUM FOODS (INSIDE WALMART),1900 Eglinton Ave E None M1L 2L9,likely_not_restaurant
10774436.0,AL ZABIHA HALAL MEAT,2657 Islington Ave None M9V 2X6,ambiguous
10775812.0,AL' DEEWAN BAKERY & PIZZA,2067 Lawrence Ave E None M1R 2Z4,likely_restaurant
10772515.0,AL-JANNAH HALAL FOODS,"21 MILLIKEN BLVD, Unit-C1 None M1V 5H6",ambiguous
10846764.0,ALA ANTIOCH EXPRESS  CORP,424 Danforth Ave None M4K 1P3,ambiguous
10844927.0,ALADDIN SHAWARMA HOUSE,2022 Sheppard Ave E None M2J 5B3,likely_restaurant
10823869.0,ALBA CAFE,392 Browns Line None M8W 3T8,likely_restaurant
10826769.0,ALBAAQI SUPERMARKET,678 Kennedy Rd Unit-1-4 M1K 2B5,likely_not_restaurant
9000420.0,ALBATROS PUB,3057 Lake Shore Blvd W None M8V 1K6,likely_restaurant
10860827.0,ALBERTO GROCERY,472 SAMMON AVE None M4J 2B4,ambiguous
10828993.0,ALBI SUSHI,6464 Yonge St None M2M 3X4,likely_restaurant
10863602.0,ALBION HEIGHTS JUNIOR MIDDLE SCHOOL - SNP,45 LYNMONT RD None M9V 3W9,likely_not_restaurant
10856507.0,ALEBRIJE,119 Harbord St None M5S 1G7,ambiguous
10815350.0,ALEEZA'S PIZZA,1768 Weston Rd None M9N 1V8,likely_restaurant
10835178.0,ALEPPO KEBAB,2075 Lawrence Ave E Unit-4 M1R 2Z4,likely_restaurant
10789406.0,ALERIA,1070 Queen St W None M6J 1H8,ambiguous
10825560.0,ALEX FARM,1965 QUEEN ST E None M4L 1H9,ambiguous
10802644.0,ALEXANDER MUIR/GLADSTONE AVE JUNIOR AND SENIOR PUBLIC SCHOOL - SNP - SNACK PROGRAM,108 Gladstone Ave None M6J 3L2,likely_not_restaurant
10863200.0,ALEXANDER STIRLING PUBLIC SCHOOL - SNP - MORNING MEAL,70 FAWCETT TRL None M1B 3A9,likely_not_restaurant
10829104.0,ALFIES MARKET,36 Baldwin St None M5T 1L3,ambiguous
10848821.0,ALFORAT IRAQI STREET FOOD,271 Yonge St None M5B 1N8,ambiguous
10830084.0,ALHAMADANI FOOD,4403 Kingston Rd Unit-101 M1E 2N2,ambiguous
10837285.0,ALI BABA CONVENIENCE STORE,1801 EGLINTON AVE W None M6E 2H8,likely_not_restaurant
10775308.0,ALI BABA'S,682 Queen St E None M4M 1G9,ambiguous
10798903.0,ALI BABA'S MIDDLE EASTERN CUISINE,1878 Weston Rd None M9N 1W1,likely_restaurant
10816594.0,ALI BABA'S MIDDLE EASTERN CUISINE,2246 Bloor St W None M6S 1N6,likely_restaurant
10775978.0,ALI BABAS,73 Queen St E None M5C 1R8,ambiguous
10864148.0,ALI'S SHAWARMA,1172 Weston Rd None M6M 4P4,likely_restaurant
10790558.0,ALI'S WEST INDIAN ROTI SHOP - FB - CNE 2025,2 STRACHAN AVE None M6K 3C3,likely_restaurant
10775347.0,ALI'S WRAPS,44 St George St None M5S 2E4,ambiguous
10816764.0,ALICE MARIE BAKERY & COFFEE,807 Gerrard St E None M4M 1Y5,likely_restaurant
10799189.0,ALICE RESTAURANT & BAR,488 College St None M6G 1A4,likely_restaurant
10683671.0,ALIJANDRO'S KITCHEN - ECC - CNE 2025,100 PRINCES BLVD None M6K 3C3,likely_restaurant
10783362.0,ALIMENTARI ITALIAN GROCERY,319 Roncesvalles Ave None M6R 2M6,ambiguous
10784548.0,ALINE NASSEH ARTISAN CHOCOLATES,877 Alness St Unit-22 M3J 2X3,ambiguous
10801963.0,ALL SPICE JERK EXPRESS,275 Dundas St W None M5T 3K1,ambiguous
10856453.0,ALL WAY CONVENIENCE AND GROCERY,237 Gerrard St E None M5A 2G1,ambiguous
10797265.0,ALL WAY CONVENIENCE STORE,900 Queen St E None M4M 1J3,likely_not_restaurant
10820713.0,ALLADIN CHICKEN SHAWARMA,2900 Warden Ave Unit-224 M1W 2S8,likely_restaurant
10811744.0,ALLAN GARDENS FOOD BANK,353 SHERBOURNE ST None M5A 2S3,likely_not_restaurant
10778991.0,ALLAN'S PASTRY SHOP,100 King St W Unit-CN0148 M5X 1K7,ambiguous
10602084.0,ALLIANCE BANQUET HALL,501 Alliance Ave None M6N 2J1,likely_not_restaurant
10777629.0,ALLIEN,400 QUEEN ST E None M5A 1T3,ambiguous
10858402.0,ALLSTAR WINGS AND RIBS,"4664 YONGE ST, Unit-23 None M2N 5M1",likely_restaurant
10775368.0,ALMINZ BAKESHOP,3799 Bathurst St None M3H 3N1,likely_restaurant
10835861.0,ALMINZ KAKANIN,6464 Yonge St Unit-121A M2M 3X4,ambiguous
10777624.0,ALO CATERING,4 Gilead Pl None M5A 3C9,likely_not_restaurant
10781551.0,ALOBAR,150 York St None M5H 3S5,ambiguous
10813319.0,ALOETTE,81 Bay St None M5E 1Z8,ambiguous
10789400.0,ALOETTE GO,2362 Yonge St None M4P 2E6,ambiguous
10811829.0,ALOETTE GO,81 Bay St None M5E 1Z8,ambiguous
10813965.0,ALOTA SEAFOODS,1490 Dundas St W None M6K 1T5,ambiguous
10805042.0,ALPHA ALTERNATIVE JUNIOR SCHOOL,20 Brant St None M5V 2M1,likely_not_restaurant
10847919.0,ALPHA CONVENIENCE AND COFFEE STORE,1167 Dupont St None M6H 2A3,ambiguous
10832338.0,ALPHA KATERING,98 Crockford Blvd None M1R 3C3,ambiguous
10778236.0,ALPHA'S SHAWARMA,598 Queen St W None M6J 1E3,likely_restaurant
10837865.0,ALPHA'S SHAWARMA,565 King St W None M5V 1M1,likely_restaurant
10851062.0,ALPHA'S SHAWARMA,245 Yonge St None M5B 1N8,likely_restaurant
10862166.0,ALPINE ESPRESSO BAR,1312 ST CLAIR AVE W None M6E 1C1,likely_restaurant
10844944.0,AM2PM EXPRESS MARKET,26 BATHURST ST None M5V 0C6,ambiguous
10808189.0,AMA KO MOMO,1228 King St W None M6K 1G4,ambiguous
10829426.0,AMADEUS PATISSERIE,1235 Bay St None M5R 3K4,ambiguous
10854564.0,AMAYA REAL INDIAN FOOD,1800 Sheppard Ave E Unit-F015 M2J 5A7,ambiguous
10822280.0,AMAZING DONUTS,3499 Bathurst St None M6A 2C5,likely_restaurant
10774371.0,AMAZING SICHUAN CUISINE,4158 KINGSTON RD None M1E 2M4,likely_restaurant
10776566.0,AMAZON YYZ (FL 26 & 28),"120 Bremner Blvd Flr-26, 28 None",ambiguous
10836653.0,AMBER KITCHEN & COFFEE,4 Boulton Ave None M4M 2J3,likely_restaurant
10852879.0,AMED SHAWARMA,8 Westmore Dr Unit-F1 M9V 3Z7,likely_restaurant
10836455.0,AMEG,152 Augusta Ave Unit-A M5T 2L5,ambiguous
10820318.0,AMELIAS MARKET,"340 WESTMORELAND AVE N, Unit-102 None M6H 3A7",ambiguous
10840086.0,AMELIE'S CHOCOLATE & PATISSERIE,74 Crockford Blvd Unit-3 M1R 3C3,ambiguous
10850331.0,AMERICAN EXPRESS LOUNGE,105 CARL HALL RD None M3K 2C1,ambiguous
10813742.0,AMI NO,755 Dundas St W Unit-B M6J 1T9,ambiguous
10863913.0,AMICO EATERY,2013 Yonge St None M4S 1Z8,likely_restaurant
10804125.0,AMIRTHAM TAKE-OUT,1265 Morningside Ave Unit-106 M1B 3V9,ambiguous
10796276.0,AMMA'S KITCHEN,18 Four Seasons Pl Unit-100 M9B 6E7,likely_restaurant
10828610.0,AMMA'S KITCHEN,2286 Kingston Rd None M1N 1T9,likely_restaurant
10835959.0,AMMI'S,1760 Lawrence Ave E None M1R 2Y1,ambiguous
10807308.0,AMO'S,2014 QUEEN ST E None M4L 1J3,ambiguous
10860890.0,AMOR SHAWARMA,514 KING ST E None M5A 1M1,likely_restaurant
10808718.0,AMPERSAND BAKEHOUSE,1808 DANFORTH AVE None M4C 1H8,likely_restaurant
10820875.0,AN JI FOOD,285 Milliken Blvd Unit-22 M1V 3H4,ambiguous
10836817.0,ANA'S HOT SPOT,5928 Finch Ave E Unit-105 M1B 5P8,ambiguous
10863095.0,ANCESTOR PUBLIC SCHOOL STUDENT NUTRITION PROGRAM,44 ANCASTER RD None M3K 1S6,likely_not_restaurant
10791538.0,ANCHOR FRESH SEAFOOD,291 Roncesvalles Ave None M6R 2M3,ambiguous
10797737.0,AND/ORE,1040 QUEEN ST W None M6J 1H7,ambiguous
10807062.0,ANDREA'S COOKIES,1377 The Queensway Unit-207 M8Z 1T1,likely_restaurant
10827833.0,ANDREA'S COOKIES,166 Ossington Ave None M6J 2Z7,likely_restaurant
10771396.0,ANEAL'S TASTE OF THE ISLANDS,4807 Steeles Ave W None M9L 2W1,ambiguous
10846519.0,ANEJO RESTAURANT,26 Market St None M5E 1M6,likely_restaurant
10803754.0,ANGARA INDIAN AND HAKKA DOWNTOWN,536 Queen St W Unit-536 M5V 2B5,ambiguous
10805454.0,ANGUS PHO HOUSE,5443 Yonge St None M2N 5S1,likely_restaurant
10832594.0,ANI BAKERY,25 Howden Rd Unit-2 M1R 3C8,likely_restaurant
10815480.0,ANIMA ROMANA ITALIAN BAKERY,149 Main St None M4E 2V9,likely_restaurant
10830462.0,ANIML STEAKHOUSE & COCKTAIL DEN,420 Wellington St W Unit-A M5V 1E3,ambiguous
10832813.0,ANNABEL'S,200 PRINCES BLVD None M6K 3C3,ambiguous
10835866.0,ANNALAKSHMI,"250 ALTON TOWERS CRCL, Unit-C8 None M1V 3Z4",ambiguous
10777098.0,ANNALUXMY CAFE,735 Middlefield Rd Unit-3 M1V 3S2,likely_restaurant
10837818.0,ANNE'S CONFECTIONS,"320 DAVENPORT RD, Unit-200 None M5R 1K6",ambiguous
10824816.0,ANOTHER LAND COFFEE AND MORE,4708 Yonge St None M2N 5M4,likely_restaurant
10859523.0,ANOTHER WORLD,"89 BENTWORTH AVE, Bldg-6 None M6A 1P6",ambiguous
10818908.0,ANR CONVENIENCE,15 CLUB GOLFWAY None M3C 3B1,likely_not_restaurant
10855619.0,ANTYLIA,1059 Bloor St W None M6H 1M5,ambiguous
10859903.0,ANYWAY FRUITS,150 ST GEORGE ST None M5S 3G7,ambiguous
10793734.0,AO CAKE,"3272 MIDLAND AVE, Unit-B-126 None M1V 0C7",ambiguous
10845845.0,AO CAKE,678E Sheppard Ave E None M2K 1B7,ambiguous
10863030.0,AO SUSHI,5359 Yonge St None M2N 5R6,likely_restaurant
10817169.0,APNA FOOD BAZAAR,4894 Dundas St W None M9A 1B5,ambiguous
10860111.0,APNA FOOD MART,1530 Warden Ave None M1R 2S8,likely_not_restaurant
10846035.0,APOTEX CAFE,4100 Weston Rd None M9L 2Y6,likely_restaurant
10860090.0,APOTEX ETOBICOKE CAFETERIA,"50 STEINWAY BLVD, Flr-3 None M9W 6Y3",likely_restaurant
10797927.0,APT200,1032 Queen St W Flr-2 M6J 1H7,ambiguous
10847782.0,APULIA GASTRONOMIA,2400 Bloor St W None M6S 1P5,ambiguous
10792017.0,AQUABELLA CHILD CARE,75 Edgewater Dr None None,likely_not_restaurant
10844774.0,ARABIAN SNACK ATTACK,20 LOCKPORT AVE None M8Z 2R7,ambiguous
10788258.0,ARABICA,65 Front St W None M5J 1E6,ambiguous
10843393.0,ARABICA,"25 THE WEST MALL, Unit-1517A None M9C 1B8",ambiguous
10830652.0,ARABICA CANADA (EATONS),220 Yonge St Unit-1158B M5B 2H1,ambiguous
10789742.0,ARAGOZ EGYPTIAN KITCHEN,3456 Kingston Rd None M1M 1R5,likely_restaurant
10803186.0,ARBEQUINA RESTAURANT,325 RONCESVALLES AVE None M6R 2M6,likely_restaurant
10771518.0,ARC FAMILY VARIETY AND ENTERTAINMENT COMPLEX,1621 EGLINTON AVE W None M6E 2H1,likely_not_restaurant
10850744.0,ARCHI ELEMENT,1150 College St None M6H 1B6,ambiguous
10810024.0,ARIAM CAFE,1242 Danforth Ave None M4J 1M6,likely_restaurant
10836211.0,ARIANNA (4TH FL),60 Harbour St None M5J 1B7,ambiguous
10844551.0,ARIETE E TORO,12 Keewatin Ave None M4P 1Z8,ambiguous
10793400.0,ARIRANG KOREAN LONG TERM CARE,17 Maplewood Ave None M6C 4B3,likely_not_restaurant
10775333.0,ARISTOS SOUVLAKI & GYROS,265 Queen St W None M5V 1Z4,ambiguous
10851580.0,ARMED,903 DUNDAS ST W None M6J 1V9,ambiguous
10831221.0,ARMONIA PASTA BAR,1316 QUEEN ST W None M6K 1L4,likely_restaurant
10800216.0,AROMA BAKERY,19 Milliken Blvd Unit-22-C1 M1V 4A2,likely_restaurant
10773822.0,AROMA ESPRESSO BAR,161 Fort York Blvd None M5V 0P2,likely_restaurant
10814779.0,AROMA ESPRESSO BAR,120 Lynn Williams St None M6K 3N6,likely_restaurant
10828272.0,AROMA ESPRESSO BAR,2040 Avenue Rd None M5M 4A6,likely_restaurant
10790341.0,AROMA INDIAN BISTRO,349 Marlee Ave None M6B 3H9,likely_restaurant
10783579.0,AROMAZ CAKE & PASTRY,390 Silver Star Blvd Unit-131 M1V 0G5,ambiguous
10814805.0,ARROW ROAD CARING & SAFE ALTERNATIVE SCHOOLS,"995 ARROW RD, Bldg-- None M9M 2Z5",likely_not_restaurant
10656014.0,ART CITY IN ST JAMES TOWN,545 Sherbourne St Bldg-1 M4X 1W5,ambiguous
10852216.0,ARTEMIS CAFE AND EATERY,3180 Lake Shore Blvd W Unit-1 M8V 1L7,likely_restaurant
10822070.0,ARTHUBS,443 LAKESHORE AVE None M5J 2W2,ambiguous
10789090.0,ARTO CAFE,1115 O'Connor Dr None M4B 2T5,likely_restaurant
10854765.0,ARTS & CRAFTS WINE BAR - ACH 02 - CNE 2025,180 PRINCES BLVD None M6K 3C3,likely_restaurant
10794916.0,ASEDA AFRICAN AND CARRIBEAN MARKET,"4734 JANE ST, Unit-8 None M3N 2L3",ambiguous
10861778.0,ASEER TIME,2062 Lawrence Ave E Unit-2062 M1R 2Z5,ambiguous
10795068.0,ASHBRIDGES BAY YACHT CLUB,30 ASHBRIDGES BAY PARK RD None M4L 3W6,ambiguous
10785744.0,ASIA FOOD MART,2150 Mcnicoll Ave None None,likely_not_restaurant
10826459.0,ASIAN DRAGON BUFFET,2900 Warden Ave None M1W 2S8,likely_restaurant
10816266.0,ASIAN FOOD CENTRE - FOOD TAKE OUT / BUTCHER SHOP,10 Westmore Dr None M9V 3Z7,likely_not_restaurant
10795095.0,ASIAN GOURMET,1265 Military Trl Unit-C M1C 1A4,ambiguous
10779121.0,ASMERA BAR AND RESTAURANT,1236 Danforth Ave None M4J 1M6,likely_restaurant
10852800.0,ASPEN,33 KERN RD None M3B 1S9,ambiguous
10780688.0,ASPIRE LOUNGE,1 Island Airport None M5V 1A1,ambiguous
10775613.0,ASSEMBLY CHEF'S HALL - APHRODITE'S TAVERNA,111 Richmond St W None M5H 2G4,likely_restaurant
10777886.0,ASSEMBLY CHEF'S HALL - GRANDMA LOVES YOU,111 Richmond St W None M5H 2G4,ambiguous
10795176.0,ASSEMBLY CHEF'S HALL - MARY'S BRIGADEIRO,111 Richmond St W None M5H 2G4,ambiguous
10788300.0,ASSEMBLY CHEF'S HALL - OSTERIA SCOSSA,111 Richmond St W None M5H 2G4,ambiguous
10813678.0,ASSEMBLY CHEF'S HALL - RAMEN TAKAO,111 Richmond St W None M5H 2G4,likely_restaurant
10859072.0,ASSEMBLY CHEF'S HALL - SAMONÉ,111 Richmond St W None M5H 2G4,ambiguous
10857371.0,ASTERS PATISSERIE,181 Bay St Unit-C370 M5J 2T3,ambiguous
10787698.0,ASTORIA GREAT HALL RESTAURANT,"1087 QUEEN ST W, Flr-1 None M6J 1H3",likely_restaurant
10813075.0,ATELIER PASTA,165 Bathurst St Unit-167 M5V 3C2,ambiguous
10784408.0,ATHLETES KITCHEN,74 Jutland Rd Bldg-31 M8Z 2H1,likely_restaurant
10853455.0,ATI PASTRY,2755 Lake Shore Blvd W Unit-D M8V 1H2,ambiguous
10846993.0,ATOMIC BURGER,245 Greenwood Ave None M4L 2R4,likely_restaurant
10811422.0,ATTENDANCE ALTERNATIVE PROGRAMS,271 Gledhill Ave Flr-2 M4C 4L2,ambiguous
10860936.0,ATTENDANCE ALTERNATIVE PROGRAMS,"30 BARRHEAD CRES, Rm-14 None M9W 3Z7",ambiguous
10860945.0,ATTENDANCE ALTERNATIVE PROGRAMS (BARRHEAD PROGRAM),30 Barrhead Cres Rm-14 M9W 3Z7,ambiguous
10781016.0,AU PAIN DORE,5650 Yonge St Unit-002 M2M 4G3,ambiguous
10789322.0,AU PAIN DORE,25 The West Mall Unit-1195A M9C 1B8,ambiguous
10798047.0,AU PAIN DORE,20 Adelaide St E Unit-101 M5C 2T6,ambiguous
10820110.0,AU PAIN DORE,875 Bay St Bldg-3 M5S 3K6,ambiguous
10795667.0,AUGUST 8 EGLINTON,10 Lebovic Ave Unit-8 M1L 4V9,ambiguous
10828379.0,AUGUSTA COFFEE BAR,229 Augusta Ave None M5T 2L4,likely_restaurant
10863337.0,AUNG SUSHI,700 Lawrence Ave W None M6A 3B4,likely_restaurant
10827357.0,AUNT KUI RICE NOODLE,4465 Sheppard Ave E Bldg-43 M1S 5H9,likely_restaurant
10848110.0,AURA DESSERT CAFE,860 EGLINTON AVE W None M6C 2B6,likely_restaurant
10840015.0,AUTHENTIC DHAKAIYA TASTE,41 Lebovic Ave Unit-A122 None,ambiguous
10851516.0,AVANT,"1 BLOOR ST E, Unit-1A None M4W 1A9",ambiguous
10831357.0,AVENUE CAFE + BISTRO,155 Dundas St E Unit-3 M5B 1E4,likely_restaurant
10813264.0,AVONDALE SECONDARY ALTERNATIVE SCHOOL,24 SILVERVIEW DR None M2M 2B3,likely_not_restaurant
10860618.0,AYASOFYA TURKISH SUPERMARKET,3372 Keele St None M3J 1L5,likely_not_restaurant
10830821.0,AYOKA-ADE AFRICAN DELICACIES,1009 Albion Rd None M9V 1A6,ambiguous
10805736.0,AZUL,100 King St W Bldg-0118 M5X 1K7,ambiguous
10825916.0,AZUL,65 Front St W None M5J 1E6,ambiguous
10808600.0,AZURA,162 Danforth Ave None M4K 1N1,ambiguous
10803449.0,B BOYZ,25 Overlea Blvd Unit-7 M4H 1P9,ambiguous
10828943.0,B BOYZ,"45 CARLTON ST, Unit-300 None M5B 2H9",ambiguous
10826914.0,B-TOWN PIZZA,"13 ELM ST, Bldg-1 None M5G 1H1",likely_restaurant
10836356.0,B.A. GROCERY & VARIETY,140 SACKVILLE ST None M5A 3E7,ambiguous
10774588.0,BA NOI,806 Bloor St W None M6G 1L9,ambiguous
10809603.0,BA'NK BAO,375 Spadina Ave None M5T 2G3,ambiguous
10802768.0,BAAZIGAR,189 Augusta Ave None M5T 2L4,ambiguous
10856095.0,BABEL FINE FOODS,6620 Finch Ave W Unit-10 M9V 5H7,ambiguous
10808113.0,BABEL HUMMUS BAR,220 Yonge St None M5B 2H1,likely_restaurant
10817429.0,BABY'S CABARET,563 Queen St W Unit-563 M5V 2B6,ambiguous
10844962.0,BACCO MARKET,228 Queens Quay  W Unit-8 M5J 2X1,ambiguous
10860370.0,BAD & BOUJEE,1024 St Clair Ave W None M6E 1A4,ambiguous
10777329.0,BAD ATTITUDE BREAD,816 Dundas St W None M6J 1V3,ambiguous
10815162.0,BAD EGG,294 Richmond St E Unit-102 M5A 1P5,ambiguous
10828785.0,BAD EGG AND JUICE TO GO,2214 QUEEN ST E None M4E 1E9,likely_restaurant
10782487.0,BADIALI PIZZERIA,325 Weston Rd Bldg-4B M6N 4Z9,likely_restaurant
10828493.0,BADLANDS,190 Ossington Ave None M6J 2Z7,ambiguous
10809094.0,BAGELS ON FIRE,486 Front St W Unit-WM54 M5V 0V2,ambiguous
10858125.0,BAGELS ON FIRE CAFE,85 Hanna Ave None M6K 3S3,likely_restaurant
10771703.0,BAHN HAUS,81 Huron St None M5T 2A8,ambiguous
10818362.0,BAHN MI HUONG QUE,2437 Finch Ave W Bldg-12 M9M 2E7,ambiguous
10809990.0,BAHN MI VINA,1231 Dundas St W None M6J 1X6,ambiguous
10815164.0,BAIS YAAKOV ELEMENTARY SCHOOL - SNP,15 Saranac Blvd None M6A 2G4,likely_not_restaurant
10774697.0,BAKE CODE,451 Mcnicoll Ave None M2H 2C9,likely_restaurant
10823074.0,BAKE MY DAY TORONTO,235 Carlaw Ave None M4M 2S1,likely_restaurant
10863317.0,BAKE WITH POOKIE,36 Howard Park Ave Unit-149C M6R 0A5,likely_restaurant
10855342.0,BAKED BY BEAN,"1238 QUEEN ST E, Unit-G None M4L 1C3",likely_restaurant
10784600.0,BAKER DUCK,1571 Sandhurst Crcl Unit-428 M1V 1V2,likely_restaurant
10805764.0,BAKER'S FIESTA INC,133 Manville Rd Unit-17 M1L 4J7,likely_restaurant
10851248.0,BAKER'S FIESTA INC,"133 MANVILLE RD, Unit-18 None M1L 4J7",likely_restaurant
10853340.0,BAKERBOTS BAKING,1242 BLOOR ST W None M6H 1N5,likely_restaurant
10776269.0,BAKERY GARDEN CAFE,504 St Clair Ave W None None,likely_restaurant
10855351.0,BAKERY GATEAU,1170 Sheppard Ave W Unit-13 M3K 2A3,likely_restaurant
10772247.0,BAKERY POMPETTE,655 College St None M6G 1B7,likely_restaurant
10824294.0,BAKEZY COOKIE,36 BEAVER VALLEY RD None M3H 4S1,likely_restaurant
10775780.0,BALAM TORONTO,584 Lansdowne Ave None M6H 3Y6,ambiguous
10845531.0,BALE KAPAMPANGAN,3780 Bathurst St None M3H 3M6,ambiguous
10840279.0,BALI COFFEE SHOP,2209 Kingston Rd None M1N 1T7,likely_restaurant
10804870.0,BALKANSTYLE TURKISH BAKERY,2377 Finch Ave W None M9M 2W8,likely_restaurant
10847107.0,BALKH KITCHEN CONVENIENCE FLOWERS,"3555 DON MILLS RD, Unit-8 None M2H 3N3",ambiguous
10827814.0,BAMBÚ,180 Ossington Ave None M6J 2Z7,ambiguous
10825965.0,BANBAN KOREAN FRIED CHICKEN,2549 Warden Ave None M1W 2H5,likely_restaurant
10822115.0,BANCAN KITCHEN,804 Eglinton Ave E None M4G 2L1,likely_restaurant
10820962.0,BANDSHELL BAR - BANDSHELL PARK - CNE 2025,100 PRINCES BLVD None M6K 3C3,likely_restaurant
10863445.0,BANGLA TOWN GROCERY,3042 Danforth Ave None M4C 1N2,ambiguous
10811259.0,BANH MI BOYS,"329 YONGE ST, Bldg-UPPER LEVEL None M5B 1R7",ambiguous
10843953.0,BANH MI KHONG BAGUETTTE AND BUBBLE TEA,12 Jane St None M6S 3Y2,likely_restaurant
10861294.0,BANH MI PHO AN,3833 Midland Ave None M1V 5L6,likely_restaurant
10848637.0,BANH MY TRUNG SON,"3320 MIDLAND AVE, Unit-109A None M1V 5E6",ambiguous
10859324.0,BANYAN SOUTHERN CHINESE FOOD,5 Northtown Way Unit-11 M2N 7A1,ambiguous
10815184.0,BAO & BROTH,3278 Midland Ave Unit-B105 M1V 0C9,ambiguous
10803446.0,BAO HOUSE,5336 Yonge St None M2N 5P9,ambiguous
10848088.0,BAO HOUSE,592 Yonge St None M4Y 1Z3,ambiguous
10831046.0,BAO HOUSE (DUNDAS),171 Dundas St W None M5G 1C7,ambiguous
10858878.0,BAO MAMA,1265 MILITARY TRL None M1C 1A4,ambiguous
10779169.0,BAOZI KE,4400 Sheppard Ave E Unit-13 M1S 5J5,ambiguous
10815180.0,BAR 24,1532 DUNDAS ST W None M6K 1T5,likely_restaurant
10785929.0,BAR 404,322 King St W None M5V 1J2,likely_restaurant
10805695.0,BAR ARDO,169 King St E None M5A 1J4,likely_restaurant
10778186.0,BAR BANANE,227 Ossington Ave Flr-2 M6J 2Z8,likely_restaurant
10814573.0,BAR BURRITO,860 York Mills Rd Unit-3 M3B 1Y4,likely_restaurant
10859978.0,BAR EUGENIE,89 Harbord St None M5S 1G4,likely_restaurant
10821580.0,BAR EX CNE 2025,111 PRINCES BLVD None M6K 3C3,likely_restaurant
10797768.0,BAR GOA,36 Toronto St Unit-102G M5C 2C5,likely_restaurant
10843046.0,BAR MINI,1118 Queen St E None M4M 1K8,likely_restaurant
10808455.0,BAR NIRO,1334 DUNDAS ST W None M6J 1Y2,likely_restaurant
10793795.0,BAR PRIMA,1136 Queen St W None M6J 1J3,likely_restaurant
10824293.0,BAR ROMA,229 Ossington Ave None M6J 2Z8,likely_restaurant
10829988.0,BAR SUGO,1279 Bloor St W None M6H 1N7,likely_restaurant
10776372.0,BAR WELLINGTON,520 Wellington St W None M5V 1E3,likely_restaurant
10829209.0,BAR ZUNKO,675 YONGE ST None M4Y 2B2,likely_restaurant
10772351.0,BARBURRITO,2435 Kingston Rd None M1N 1V4,ambiguous
10806153.0,BARBURRITO,700 Lawrence Ave W Unit-230 M6A 3B4,ambiguous
10822326.0,BARBURRITO,1684 Danforth Ave None M4C 1H6,ambiguous
10827234.0,BARBURRITO,419 Yonge St Ste-419 M5B 1T1,ambiguous
10835449.0,BARBURRITO,200 Elizabeth St Bldg-1 M5G 2C4,ambiguous
10847043.0,BARBURRITO,4918 Yonge St None M2N 5N5,ambiguous
10851393.0,BARBURRITO,2261 Islington Ave Unit-103 M9W 3W6,ambiguous
10864062.0,BARBURRITO,1530 Albion Rd Unit-96A M9V 1B4,ambiguous
10388078.0,BARGAIN CLUB,"3685 KEELE ST, Unit-4A None M3J 3H6",ambiguous
10805045.0,BARISTA,200 Bloor St E None M4W 1E5,ambiguous
10826039.0,BARONESS,287 College St None M5T 1S2,ambiguous
10788382.0,BASIL BOX-TGH,200 Elizabeth St Bldg-5 M5G 2C4,ambiguous
10852371.0,BASIL PHO HOUSE,5651 Steeles Ave E Unit-27 M1V 5P6,likely_restaurant
10781565.0,BASKIN ROBBINS,1029 King St W Unit-1007A M6K 3M9,ambiguous
10852693.0,BASKIN ROBBINS,"4525 KINGSTON RD, Unit-4A None M1E 2P1",ambiguous
10847911.0,BASS LOUNGE,91 Rylander Blvd Unit-1001A M1B 5M5,ambiguous
10825513.0,BATHURST 6IXTY WINGS,410 Bathurst St None M5T 2S6,likely_restaurant
10851595.0,BATHURST CORNER MART,5995 Bathurst St None M2R 1Z3,likely_not_restaurant
10859915.0,BATIBOT,1576 Queen St W None M6R 1A6,ambiguous
10839437.0,BAVU VILLAS,2950 Kennedy Rd Unit-3 M1V 1T1,ambiguous
10795976.0,BAYVIEW GLEN LOWER SCHOOL CAFETERIA,275 Duncan Mill Rd None M3B 3H9,ambiguous
10795970.0,BAYVIEW GLEN UPPER SCHOOL CAFETERIA,85 Moatfield Dr None M3B 3L6,ambiguous
10723817.0,BAZHEN HOTPOT,3355 Steeles Ave E Unit 1-3 M2H 0A7,ambiguous
10799165.0,BB.Q CHICKEN,49 East Liberty St Unit-3 M6K 0A7,likely_restaurant
10799871.0,BB.Q CHICKEN,"4915 STEELES AVE E, Unit-8 None M1V 4Z3",likely_restaurant
10823333.0,BB.Q CHICKEN,652 Spadina Ave None M5S 2H7,likely_restaurant
10825503.0,BB.Q CHICKEN,38 Forest Manor Rd Unit-B None,likely_restaurant
10798784.0,BB.Q CHICKEN & PUB,5906 Yonge St None M2M 3T3,likely_restaurant
10855995.0,BBC INDIAN FOOD RESTAURANT,23 Westmore Dr Unit-7B M9V 3Y7,likely_restaurant
10775790.0,BBQ @ BLOOR,914 Bloor St W None M6H 1L1,likely_restaurant
10842643.0,BBQ FIRE AND SLICE,2859 ST CLAIR AVE E None M4B 1N4,likely_restaurant
10817785.0,BBQ PITSTOP,"40 CARL HALL RD, Lot-OUTDOORS None M3K 2C1",likely_restaurant
10830448.0,BD FUSION RESTAURANT,3478 Danforth Ave None M1L 1E1,likely_restaurant
10775290.0,BEACH HILL MONTESSORI,2032 Gerrard St E None M4E 2B1,ambiguous
10819117.0,BEACH HILL SMOKE HOUSE,620 Yonge St None M4Y 1Z8,ambiguous
10805046.0,BEACHES SANDBOX,2181 QUEEN ST E None M4E 1E5,ambiguous
10848702.0,BEAM'S,1973 QUEEN ST E None M4L 1H9,ambiguous
10829661.0,BEAMISH ACADEMY,3819 Bloor St W Bldg-      - M9B 1K7,likely_not_restaurant
10846835.0,BEAN ME UP,"225 COMMISSIONERS ST, Bldg-2ND FLOOR None M4M 0A1",ambiguous
10797880.0,BEAR STEAK SANDWICHES,550 College St Unit-A M6G 1B1,likely_restaurant
10849341.0,BEAR STEAK SANDWICHES,486 Front St W None M5V 0V2,likely_restaurant
10778341.0,"BEAUMONDE HEIGHTS SCHOOL, BREAKFAST PROGRAM",70 Monterrey Dr Rm-115 M9V 1T1,ambiguous
10807996.0,BEAUTY'S FRIED CHICKEN,220 Yonge St None M5B 2H1,likely_restaurant
10820987.0,BEAVER TAILS - KIDS WORLD KW 08 - CNE 2025,100 PRINCES BLVD None M6K 3C3,ambiguous
10862605.0,BECKED GOODS,621 ST CLAIR AVE W None M6C 1A7,ambiguous
10853773.0,BECKER'S,2942 Finch Ave E None M1W 2T4,ambiguous
10814240.0,BEDESSEE IMPORTS LTD,70 BARBADOS BLVD None M1J 1K9,ambiguous
10772714.0,BEETON HALL,789 Yonge St Unit-MAIN FLOOR M4W 2G8,ambiguous
10817001.0,BEIRUT BODEGA,212 King St W None M5H 1K5,ambiguous
10811856.0,BELEAF,45 Carlton St Bldg-#600 M5B 2H9,ambiguous
10780043.0,BELLA NAPOLI CUCINA ITALIANA,"557 Dixon Rd 111, 112, 113 M9W 6K1",ambiguous
10825006.0,BELLE ISLE,1455 Gerrard St E None M4L 1Z9,ambiguous
10782765.0,BELLINA,2075 Lawrence Ave W None M9N 1H7,ambiguous
10785200.0,BELLISSIMO PIZZERIA AND RISTORANTE,164 The Esplanade None M5A 4A5,likely_restaurant
10779379.0,BELLMERE JR PS - SNP - Morning Snack,470 Brimorton Dr None M1H 2E6,ambiguous
10826526.0,BELLONA RESTAURANT AND BAR,680 College St None M6G 1C1,likely_restaurant
10774855.0,BELLY BUSTER SUBMARINES,380 BLOOR ST W None M5S 1X2,ambiguous
10809790.0,BELLY BUSTER SUBMARINES,1121 CASTLEFIELD AVE None M6B 1E8,ambiguous
10772078.0,BELMONT EVENT SPACE,655 Dixon Rd MAIN M9W 1J3,ambiguous
10786718.0,BENDALE ACRES CHILD CARE CENTRE,2920 Lawrence Ave E None M1P 2T8,likely_not_restaurant
10846485.0,BENTO,808 York Mills Rd None M3B 1X8,ambiguous
10841193.0,BENTO SUSHI,3671 Dundas St W None M6S 2T3,likely_restaurant
10772452.0,BENTO SUSHI,301 Moore Ave None M4G 1E1,likely_restaurant
10774513.0,BENTO SUSHI,1050 Don Mills Rd None M3C 1W6,likely_restaurant
10774514.0,BENTO SUSHI,85 Laird Dr None M4G 3T8,likely_restaurant
10792773.0,BENTO SUSHI,1265 MILITARY TRL None M1C 1A4,likely_restaurant
10801980.0,BENTO SUSHI,2549 Weston Rd None M9N 2A7,likely_restaurant
10808590.0,BENTO SUSHI,825 Don Mills Rd None M3C 1V4,likely_restaurant
10823983.0,BENTO SUSHI,205 Humber College Blvd None M9W 5L7,likely_restaurant
10835893.0,BENTO SUSHI,1750 FINCH AVE E None M2J 2X5,likely_restaurant
10843219.0,BENTO SUSHI,201 Lloyd Manor Rd None M9B 6H6,likely_restaurant
10844425.0,BENTO SUSHI,111 Peter St None M5V 2H1,likely_restaurant
10853964.0,BENZ CIRCLE,4286 Kingston Rd Unit-10 M1E 2M8,ambiguous
10823188.0,BEP VIET,738 Gerrard St E None M4M 1Y3,ambiguous
10815554.0,BEREKET KEBAB HOUSE,245 Morningside Ave Unit-D2 M1E 3E6,likely_restaurant
10841581.0,BEREN RESTAURANT & CAFE,"1637 EGLINTON AVE W, Unit-A None M6E 2H1",likely_restaurant
10844733.0,BERGAMOS BY BRY FOODS,806 COLLEGE ST None M6G 1C8,ambiguous
10782038.0,BERNER TRAIL MORNING MEAL,120 Berner Trl None M1B 1B3,ambiguous
10847961.0,BERRYLICIOUS,"880 ELLESMERE RD, Unit-N11 None M1P 2W6",ambiguous
10806495.0,BEST DIM SUM FOOD CO STOREFRONT,23 Milliken Blvd B10 M1V 5H7,likely_restaurant
10781593.0,BEST SHAWARMA TO.,1310 ST CLAIR AVE W None M6E 1C1,likely_restaurant
10857062.0,BESTCO FRESH FOODS,102 Peter St None M5V 2G7,ambiguous
10811957.0,BETTER DAYS COFFE & DONUTS,963 Dovercourt Rd None M6H 2X6,likely_restaurant
10832502.0,BEVERLY GLEN YMCA,85 Beverly Glen Blvd None M1W 1W4,likely_not_restaurant
10838844.0,BEVERLY HILLS FINE FOODS,55 Beverly Hills Dr Unit-A M3L 1A2,ambiguous
10858504.0,BEVI  BIRRA,3072 DUNDAS ST W None M6P 1Z7,ambiguous
10808694.0,BEVO ESPRESSO BAR,25 Fontenay Crt None M9A 4W7,likely_restaurant
10838275.0,BEYOND 3.30,265 Chartland Blvd S Rm-KITCHEN M1S 2S6,ambiguous
10779696.0,BEYOND 3:30,720 Scarborough Golf Club Rd None M1G 1H7,ambiguous
10805438.0,BEYOND BANH MI,398 College St None M5T 1S8,ambiguous
10767928.0,BEYOND DELISH,5987 Bathurst St None M2R 1Z3,ambiguous
10849595.0,BEYTOOT,"105 VANDERHOOF AVE, Unit-8 None M4G 2H7",ambiguous
10817736.0,BEZ BAZAAR,688 Yonge St None M4Y 2A6,ambiguous
10849324.0,BHAAT N BYTES,427 Kennedy Rd None M1K 2A7,ambiguous
10824115.0,BHC CHICKEN,486 Front St W None M5V 0V2,likely_restaurant
10809235.0,BHK ROLL,444 Yonge St Bldg-1 M5B 2H4,ambiguous
10800364.0,BHOJAN GHAR,1870 Danforth Ave None M4C 1J4,ambiguous
10860955.0,BIBAB EXPRESS,1 Concorde Gt Unit-104 M3C 3N6,ambiguous
10822771.0,BICKFORD BREWING CO,292 Harbord St Unit-A M6G 1G6,likely_restaurant
10817420.0,BIFF'S BISTRO,33 Yonge St Unit-101 M5E 1G4,likely_restaurant
10815351.0,BIG BROTHERS GOURMET PIZZA,1736 Kingston Rd Bldg-1 M1N 1S9,likely_restaurant
10805798.0,BIG CITY CATERING (SMOKIN' BONES BBQ CATERING),165 Weston Rd None M6N 3P1,ambiguous
10862184.0,BIG DADDY'S HALAL GRILL,45 Four Winds Dr Unit-C3 M3J 1K7,likely_restaurant
10809097.0,BIG FAT COOKIES,486 Front St W Unit-WM53 M5V 0V2,likely_restaurant
10781000.0,BIG GUY LAMB SOUP NOODLE HOUSE,4750 Yonge St Unit-140 M2N 5M6,likely_restaurant
10840978.0,BIG MAO,5519 Yonge St None M2N 5S3,ambiguous
10831210.0,BIG ORANGE,900 DUFFERIN ST None M6H 4A9,ambiguous
10787599.0,BIG SLICE KITCHEN,4748 DUNDAS ST W None M9A 1A9,likely_restaurant
10811350.0,BIG TRIO WONTON NOODLE,2361 Brimley Rd Unit-D2 M1S 3L6,likely_restaurant
10838568.0,BIG WAY HOT POT,1571 Sandhurst Crcl Unit-105B M1V 1V2,likely_restaurant
10855128.0,BIG WAY HOT POT,559 Bloor St W None M5S 1Y6,likely_restaurant
10821539.0,BIGBELLY GREEK STREET FOOD,3111 Dufferin St Unit-107 M6A 2S7,ambiguous
10813505.0,BIGGER BEGGAR DEAL RESTAURENT,1985 DAVENPORT RD None M6N 1C5,ambiguous
10862703.0,BIMBAS IN TORONTO,"333 SILVERTHORN AVE, Unit-3 None M6N 3K5",ambiguous
10783346.0,BINGZ  CRISPY BURGER,3401 Dufferin St Unit-FC18 M6A 2T9,likely_restaurant
10783548.0,BINGZ CRISPY BURGER,1800 Sheppard Ave E Unit-1102 M2J 5A7,likely_restaurant
10813051.0,BINGZ CRISPY BURGER,220 Yonge St Unit-F0005 M5B 2H1,likely_restaurant
10853864.0,BINGZ CRISPY BURGER,65 Front St W Unit-CRU430B M5J 1E6,likely_restaurant
10853306.0,BIRDBITE COFFEE,1420 Dundas St W None M6J 1Y5,likely_restaurant
10842893.0,BIRDS & BEANS CAFE,160 Marine Parade Dr None M8V 0J3,likely_restaurant
10863092.0,BURRITO BOYZ,335 YONGE ST None M5B 1R7,ambiguous
10829155.0,BIRRIERIA DEL MERITO AGUASCALIENTES,9 Milvan Dr Unit-12 M9L 1Y9,ambiguous
10819475.0,BIRYANI BAR,4053 SHEPPARD AVE E None M1S 1S8,likely_restaurant
10828450.0,BIRYANI GUYS (Crave Food Hub - K2),"1275 MORNINGSIDE AVE, Unit-7 None M1B 3W1",likely_restaurant
10791376.0,BIRYANI NATION,1960 Lawrence Ave E Unit-18B M1R 2Z1,likely_restaurant
10839823.0,BIRYANI SPOT,7 Progress Ave Unit-3 M1P 5A3,likely_restaurant
10782398.0,BIRYANI VENUE,16 Mallard Rd None M3B 0A7,likely_restaurant
10799849.0,BIRYANIS AND MORE,2579 Victoria Park Ave None M1T 1A4,likely_restaurant
10823072.0,BIRYANIS N SHAKES,"1410 VICTORIA PARK AVE, Unit-4 None M4A 2L8",likely_restaurant
10847410.0,BISHA (HOTEL) BANQUET,40 Blue Jays Way Flr-43 M5V 2G3,likely_not_restaurant
10814869.0,BISHOP ALLEN ACADEMY - SNP,721 Royal York Rd None M8Y 2T3,likely_not_restaurant
10835006.0,BISHOP MACDONELL CATHOLIC SCHOOL,20 Brunel Crt None M5V 0R5,likely_not_restaurant
10844968.0,BISI BISI,1190 KENNEDY RD None M1P 2L1,ambiguous
10864121.0,BIT N BRIDLE - RAWF 2025,15 NOVA SCOTIA AVE None M6K 3C3,ambiguous
10780052.0,BITE MY WINGS,1051 Midland Ave None M1K 4G7,likely_restaurant
9091404.0,BITONDO'S PIZZERIA,11 Clinton St None M6J 2N7,likely_restaurant
10829446.0,BKOOKIES,579 College St None M6G 1B2,ambiguous
10777054.0,BLACK & BLUE,130 King St W None M5X 1K7,ambiguous
10779845.0,BLACK DOG PUB,87 Island Rd None M1C 2P6,likely_restaurant
10815631.0,BLACKBIRD BAKING COMPANY,91 Front St E Unit-44 M5E 1C2,ambiguous
10855571.0,BLACKFLY BEVERAGE COMPANY - CNE 2025,100 PRINCES BLVD None M6K 3C3,ambiguous
10831249.0,BLANCO CANTINA,384 Bloor St W None M5S 1X2,ambiguous
10850787.0,BLAZE BURGER,208 Queens Quay  W Bldg-4 M5J 2Y5,likely_restaurant
10855336.0,BLC FRY FACTORY,"195 PRINCES BLVD, Unit-BLC 06 None M6K 3C3",ambiguous
10821241.0,BLC LEMONADE - BLC 07 - CNE 2025,195 PRINCES BLVD None M6K 3C3,ambiguous
10782061.0,BLESSED TRINITY CATHOLIC SCHOOL - STUDENT NUTRITION PROGRAM,3205 BAYVIEW AVE None M2K 1G3,likely_not_restaurant
10813388.0,BLESSING AFRICAN FOOD,1007 Albion Rd None M9V 1A6,ambiguous
10857670.0,BLESSING IN DISGUISE BISTRO & BAR,150 John St None M5V 3E3,likely_restaurant
10774158.0,BLESSING SUPERMARKET,3601 Lawrence Ave E Unit-5 M1G 1P5,likely_not_restaurant
10861988.0,BLISS CARMAN SENIOR PUBLIC SCHOOL-SNP(AM),10 Bellamy Rd S None M1M 3N8,likely_not_restaurant
10801332.0,BLISS STATIONS,100 Melford Dr Unit-19 M1B 2G4,ambiguous
10854741.0,BLONDIES,16 Dupont St None M5R 1V2,ambiguous
10820360.0,BLONDIES PIZZA,160 Marine Parade Dr Unit-8 M8V 0J3,likely_restaurant
10826247.0,BLONDIES PIZZA,280 EGLINTON AVE W None M4R 1B2,likely_restaurant
10829770.0,BLONDIES PIZZA,65 Front St W None M5J 1E6,likely_restaurant
10780771.0,BLOOM BAR STUDIO,780 ST CLAIR AVE W None M6C 1B6,likely_restaurant
10778550.0,BLOOM DESSERTS,203 College St Unit-203 M5T 1P9,likely_restaurant
10835547.0,BLOOMBERG,161 Bay St Bldg-4300 M5J 2S1,ambiguous
10831915.0,BLOOMING GARDEN DESSERT HOUSE,2900 Warden Ave Unit-245 M1W 2S8,likely_restaurant
10833866.0,BLOOMING SPICE FISH HOUSE,325 Bamburgh Crcl Unit-A106 M1W 3Y1,ambiguous
10834780.0,BLOOMSBURY ACADEMY,29 Dalhousie St None M5B 0B3,likely_not_restaurant
10818773.0,BLOOR FRESH MARKET,868 Bloor St W None M6G 1M5,ambiguous
10778229.0,BLOOR WEST FOOD BANK,"2305 BLOOR ST W, Bldg-- None M6S 1P1",likely_not_restaurant
10814448.0,BLOORDALE MIDDLE SCHOOL - SNP,10 TOLEDO RD None M9C 2H3,likely_not_restaurant
10849368.0,BLU RISTORANTE & LOUNGE,214 King St W None M5H 3S6,ambiguous
10803799.0,BLUE BOVINE,65 Front St W None M5J 1E6,ambiguous
10809933.0,BLUE CLAW LOBSTER SHACK,486 Front St W Unit-WM27 M5V 0V2,ambiguous
10798307.0,BLUE COLLAR BAKERY,1230 Bloor St W None M6H 1N3,likely_restaurant
10856820.0,BLUE ELEPHANT CUISINE,516 Danforth Rd None M1K 1C6,likely_restaurant
10803113.0,BLUE PHOENIX,2478 KINGSTON RD None M1N 1V3,likely_restaurant
10854327.0,BLUET BAKERY,245 GERRARD ST E None M5A 2G1,likely_restaurant
10776281.0,BLUFFERS RESTAURANT BAR & GRILLE,7 Brimley Rd S None M1M 3W3,likely_restaurant
10803019.0,BLYTHWOOD ROAD BAPTIST CHURCH,80 Blythwood Rd None M4N 1A4,likely_not_restaurant
10814637.0,BMO CONFERENCING KITCHEN,33 Dundas St W Flr-6 None,likely_restaurant
10823799.0,BO'S NOFRILLS,261 Richmond St W None M5V 3M6,ambiguous
10839507.0,BOB'S BULGOGI,"105 VICTORIA ST, Unit-CO3 None M5C 3B4",ambiguous
10859172.0,BOBO TEA AND JUICE,3313 Lake Shore Blvd W None M8W 1M8,likely_restaurant
10797543.0,BOCA BRUNCH,488 Cosburn Ave None M4J 2N5,ambiguous
10780784.0,BOCADOS BAKE SHOP,923 Queen St W Unit-B M6J 1G5,likely_restaurant
10781804.0,BOCCACIO RISTORANTE ITALIANO,901 Lawrence Ave W None M6A 1C3,ambiguous
10808849.0,BOCCONE DELI & PIZZA BAR,1384 Yonge St None M4T 1Y5,likely_restaurant
10813472.0,BODEGA BURGERS,335 Yonge St Unit-- M5B 1R7,likely_restaurant
10815345.0,BODEGO ENERGY SUPPLY CO.,28 Bathurst St Unit-1-105 None,ambiguous
10798196.0,BOM BIBIMBAP,72 Gerrard St W Bldg-1 M5G 1J5,ambiguous
10832708.0,BOM DIA CAFE & BAKERY,389 Danforth Ave None M4K 1P1,likely_restaurant
10792526.0,BOMBA GELATO,93 Front St E None M5E 1C3,ambiguous
10810124.0,BOMOU,1075 Yonge St None M4W 2L2,ambiguous
10789410.0,BON ITALIA,591 Sheppard Ave E None M2K 1B4,ambiguous
10847818.0,BONANZA FOOD &GIFT,87 Cedarvale Ave None M4C 4J7,likely_not_restaurant
10784115.0,BONFE` INC.,149 Turbine Dr Lot-149 M9L 2S7,ambiguous
10777105.0,BONJOUR BRIOCHE BAKERY CAFE,812 Queen St E None M4M 1H7,likely_restaurant
10833041.0,BONJUK,4841 Yonge St Unit-119 M2N 5X2,ambiguous
10813183.0,BOOM BREAK THE FAST,2840 Dundas St W None M6P 1Y7,ambiguous
10857360.0,BOOM KARAOKE,"577 YONGE ST, Unit-BASEMENT None M4Y 1Z2",ambiguous
10384083.0,BOOSTER JUICE,4700 KEELE ST None M3J 1P3,likely_restaurant
10778131.0,BOOSTER JUICE,35 Bathurst St None M5V 2P2,likely_restaurant
10795665.0,BOOSTER JUICE,1 Island Airport None M5V 1A1,likely_restaurant
10799205.0,BOOSTER JUICE,1390 Neilson Rd Unit-B2 M1B 0C2,likely_restaurant
10801883.0,BOOSTER JUICE,55 Avenue Rd Unit-F9 M5R 3L2,likely_restaurant
10802127.0,BOOSTER JUICE,120 Adelaide St W None M5H 1T1,likely_restaurant
10803907.0,BOOSTER JUICE,4700 KEELE ST None M3J 1P3,likely_restaurant
10804589.0,BOOSTER JUICE,20 Bay St None M5J 2N8,likely_restaurant
10806741.0,BOOSTER JUICE,145 Silver Reign Dr None M9W 0G5,likely_restaurant
10818655.0,BOOSTER JUICE,651 Spadina Ave Unit-120 M5S 2H6,likely_restaurant
10825812.0,BOOSTER JUICE,808 York Mills Rd Unit-34A M3B 1X8,likely_restaurant
10826204.0,BOOSTER JUICE,200 Bay St Unit-134 M5J 2H0,likely_restaurant
10830228.0,BOOSTER JUICE,2296 Bloor St W None M6S 1P2,likely_restaurant
10832839.0,BOOSTER JUICE,12 Richardson St Unit-7 M5A 4J9,likely_restaurant
10836178.0,BOOSTER JUICE,4915 Bathurst St None M2R 1X9,likely_restaurant
10836252.0,BOOSTER JUICE,1381 Danforth Ave None M4J 1N2,likely_restaurant
10837794.0,BOOSTER JUICE,460 Renforth Dr 13 M9C 2N2,likely_restaurant
10840939.0,BOOSTER JUICE,1800 Sheppard Ave E Unit-2015C M2J 5A7,likely_restaurant
10848883.0,BOOSTER JUICE,85 Laird Dr None M4G 3T8,likely_restaurant
10859625.0,BOOSTER JUICE,3401 Dufferin St Unit-KIOSK 1 M6A 2T9,likely_restaurant
10861362.0,BOOSTER JUICE,2081 Steeles Ave W Unit-G3 M3J 3N3,likely_restaurant
10532974.0,BOOYAH,16 VAUGHAN RD None M6G 2N1,ambiguous
10787180.0,BORDEN PLACE,60 Borden St None M5S 2M9,ambiguous
10854504.0,BORIBUZ,"3254 DANFORTH AVE, Unit-A None M1L 1C2",ambiguous
10850761.0,BOSQUE,940 BROADVIEW AVE None M4K 2R1,ambiguous
10814429.0,BOSSANOVA WINE AND BEER - THE BAR,101 RONCESVALLES AVE None M6R 2K9,likely_restaurant
10830488.0,BOSTON PIZZA,1602 The Queensway Bldg-F M8Z 1V1,likely_restaurant
10839048.0,BOSTON PIZZA,25 CINEMART DR None M1B 6H6,likely_restaurant
10845801.0,BOTTEGA DELLA PIADINA,60 Richmond St E None M5C 1N8,ambiguous
10845575.0,BOTTOMS UP KITCHEN,3371 LAKE SHORE BLVD W None M8W 1N1,likely_restaurant
10803553.0,BOURBON ST GRILL,900 Dufferin St Unit-114 M6H 4A9,likely_restaurant
10848507.0,BOURBON ST. GRILL,2300 Yonge St None M4P 1E4,likely_restaurant
10859034.0,BOURBON ST. GRILL,4841 Yonge St Unit-202 M2N 5X2,likely_restaurant
10775973.0,BOURBON STREET GRILL,500 Rexdale Blvd Unit-L005 M9W 6K5,likely_restaurant
10830101.0,BOUTIQUE BAR,553 Church St None M4Y 2E2,likely_restaurant
10832716.0,BOVINE WINE LOUNGE,65 Front St W None M5J 1E6,ambiguous
10779709.0,BOWIE,180 Ossington Ave Bsmt-R M6J 2Z7,ambiguous
10795740.0,BOWMORE EXTENDED DAY PROGRAM (EDP),80 Bowmore Rd None M4L 3J2,ambiguous
10816100.0,BOXCAR SOCIAL,505 Richmond St W Unit-3 M5V 1Y3,ambiguous
10830279.0,BOXCAR SOCIAL,1208 Yonge St None M4T 1W1,ambiguous
10846179.0,BOYO AFRICAN SUPERSTORE,2995 Islington Ave None M9L 2K9,ambiguous
10778971.0,BPC,942 The Queensway Bldg-- M8Z 1P4,ambiguous
10841923.0,BRACE GIFTS,"105 VANDERHOOF AVE, Unit-8 None M4G 2H7",likely_not_restaurant
10832083.0,BRANDOR COFFEE,100 University Ave None M5J 1V6,likely_restaurant
10773911.0,BREADHEAD COMMISSARY,"346 WESTMORELAND AVE N, Unit-105C None M6H 3A7",ambiguous
10837866.0,BREADY,130 King St W Bldg-SW05 M5X 1K7,ambiguous
10812770.0,BREBEUF COLLEGE,211 Steeles Ave E None M2M 3Y6,likely_not_restaurant
10824323.0,BRENNAN HALL,81 St Mary St None M5S 1J4,ambiguous
10780699.0,BRETON BISTRO & LOUNGE,4650 Eglinton Ave W None None,likely_restaurant
10779659.0,BRETT'S,1007 Kingston Rd None M4E 1T3,ambiguous
10850821.0,BREWNTO,1020 ST CLAIR AVE W None M6E 1A4,ambiguous
10792323.0,BRGR BARN,1075 Martin Grove Rd None M9W 4W6,ambiguous
10839962.0,BRICK & BUTTER BAKEHOUSE,"28 FINCH AVE W, Unit-116 None M2N 2G7",likely_restaurant
10843427.0,BRICK STONE PIZZA & WINGS,3 CHELWOOD RD None M1K 2K5,likely_restaurant
10855868.0,BRICKHOUSE WAFFLE,"641 BAY ST, Unit-2 None M5G 1M7",ambiguous
10805817.0,BRIDGETTE BAR,423 Wellington St W None M5V 1E7,likely_restaurant
10798787.0,BRIGHTPATH ACADEMY,970 Queen St E Flr-2 M4M 1J8,likely_not_restaurant
10796891.0,BRIGHTPATH ACADEMY - THE BEACH CLUBZONE,1919 Queen St E None M4L 1H3,likely_not_restaurant
10789917.0,BRIGHTPATH ACADEMY-DAVISVILLE VILLAGE,1432 Bayview Ave None M4G 3B3,likely_not_restaurant
10854113.0,BRITISH PRIDE BAKERY,65 Rylander Blvd Unit-4003 M1B 5M5,likely_restaurant
10776108.0,BROAD VIEW FRENCH MONTESSORI SCHOOL,903 Pape Ave None M4K 3V1,likely_not_restaurant
10771263.0,BROCKTON VILLAGE BAKERY,1566 Dundas St W None M6K 1T8,likely_restaurant
10826075.0,BRODO HOUSE,100 Symes Rd Unit-112-SHARED M6N 3T1,ambiguous
10856874.0,BROEDIE'S BUTTER BURGERS - MIDWAY STAGE - CNE 2025,100 PRINCES BLVD None M6K 3C3,likely_restaurant
10858587.0,BROKEN RICE,613 Yonge St None M4Y 1Z5,ambiguous
10821815.0,BRONCO'S BAR CNE 2025,100 PRINCES BLVD None M6K 3C3,likely_restaurant
10842467.0,BROWN DONKATSU,487 Bloor St W None M5S 1Y2,ambiguous
10849502.0,BRULEE,52 Scarsdale Rd Unit-101 M3B 2R7,ambiguous
10861597.0,BUCHANAN PUBLIC SCHOOL STUDENT NUTRITION CENTER,4 Bucannan Rd Rm-STAFF ROOM M1R 3V3,likely_not_restaurant
10834334.0,BUCKET BIRYANI / MOHABBAT,638 Queen St W None M6J 1E4,likely_restaurant
10793209.0,BUDDHA BELLY,200 Front St W Unit-F008 M5V 3K2,ambiguous
10853179.0,BUILDAPE NUTRITION SCARBOROUGH,3178 EGLINTON AVE E None M1J 2H5,ambiguous
10800292.0,BULK BARN,"75 EGLINTON AVE E, Unit-101-102 None M4P 2Z9",ambiguous
10862812.0,BULK BARN,5230 Dundas St W Unit-14 M9B 1A8,ambiguous
10800696.0,BULK BARN FOODS LTD,8 Lebovic Ave Unit-B3 M1L 4V9,ambiguous
10857046.0,BUN & COM VIETNAMESE EATERY,200 Wellington St W Unit-FC320 M5V 3C7,likely_restaurant
10846500.0,BUN APPETIT,20 Eglinton Ave W None M4R 1K8,ambiguous
10828449.0,BUN BO HUE O NOM,656 Sheppard Ave W None M3H 2S5,ambiguous
10811381.0,BUN.MI,822 The Queensway Bldg-- M8Z 1N5,ambiguous
10812083.0,BUNKER,"489 CHURCH ST, Bsmt-- None M4Y 2C6",ambiguous
10862067.0,BUNO COFFEE,1048 Queen St W None M6J 1H7,likely_restaurant
10823162.0,BUNS N CONES,1189 Brimley Rd Bldg-1 M1P 3G5,ambiguous
10776596.0,BUONO RISTORANTE,1566 Bayview Ave None M4G 3B7,ambiguous
10810165.0,BUOYS & BEACONS CONVENIENCE,2154 QUEEN ST E None M4E 1E4,likely_not_restaurant
10847977.0,BURDOCK BREWERY KENSINGTON TAVERN,184 Augusta Ave None M5T 2L6,likely_restaurant
10816112.0,BURGER BLOC,162 Mc Caul St None M5T 1W4,likely_restaurant
10817196.0,BURGER FACTORY,1800 Sheppard Ave E Unit-2021 A M2J 5A7,likely_restaurant
10820704.0,BURGER FACTORY,115 Humber College Blvd Unit-3 M9V 0A9,likely_restaurant
10830555.0,BURGER HILL,2326 DANFORTH AVE None M4C 1K7,likely_restaurant
10778399.0,BURGER KING,85 The Pond Rd None M3J 0L7,likely_restaurant
10800573.0,BURGER KING,181 Bay St None M5J 2T3,likely_restaurant
10804483.0,BURGER KING,145 Silver Reign Dr Unit-1101 M9W 0G5,likely_restaurant
10832054.0,BURGER KING,200 Front St W Unit-F002 M5V 3K2,likely_restaurant
10833057.0,BURGER KING,2900 Warden Ave 159 M1W 2S8,likely_restaurant
10844377.0,BURGER KING,2512 Jane St None M3L 1S1,likely_restaurant
10843153.0,BURGER REPUBLIC,1171 Dundas St W None M6J 1X3,likely_restaurant
10836574.0,BURGERHINI,3585 Lawrence Ave E None M1G 1P4,likely_restaurant
10846738.0,BURGERS N' FRIES FOREVER,49 East Liberty St Unit-2 M6K 0A7,likely_restaurant
10863943.0,BURGERS N' FRIES FOREVER,175 Bloor St E None M4W 3T5,likely_restaurant
10828409.0,BURNHAMTHORPE COLLEGIATE INSTITUTE ADULT LEARNING CENTRE - TRIO'S FOOD SERVICES,500 The East Mall None M9B 2C4,likely_not_restaurant
10812788.0,BURRITO BOYS,572 Rogers Rd None M6M 1B6,ambiguous
10784423.0,BURRITO BOYZ,3803 Lake Shore Blvd W None M8W 1R2,ambiguous
10830628.0,BURRITO BOYZ,811 Yonge St None M4W 2G9,ambiguous
10844001.0,BURRITO BOYZ,489 Queen St W None M5V 2B4,ambiguous
10789915.0,BURRITO HOUZ,10 Mallard Rd Unit-C112 M3B 0A7,ambiguous
10828770.0,BURRITO LOGO -HAWK'S NEST,205 HUMBER COLLEGE BLVD None M9W 5L7,ambiguous
10820975.0,BUSYBEE AFRO KITCHEN,"1700 WILSON AVE, Unit-84F None M3L 1B2",likely_restaurant
10806579.0,BUTCHER & BOUNTY,100 PRINCES BLVD None M6K 3C3,likely_not_restaurant
10826592.0,BUTCHER BOUTIQUE,2245 Dundas St W None M6R 1X6,likely_not_restaurant
10781009.0,BUTTER AND BLUE,9 Baldwin St Unit-7 M5T 1L1,ambiguous
10837328.0,BUTTER CHICKEN ROTI,1800 Sheppard Ave E Unit-F017 M2J 5A7,likely_restaurant
10851999.0,BUTTER PUP COFFEE,4750 Yonge St Unit-122 M2N 5M6,likely_restaurant
10797673.0,BUVETTE PACEY,141 BERKELEY ST None M5A 2X1,ambiguous
10819063.0,BUZY BEE M DELI,3333 LAKE SHORE BLVD W None M8W 1N1,likely_restaurant
10833333.0,Blaze and Bourbon,799 Brimley Rd Unit-817 M1J 1C9,ambiguous
10829791.0,BowlBowl Yogurtery,"5440 YONGE ST, Unit-1 None M2N 5R8",ambiguous
10797533.0,Bullpen Saloon - RAWF 2025,100 PRINCES BLVD None M6K 3C3,ambiguous
10852769.0,C & R TRADING,2774 KENNEDY RD None M1T 3J2,likely_not_restaurant
10824114.0,C MARKET EUROPEAN DELI,1013 PAPE AVE None M4K 3V8,likely_restaurant
10848646.0,C.O.R.E.,41 Alma Ave Flr-2ND FLR None,ambiguous
10821460.0,C3X JUICE CREATIONS,297 Campbell Ave None M6P 3V7,likely_restaurant
10843239.0,CABACOA CAFE,1157 ST CLAIR AVE W None M6E 1B2,likely_restaurant
10816841.0,CACTUS CLUB CAFE,4841 Yonge St Unit-309 M2N 5X2,likely_restaurant
10807636.0,CAFE 1847,330 University Ave None M5G 1R7,likely_restaurant
10826350.0,CAFE 295,295 The West Mall None M9C 4Z4,likely_restaurant
10832696.0,CAFE 544 BAR,2178 EGLINTON AVE W None M6E 2L1,likely_restaurant
10838010.0,CAFE 85,695 Bay St Bldg-1 M5G 0C3,likely_restaurant
10828456.0,CAFE AVENUE RD,1779 Avenue Rd None M5M 3Y8,likely_restaurant
10831693.0,CAFE BELEM,546 College St None M6G 1B1,likely_restaurant
10847484.0,CAFE BISTRO @ 40 WYNFORD RD N,40 Wynford Dr Unit-111 M3C 1J5,likely_restaurant
10791387.0,CAFE BOULUD,60 Yorkville Ave None M4W 0A4,likely_restaurant
10813835.0,CAFE DE FLORE,2989 Bloor St W None M8X 1C1,likely_restaurant
10847100.0,CAFE DE FLORE,465 Eglinton Ave W None M5N 1A7,likely_restaurant
10776061.0,CAFE KRAY,4850 Yonge St None M2N 5N2,likely_restaurant
10772353.0,CAFE LA GAFFE,"24 BALDWIN ST, Unit-NA None M5T 1L2",likely_restaurant
10805399.0,CAFE LANDWER,383 Spadina Rd None M5P 2W1,likely_restaurant
10814237.0,CAFE LANDWER,33 Yonge St Unit-104 M5E 1G4,likely_restaurant
10835293.0,CAFE LANDWER,1100 King St W None M6K 1E6,likely_restaurant
10847461.0,CAFE LAON,453 Dundas St W Flr-1 M5T 1G8,likely_restaurant
10825923.0,CAFE LE MAJESTIK,2900 Markham Rd None M1X 1E6,likely_restaurant
10828736.0,CAFE MIMICO,300 Manitoba St Unit-9 M8Y 4G6,likely_restaurant
10822400.0,CAFE MONTAIGNE,394 Richmond St W None M5V 1X6,likely_restaurant
10828357.0,CAFE NAMOO,23 DREWRY AVE None M2M 1C9,likely_restaurant
10773105.0,CAFE OUR HOURS,557 CHURCH ST None M4Y 2E2,likely_restaurant
10847709.0,CAFE PARMESAN,918 KINGSTON RD None M4E 1S5,likely_restaurant
10774312.0,CAFE PASTEL,862 Dundas St W None M6J 1V5,likely_restaurant
10771854.0,CAFE PLENTY,199 Bay St None M5L 1E7,likely_restaurant
10801618.0,CAFE RENEE,100 Portland St None M5V 2N2,likely_restaurant
10812553.0,CAFE ROMA,807 St Clair Ave W None M6C 1B9,likely_restaurant
10834341.0,CAFE TEA TALKS,69 Lebovic Ave Unit-D113 None,likely_restaurant
10864137.0,CAFE WA SUSHI,4800 Dufferin St None M3H 5T3,likely_restaurant
10802154.0,CAFE X BICA,"160 PEARS AVE, Unit-110 None M5R 3P8",likely_restaurant
10825122.0,CAFEDELITY,483 Bay St Unit-300 M5G 2C9,likely_restaurant
10847951.0,CAFEMIA ITALIAN BAKERY,84 Oakdale Rd Unit-2 M3N 1V9,likely_restaurant
10811899.0,CAFETERIA,1650 DUPONT ST None M6P 3T2,likely_restaurant
10828467.0,CAFFE DEMETRES,2962 Bloor St W None M8X 1B7,ambiguous
10844579.0,CAFFE TAZZA,11 Tippett Rd Unit-19 M3H 2V1,ambiguous
10819855.0,CAFFE'IN,100 St George St None M5S 3G3,ambiguous
10841286.0,CAFFE'IN,252 Bloor St W None M5S 1V5,ambiguous
10858728.0,CAFFEO,405 RICHMOND ST W None M5V 1X3,ambiguous
10834121.0,CAKE TALK BAKERY,2900 Warden Ave None M1W 2S8,likely_restaurant
10827225.0,CAKETORONTO,"2727 STEELES AVE W, Unit-101 None M3J 3G9",ambiguous
10797478.0,CALABAR GRILL AND BAR,1178 Weston Rd Unit-A M6M 4P4,likely_restaurant
10776833.0,CALDENSE BAKERY,61 Industry St None M6M 4L5,likely_restaurant
10852737.0,CALII LOVE,65 Queen St W None M5H 2M5,ambiguous
10860581.0,CAMELLIA CONVENIENCE STORE,1851 AVENUE RD None M5M 3Z4,likely_not_restaurant
10735651.0,CANADA SRI AYYAPAN HINDU TEMPLE,635 Middlefield Rd None M1V 5B8,likely_not_restaurant
10851090.0,CANADIAN FILM CENTRE,2489 Bayview Ave None M2L 1A8,ambiguous
10811273.0,CANADIAN MARTYRS CATHOLIC SCHOOL,520 PLAINS RD None M4C 2Z1,likely_not_restaurant
10852259.0,CANADIAN TIRE,3553 LAWRENCE AVE E None M1H 1B2,likely_not_restaurant
10801258.0,CANADIAN TIRE STORE 654,1015 Lake Shore Blvd E None M4M 1B4,likely_not_restaurant
10854906.0,CANARY COUNTER,322 Harbord St None M6G 1H1,ambiguous
10818155.0,CANCO,2 Oakdale Rd Bldg-- M3N 1V9,ambiguous
10784852.0,CANCO 717/ONE STOP,4901 Steeles Ave W None M9L 2W1,ambiguous
10824571.0,CANDY CASTLE VARIETY  STORE,225 Gledhill Ave None M4C 5K9,likely_not_restaurant
10780427.0,CANECAS SPORTS BAR AND CAFE,605 Rogers Rd Unit-D6 M6M 1B9,likely_restaurant
10846560.0,CANELA,538 Danforth Ave None M4K 1P8,ambiguous
10790999.0,CANOPY BY HILTON TORONTO - YORKVILLE (VIRTU CAFE),387 BLOOR ST E None M4W 1H7,likely_restaurant
10813821.0,CANTEEN OF CANADA,25 IRONSIDE CRES None M1X 1G5,ambiguous
10847245.0,CAPHELIA COFFEE,2 Irwin Ave None M4Y 1K9,likely_restaurant
10846145.0,CAPRAE & SUIDAE,3359 YONGE ST None M4N 2M6,ambiguous
10826825.0,CAPRI CAFE,1659 ST CLAIR AVE W None M6N 1H9,likely_restaurant
10778996.0,CAPTAIN AZZA,3300 Bloor St W Unit-FC4 M8X 2X3,ambiguous
10808117.0,CAPTAIN NEON,220 Yonge St None M5B 2H1,ambiguous
10805175.0,CAPTAIN'S CHICKEN,2977 Lake Shore Blvd W None M8V 1J8,likely_restaurant
10846464.0,CAPYBARA,2323 Bloor St W Unit-105 M6S 4W1,ambiguous
10852721.0,CARBONIC COFFEE/HAKO,870 Dundas St W None M6J 1V7,likely_restaurant
10825042.0,CARE / OF,201 Weston Rd Unit-102 M6N 3P1,ambiguous
10861156.0,CARE FOCUS CANADA,"1977 FINCH AVE W, Unit-208A None M3N 2V3",ambiguous
10791840.0,CARGO KTV,2347 Kennedy Rd Unit-B02 M1T 3T8,ambiguous
10852877.0,CARIBBEAN CUISINE,40 Carl Hall Rd Unit-E10 M3K 2C1,likely_restaurant
10809072.0,CARIBBEAN CUISINE AUTHENTIC JAMAICAN JERK,2516 Eglinton Ave W None M6M 1T1,likely_restaurant
10838488.0,CARIBBEAN ESSENCE,"750 OAKDALE RD, Unit-1 None M3N 2Z4",ambiguous
10789089.0,CARIBBEAN FARM FRESH,1596 Eglinton Ave W Bldg-A M6E 2G8,ambiguous
10802704.0,CARIBBEAN HOTPOT,"1 EGLINTON SQ, Unit-143 None M1L 2K1",ambiguous
10827366.0,CARIBBEAN PALACE RESTAURANT & BAR,1646 Jane St None M9N 2R9,likely_restaurant
10843582.0,CARIBBEAN QUEEN FINE DINING & TAKE-OUT,10 Bradstock Rd None M9M 1M8,ambiguous
10808541.0,CARIBBEAN QUEEN JERK,2079 Lawrence Ave W None M9N 1H7,ambiguous
10821945.0,"CARIBBEAN SPICES, FRUITS AND VEGETABLES",1239 WESTON RD None M6M 4P7,ambiguous
10800640.0,CARIBBEAN WAVE RESTAURANT,875 Milner Ave Unit-106-107 M1B 5N6,likely_restaurant
10764091.0,CARIBOU GIFTS,228 MAVETY ST None M6P 2M2,likely_not_restaurant
10840311.0,CARIBOU GIFTS,590 Mount Pleasant Rd None M4S 2M8,likely_not_restaurant
10781384.0,CARINE CUISINE  COMFORT FOOD,133 Manville Rd Unit-20 M1L 4J7,likely_restaurant
10814276.0,CARING AND SAFE ALTERNATIVE SCHOOLS PROGRAM,30 Barrhead Cres None M9W 3Z7,likely_not_restaurant
10800526.0,CARLOAD FOOD MARKET,2344-2346 BLOOR ST W None M6S 1P3,ambiguous
10859954.0,CAROUSEL BAKERY,93 Front St E Unit-3738 M5E 1C3,likely_restaurant
10856499.0,CAROUSEL BAR - CNE 2025,2 STRACHAN AVE None M6K 3C3,likely_restaurant
10844461.0,CAROUSEL CAFE & BISTRO,585 Dundas St E Flr-1 M5A 2B7,likely_restaurant
10838484.0,CASA 73,20 Bay St None M5J 2N8,ambiguous
10783670.0,CASA BOHO JUICE BAR & CAFE,62 Marine Parade Dr Unit-#18-19 M8V 0B7,likely_restaurant
10847971.0,CASA MEZCAL,252 Dupont St None M5R 1V7,ambiguous
10819341.0,CASA MIA DELICATESSEN FINE FOODS,1985 Queen St E None M4L 1J1,ambiguous
10836357.0,CASA MORALES,152 Augusta Ave None M5T 2L5,ambiguous
10772860.0,CASA PACO,50C Clinton St None M6G 2Y3,ambiguous
10805273.0,CASA PORTUGUESA,180 Bentworth Ave None M6A 1P7,ambiguous
10775945.0,CASA SUSHI,469 DANFORTH AVE None M4K 1P1,likely_restaurant
10775665.0,CASAMIENTO,787 Dupont St None M6G 1Z5,ambiguous
10828441.0,CASINO HOTEL KITCHEN,555 REXDALE BLVD None M9W 7G3,likely_restaurant
10806188.0,CASSIUS CUCINA CONTEMPORANEA,624 King St W None M5V 1M7,ambiguous
10862678.0,CASTOR LENADOR,2039 EGLINTON AVE W None M6E 2K4,ambiguous
10783281.0,CASUAL,555 Rexdale Blvd None M9W 7G3,ambiguous
10863340.0,CATERED BREAKS RESTAURANT AND CAFE,3 Concorde Gt Unit-110 M3C 3N7,likely_restaurant
10857628.0,CATRINA BIRRIA,267 Augusta Ave None M5T 2M1,ambiguous
10863499.0,CCC PRODUCTION KITCHEN,45 Manitoba Dr None M6K 3C3,likely_restaurant
10832779.0,CE QUE SABE,570 Rogers Rd None M6M 1B6,ambiguous
10817422.0,CECI BAR,33 Yonge St Unit-101 M5E 1G4,likely_restaurant
10780979.0,CELLAR DOOR RESTAURANT,3003 LAKE SHORE BLVD W None M8V 1K2,likely_restaurant
10834194.0,CENTENNIAL PARK PLACE,25 Centennial Park Rd None M9C 5H1,ambiguous
10814443.0,CENTRAL ETOBICOKE HIGH SCHOOL- BREAKFAST,10 DENFIELD ST None M9R 3H1,ambiguous
10803445.0,CENTRAL MONTESSORI SCHOOL EARLY YEARS SHEPPARD CAMPUS,180 Sheppard Ave E None M2N 3A4,likely_not_restaurant
10847612.0,CENTRAL RESTAURANTS,114 Ossington Ave None M6J 2Z4,likely_restaurant
10859602.0,CENTRAL TECHNICAL SCHOOL,725 Bathurst St Flr-3 M5S 2R5,likely_not_restaurant
10809297.0,CENTRAL TECHNICAL SCHOOL- CULINARY SCHOOL,725 Bathurst St None M5S 2R5,likely_not_restaurant
10804475.0,CENTRAL TORONTO ACADEMY/HORIZON ALTERNATIVE,570 Shaw St None M6G 3L6,likely_not_restaurant
10815706.0,CENTRE STREET DELI EXPRESS,995 Bay St None M5S 3C4,likely_restaurant
10846921.0,CENTREVILLE STOCKROOM,1 CENTRE ISLAND PK None None,ambiguous
10793340.0,CEVIRME DONER PRODUCTION LIMITED,1111 Finch Ave W Unit-30 M3J 2E5,ambiguous
10838129.0,CEYLON SPICY HUB,825 Passmore Ave Unit-103 - 106 M1X 0B8,ambiguous
10840272.0,CHA BUNNY,2245 Kennedy Rd Unit-5A M1T 3G8,ambiguous
10856045.0,CHA CHENG TEALATO,56 Wellesley St W None M5S 2S3,ambiguous
10806912.0,CHA HALO,576 Yonge St None M4Y 1Z3,ambiguous
10794937.0,CHA MIAO,5373 Yonge St None M2N 5R6,ambiguous
10846688.0,CHA THAI CAFE,756 Dundas St W None M6J 1T8,likely_restaurant
10807475.0,CHABAD OF MIDTOWN WEST,1034 St Clair Ave W None M6E 1A4,ambiguous
10848164.0,CHACHEE'S CHAI CAFE,62 Overlea Blvd Unit-7B M4H 1C4,likely_restaurant
10808604.0,CHACHU'S,113 Bond St Flr-LOWER LEVEL M5B 1Y2,ambiguous
10815717.0,CHAHAL DHABA INDIAN CUISINE,4820 Sheppard Ave E Unit-19 - 20 M1S 5M8,likely_restaurant
10793938.0,CHAHALO,15 Northtown Way Unit-28 M2N 7A2,ambiguous
10817594.0,CHAHALO,3262 Midland Ave Unit-E108 M1V 0C6,ambiguous
10831243.0,CHAI  SAMOSA & CHAAT,1291 Gerrard St E None M4L 1Y8,ambiguous
10838325.0,CHAI CULTURE,1445 Gerrard St E Bldg-- M4L 1Z9,ambiguous
10839942.0,CHAI KEE NOODLE HOUSE,4400 Sheppard Ave E Unit-6-8 M1S 5J5,likely_restaurant
10847610.0,CHAI STOP,3180 Lake Shore Blvd W Unit-3 M8V 1L7,ambiguous
10799601.0,CHAIIWALA OF LONDON,1780 Albion Rd None M9V 1C1,ambiguous
10843432.0,CHAIIWALA OF LONDON,2250 Markham Rd Unit-3B M1B 2W4,ambiguous
10832691.0,CHAINSMOKER URBAN HALAL BARBECUE,1892 Lawrence Ave E None M1R 2Y5,ambiguous
10793077.0,CHAIYO -THAI MARKET BY PAI,81 Bay St Unit-2 M5E 1Z8,ambiguous
10807841.0,CHAKO BBQ & IZAKAYA,14 Lebovic Ave None M1L 4V9,likely_restaurant
10809109.0,CHALKERS SPORTS BAR AND GRILL,247 Marlee Ave Flr-2 M6B 4B8,likely_restaurant
10822413.0,CHAMBERLAIN'S PONY BAR,583 King St W None M5V 1M1,likely_restaurant
10799781.0,CHAMBERS STEAKHOUSE & SUPPER CLUB,"19 TORONTO ST, Unit-200 None M5C 2R1",ambiguous
10793213.0,CHAMPION DONER,3300 Keele St None None,ambiguous
10614881.0,CHAMPIONS ON BLOOR,696 Bloor St W None M6G 1L4,ambiguous
10773280.0,CHANTECLER,798 Bloor St W None M6G 1L9,ambiguous
10835183.0,CHAO LAY,809 St Clair Ave W None M6C 1B9,ambiguous
10772872.0,CHAOSHAN BEEF HOT POT,354 Spadina Ave None M5T 2G4,likely_restaurant
10779976.0,CHAPAYOM,21 Wellesley St W Unit-6 M4Y 0H1,ambiguous
10857694.0,CHAPAYON,4909 Yonge St Unit-B M2N 5N4,ambiguous
10811940.0,CHAPPA RESTAURANT,1340 ST CLAIR AVE W None M6E 1C4,likely_restaurant
10827470.0,CHARCOAL BIRYANI,199 Bay St Unit-C154 M5L 1E7,likely_restaurant
10815355.0,CHARCOAL KEBAB HOUSE,106 Mutual St Unit-7 M5B 2R7,likely_restaurant
10831461.0,CHARLIE'S TEA,5 Northtown Way Unit-2 M2N 7A1,likely_restaurant
10845228.0,CHARMAINE SWEETS,939 Eglinton Ave E None M4G 4E8,ambiguous
10777704.0,CHAT BAR RESTAURANT,307 Spadina Ave Unit-307 M5T 2E6,likely_restaurant
10778620.0,CHATIME,953 KINGSTON RD None M4E 1S8,ambiguous
10808206.0,CHATIME,486 Front St W None M5V 0V2,ambiguous
10785478.0,CHATIME (Inside Asia Food Mart),2150 Mcnicoll Ave None None,likely_not_restaurant
10808960.0,CHATIME BLOOR,341 Bloor St W None M5S 1W8,ambiguous
10800706.0,CHATIME CLIFFCREST,3033 Kingston Rd None M1M 1P1,ambiguous
10835902.0,CHATOREY,69 Lebovic Ave Unit-B106 None,ambiguous
10844230.0,CHATPATEY,41 Lebovic Ave Unit-A126 None,ambiguous
10857258.0,CHATRAMUE,341 Spadina Ave None M5T 2G3,ambiguous
10775359.0,CHEESE BOUTIQUE GIFTWARE,29 Ripley Ave Bldg-- M6S 3P2,likely_not_restaurant
10789936.0,CHEESYPLACE,2940 Bloor St W None M8X 1B6,ambiguous
10861332.0,CHEEZED TORONTO,486 Front St W None M5V 0V2,ambiguous
10829711.0,CHEF'S TABLE - SMOOTHIE STATION,203 Humber College Blvd None M9W 5L7,likely_restaurant
10805890.0,CHEFS CLAN/MEALBETS,747 Don Mills Rd Unit-22C M3C 1T2,ambiguous
10851647.0,CHEFS OF PAURI KHAL,1522 Bayview Ave None M4G 3B4,ambiguous
10843916.0,CHEN CHEN'S NASHVILLE HOT CHICKEN,486 Front St W None M5V 0V2,likely_restaurant
10810127.0,CHENGDU STREET FOOD,405 Dundas St W None M5T 1G6,ambiguous
10840075.0,CHENNAI MASALA CAFE,432 Parliament St None M5A 3A2,likely_restaurant
10821533.0,CHENNAI SUPER KINGS RESTAURANT,2912 Sheppard Ave E None M1T 3J4,likely_restaurant
10829153.0,CHENTE'S TAQUERIA,9 Milvan Dr Unit-6-1 M9L 1Y9,likely_restaurant
10837585.0,CHEONGJU,598 College St None M6G 1B4,ambiguous
10826236.0,CHERCHER BUTCHER STORE,2808 Danforth Ave None M4C 1M1,likely_not_restaurant
10863886.0,CHEROKEE PUBLIC SCHOOL,390 Cherokee Blvd None M2H 2W7,likely_not_restaurant
10797969.0,CHERRY'S HIGH DIVE/GOODNIGHT COCKTAIL CLUB,488 Wellington St W None M5V 1E3,ambiguous
10810897.0,CHESTER ELEMENTARY SCHOOL-STUDENT NUTRITION PROGRAM,115 GOWAN AVE None M4K 2E4,likely_not_restaurant
10786411.0,CHESTER LE FOOD BANK,142 CHESTER LE BLVD None M1W 2M9,likely_not_restaurant
10831486.0,CHIANG MAI,860 York Mills Rd Unit-1 M3B 1Y4,ambiguous
10788902.0,CHIANG MAI THAI KITCHEN & BAR JUNCTION,2998 Dundas St W None M6P 1Z3,likely_restaurant
10786381.0,CHICHA SAN CHEN,60 Huron St Unit-60 M5T 2A5,ambiguous
10815295.0,CHICHA SAN CHEN,112 Elizabeth St Unit-3 M5G 1P5,ambiguous
10819089.0,CHICHA SAN CHEN,112 Ossington Ave None M6J 2Z4,ambiguous
10851254.0,CHICHA SAN CHEN,3272 Midland Ave Unit-B122 M1V 0C7,ambiguous
10848769.0,CHICHOP,2352 Yonge St None M4P 2E6,ambiguous
10796912.0,CHICK N JOY,1265 York Mills Rd Unit-F3 M3A 1Z4,ambiguous
10781239.0,CHICK-FIL-A,1 Dundas St W Unit-J003 M5G 1Z3,likely_restaurant
10786424.0,CHICK-FIL-A,1090 Don Mills Rd Unit-M001 M3C 3R6,likely_restaurant
10831367.0,CHICK-FIL-A,336 Queen St W None M5V 2A2,likely_restaurant
10855564.0,CHICK-FIL-A,1 BLOOR ST E None M4W 1A9,likely_restaurant
10771673.0,CHICKEN PLUS,3250 Midland Ave None M1V 4W9,likely_restaurant
10835267.0,CHICKEN PLUS,368 Broadview Ave None M4M 2G9,likely_restaurant
10810036.0,CHICKEN PLUS THE BAR,7-9 Spring Garden Ave None M2N 3G1,likely_restaurant
10773629.0,CHICKEN QUARTER,20 York Mills Rd Unit-03 M2P 2C2,likely_restaurant
10825940.0,CHIEF DAN GEORGE PUBLIC SCHOOL SNACK PROGRAM,185 GENERATION BLVD None M1B 2K5,likely_not_restaurant
10831572.0,CHILDREN'S LAND LEARNING CENTRE,297 Old Kingston Rd None M1C 1B4,ambiguous
10859960.0,CHILE CON CHILE,"8 WESTMORE DR, Unit-N17 None M9V 3Z7",ambiguous
10832374.0,CHILLAX EATERY & MART,4679 Yonge St None None,ambiguous
10790215.0,CHILLIY PEPPER,176 Dupont St None M5R 2E6,ambiguous
10839188.0,CHINESE AND VIETNAMESE FOOD,40 Carl Hall Rd Unit-E21 M3K 2C1,ambiguous
10800168.0,CHINESE CRISPY BEEF PIE,"384 YONGE ST, Bsmt-53 None M5B 1S8",ambiguous
10831784.0,CHINESE FLAVORS,554 Sheppard Ave W None M3H 2R9,ambiguous
10789646.0,CHIPOTLE MEXICAN GRILL,101 Laird Dr None M4G 3T7,likely_restaurant
10795690.0,CHIPOTLE MEXICAN GRILL,85 The Pond Rd Unit-R120 M3J 0L7,likely_restaurant
10827471.0,CHIPOTLE MEXICAN GRILL,430 King St W None M5V 1L5,likely_restaurant
10837241.0,CHIT CHAAT,438 Horner Ave Unit-A M8W 2B3,ambiguous
10833736.0,CHIU 8 NOODLE HOUSE,8 Glen Watford Dr Unit-G9-10 M1S 2C1,likely_restaurant
10847959.0,CHO-KWOK-LAT,79 WELLESLEY ST E None M4Y 0G5,ambiguous
10862679.0,CHOCO CHOO,35 St Joseph St None M4Y 1J8,ambiguous
10827900.0,CHOCOLAT DE KAT,300 Campbell Ave 105 M6P 3V6,ambiguous
10847458.0,CHOCOLATE EH,"6464 YONGE ST, Unit-106K None M2M 3X4",ambiguous
10779346.0,CHOCOLLATA,65 Front St W Bsmt-CRU-435A M5J 1E6,ambiguous
10825155.0,CHOICE INDIAN RESTAURANT,200 Bellamy Rd N Bldg-1 AND 2 M1J 2L6,likely_restaurant
10807969.0,CHOJU,5210 YONGE ST None M2N 5P6,ambiguous
10787183.0,CHOLA CHAI CAFE JUICE BAR,"2900 MARKHAM RD, Unit-H8 None M1X 1E6",likely_restaurant
10828735.0,CHOLA INDIAN CUISINE,3551 Sheppard Ave E Unit-1 M1T 3K8,likely_restaurant
10827215.0,CHOO TEA,"5 NORTHTOWN WAY, Unit-4 None M2N 7A1",likely_restaurant
10808365.0,CHOP HOP,4 Temperance St None M5H 1Y4,ambiguous
10835769.0,CHOP HOP,100 King St W Flr-C0105 M5X 1K7,ambiguous
10830214.0,CHOP STEAKHOUSE & BAR,181 University Ave Unit-G1 M5H 3M7,likely_restaurant
10792784.0,CHOPSTICKS,1265 MILITARY TRL None M1C 1A4,ambiguous
10862453.0,CHOPSTICKS/ HEALTHY KITCHEN,2075 Bayview Ave Flr-E WING M4N 3M5,likely_restaurant
10855078.0,CHUCK'S ROADHOUSE,221 Carlingview Dr None M9W 5E8,ambiguous
10836173.0,CHUCK'S ROADHOUSE BAR & GRILL - ETOBICOKE,5555 Eglinton Ave W Unit-C2 M9C 5M1,likely_restaurant
10834226.0,CHUNG CHUN RICE DOG,372 Yonge St Bldg-2 M5B 1S6,ambiguous
10850797.0,CHUNG'S CARIBBEAN,4205 Keele St Unit-7 M3J 3T8,ambiguous
10856781.0,CHUNGCHUN RICE DOG,11 Byng Ave Unit-35 None,ambiguous
10806622.0,CHUNGCHUN RICE DOG WELLESLEY,582 Yonge St None M4Y 1Z3,ambiguous
10772673.0,CHUNGCHUN RICE DOG YORK UNIVERSITY,4700 Keele St Unit-10 M3J 1P3,likely_not_restaurant
10815847.0,CHURCH'S TEXAS CHICKEN,33 Harbour Sq None M5J 2G2,ambiguous
10821453.0,CHURCH'S TEXAS CHICKEN,31 Rexdale Blvd Unit-3106 M9W 1P1,ambiguous
10862761.0,CHURCH'S TEXAS CHICKEN,537 Parliament St Bldg-537 M4X 1P3,ambiguous
10849683.0,CHURROS 92,1802 Eglinton Ave W None M6E 2H6,ambiguous
10782518.0,CHUTNEY'S FINE INDIAN CUISINE,3077 Bloor St W None M8X 1C7,likely_restaurant
10780956.0,CIBC SQUARE - FLOORS 6-8,81 Bay St None M5E 1Z8,ambiguous
10780954.0,CIBC SQUARE - PREMIUM DINING FL. 49,81 Bay St None M5E 1Z8,ambiguous
10772027.0,CICIS PIZZA AND WINGS,1596 Queen St W None M6R 1A8,likely_restaurant
10832819.0,CINEPLEX CINEMAS BEACHES,1651 Queen St E None M4L 1G5,ambiguous
10830342.0,CINESTARZ DELUXE WOODBINE,500 Rexdale Blvd Unit-D19 M9W 6K5,ambiguous
10779281.0,CINNABON,2200 Yonge St Flr-LOWER M4S 2C6,likely_restaurant
10809036.0,CINNAHOLIC UNION STATION,65 Front St W Unit-CRU408 M5J 1E6,ambiguous
10715514.0,CIRCLE K,5470 DUNDAS ST W None M9B 1B6,likely_not_restaurant
10771463.0,CIRCLE K,485 Queen St W None M5V 2A9,likely_not_restaurant
10771716.0,CIRCLE K,2072 Queen St E None M4E 1E1,likely_not_restaurant
10773661.0,CIRCLE K,1615 Ellesmere Rd None M1P 2Y3,likely_not_restaurant
10784837.0,CIRCLE K,461 Sheppard Ave E None M2N 3B3,likely_not_restaurant
10785461.0,CIRCLE K,801 Mount Pleasant Rd None M4P 2Z4,likely_not_restaurant
10791749.0,CIRCLE K,561 O'CONNOR DR None M4C 2Z7,likely_not_restaurant
10792357.0,CIRCLE K,31 Tapscott Rd Unit-10 M1B 4Y7,likely_not_restaurant
10804822.0,CIRCLE K,875 Queen St E None M4M 1J2,likely_not_restaurant
10805740.0,CIRCLE K,381 MOUNT PLEASANT RD None M4S 2L5,likely_not_restaurant
10826762.0,CIRCLE K,957 MOUNT PLEASANT RD None M4P 2L8,likely_not_restaurant
10833037.0,CIRCLE K,1110 BATHURST ST None M5R 3H2,likely_not_restaurant
10833128.0,CIRCLE K,3400 VICTORIA PARK AVE None M2H 2N5,likely_not_restaurant
10837458.0,CIRCLE K,10 King St E Unit-10 M5C 1C3,likely_not_restaurant
10842928.0,CIRCLE K,121 Bloor St E None M4W 3M5,likely_not_restaurant
10850097.0,CIRCLE K,660 Dundas St E None M5A 0R3,likely_not_restaurant
10858636.0,CIRCLE K,106 Humber College Blvd Unit-9 M9V 4E4,likely_not_restaurant
10782953.0,CIRCLES & SQUARES BAKERY,197 Bartley Dr None M4A 1E6,likely_restaurant
10800244.0,CIRCLES & SQUARES BAKERY & CAFE,1909 Yonge St None M4S 1Z3,likely_restaurant
10778083.0,CIRQUE DU SOLEIL - BEER GARDEN,2150 LAKE SHORE BLVD W None M8V 1A3,ambiguous
10778078.0,CIRQUE DU SOLEIL - STAFF KITCHEN,2150 Lake Shore Blvd W None M8V 1A3,likely_restaurant
10796919.0,CITIZEN PAAN MAHAL,4820 Sheppard Ave E Unit-21 M1S 5M8,ambiguous
10795871.0,CITRUS COFFEE,1104 College St None M6H 1B3,likely_restaurant
10813446.0,CITY COTTAGE MARKET,1666 Kingston Rd None M1N 1S5,ambiguous
10814628.0,CITY KEBAB,2651 Yonge St None M4P 2J6,likely_restaurant
10818460.0,CITY PIZZA,3165 Markham Rd Unit-C1 M1X 0B5,likely_restaurant
10846229.0,CITY SOUTH PIZZA,106 Humber College Blvd Unit-11 M9V 4E4,likely_restaurant
10821187.0,CIVIL WORKS,505 Richmond St W Unit-R3U M5V 1Y3,ambiguous
10774030.0,CKB,391 Roncesvalles Ave None M6R 2N1,ambiguous
10776659.0,CKTL & CO.,330 Bay St Unit-100 M5H 2S8,ambiguous
10861994.0,CLAIRE PINOY KAKANIN,878 Wilson Ave None M3K 1E7,ambiguous
10804252.0,CLAIREVILLE JNR SCHOOL -AFTER SCHOOL PROGRAM,350 Silverstone Dr None M9V 3J4,likely_not_restaurant
10792369.0,CLANDESTINO,1183 DUNDAS ST W None M6J 1X3,ambiguous
10861216.0,CLARENCE'S KITCHEN,8 Glen Watford Dr Unit-G56 M1S 2C1,likely_restaurant
10831472.0,CLAY STEAM BOAT SPICY KITCHEN INC,2677 Eglinton Ave E Unit-1 M1K 2S2,likely_restaurant
10776258.0,CLEAVEDON GRILL,666 Burnhamthorpe Rd Unit-9 M9C 2Z4,likely_restaurant
10810714.0,CLIFFWOOD PUBLIC SCHOOL STUDENT NUTRITION PROGRAM,140 Cliffwood Rd None M2H 2E4,likely_not_restaurant
10798907.0,CLOUDS KITCHEN ( ETOBICOKE EATS ),"20 LOCKPORT AVE, Bldg-- None M8Z 2R7",likely_restaurant
10857874.0,COACH HOUSE SHORTBREAD COMPANY,246 BOULTON AVE None M4M 2K1,ambiguous
10845020.0,COAL AND CURRY,180 Baldwin St None M5T 1L8,likely_restaurant
10846853.0,COAST TO COAST SEAFOOD,760 COLLEGE ST None M6G 1C4,ambiguous
10782112.0,COBS BREAD,370 Bloor St W None M5S 1X2,ambiguous
10785199.0,COBS BREAD,158 Front St E None M5A 0K9,ambiguous
10839976.0,COBS BREAD,"270 THE KINGSWAY, Unit-63 None M9A 3T7",ambiguous
10780773.0,COCO,1011 Dufferin St None M6H 4B5,ambiguous
10782914.0,COCO,8 William Kitchen Rd Unit-A M1P 5B7,ambiguous
10812828.0,COCO,1722 Jane St None M9N 2S4,ambiguous
10848770.0,COCO BUBBLE TEA,2352 Yonge St None M4P 2E6,likely_restaurant
10800331.0,COCO FRESH TEA & JUICE,4868 DUNDAS ST W None M9A 1B5,likely_restaurant
10840105.0,COCO FRESH TEA & JUICE,1883 Mcnicoll Ave Unit-12-13 M1V 5M3,likely_restaurant
10862965.0,COCO FRESH TEA & JUICE,352 Queen St W None M5V 2A2,likely_restaurant
10843210.0,COCO MARKET,2549 YONGE ST None M4P 2H9,ambiguous
10779454.0,COFFEE AND ALL THAT JAZZ,72 Howard Park Ave None M6R 1V6,likely_restaurant
10822401.0,COFFEE AT CARLTONS,36 TORONTO ST None M5C 2C5,likely_restaurant
10832256.0,COFFEE BY JOY,163 Sterling Rd Unit-104 M6R 2B2,likely_restaurant
10799371.0,COFFEE GALORE,100 The East Mall Unit-11 M8Z 5X2,likely_restaurant
10776159.0,COFFEE TIME,215 Carlingview Dr N100 M9W 5X8,likely_restaurant
10796619.0,COFFEE TIME,1471 Eglinton Ave W None M6E 2G6,likely_restaurant
10802816.0,COFFEE TIME,5926 YONGE ST None M2M 3V9,likely_restaurant
10812525.0,COFFEE TIME,3622 Dufferin St None M3K 1N7,likely_restaurant
10849631.0,COFFEE TREE ROASTERY,2412 Bloor St W None M6S 1P9,likely_restaurant
10823985.0,COLLEGE STREET BAGELS,697 College St None M6G 1B9,likely_not_restaurant
10802524.0,COLUMBUS BAKERY,9 Milvan Dr Unit-14-2FL M9L 1Y9,likely_restaurant
10849379.0,COLUMBUS BAKERY - CAFE INC,2111 Jane St Unit-9 M3M 1A2,likely_restaurant
10796190.0,COLUMBUS CAFE & CO,283 Adelaide St W None None,likely_restaurant
10806913.0,COLUMBUS CAFE & CO,220 Yonge St None M5B 2H1,likely_restaurant
10801539.0,COLUMBUS EARLY LEARNING CENTRES - REGINA MUNDI,60 Playfair Ave None M6B 2P9,ambiguous
10805464.0,COLUMBUS EARLY LEARNING CENTRES - ST.CHARLES,50 Claver Ave None M6B 2W1,ambiguous
10812022.0,COME AND SEE RESTAURANT,1291 Wilson Ave Unit-A M3M 3C6,likely_restaurant
10792791.0,COMMA,490 Queen St W None M5V 2B3,ambiguous
10808527.0,COMPASS GROUP CANADA,160 Front St W Flr-5TH None,ambiguous
10806871.0,COMPTON AVE,1282 DUNDAS ST W None M6J 1X7,ambiguous
10840877.0,CON SABOR A MEXICO,9 Milvan Dr Bldg-7 M9L 1Y9,ambiguous
10841480.0,CONEJO NEGRO,838 College St None M6H 1A2,ambiguous
10829329.0,CONFERENCE CENTRE KITCHEN,160 Front St W Flr-4TH None,likely_restaurant
10796997.0,CONG CAPHE,424 Bloor St W None M5S 1X5,ambiguous
10821776.0,CONG CAPHE,3 Elm St Bldg-1 M5G 1H1,ambiguous
10835610.0,CONSERVATION CAFETERIA,5 Shoreham Dr None M3N 1S4,likely_restaurant
10805384.0,CONTACT ALTERNATIVE SCHOOL,132 St Patrick St Flr-3 M5T 1V1,likely_not_restaurant
10859435.0,CONTEAGO,1365 Wilson Ave None M3M 1H7,ambiguous
10799422.0,CONTRADA RESTAURANT,537 College St None M6G 1A9,likely_restaurant
10819066.0,CONVENIENCE & SMOKE SHOP KAKASHIE SUPPLIES,525 Queen St W Unit-MAIN M5V 2B4,likely_not_restaurant
10862437.0,CONVENIENCE CANADA,584 Queen St W None M5V 2B5,likely_not_restaurant
10843913.0,CONVIVIUM,83 Yonge St None M5C 1S8,ambiguous
10844067.0,COOK UNITY/COOKIN,73 Samor Rd Unit-1 M6A 1J2,ambiguous
10825041.0,COOKERY,1170 Queen St E None M4M 1L4,ambiguous
10775591.0,COOKING HOUSE,5555 Eglinton Ave W Unit-E113 M9C 5M1,ambiguous
10835880.0,COPACABANA,150 Eglinton Ave E None M4P 1E8,ambiguous
10783282.0,COPPERHORN,555 Rexdale Blvd None M9W 7G3,ambiguous
10820837.0,CORA,1561 The Queensway Bldg-2 M8Z 1T8,ambiguous
10846166.0,CORA BREAKFAST ANDLUNCH,106 Front St E None M5A 1E1,likely_restaurant
10793413.0,CORA PIZZA,656 Spadina Ave None M5S 2H7,likely_restaurant
10851911.0,CORAL AFRO-MART,"1375 DANFORTH RD, Unit-8-9 None M1J 1G7",likely_not_restaurant
10832604.0,CORAL RESTOBAR,1375 Danforth Rd Unit-11-12 M1J 1G7,ambiguous
10795609.0,CORAZON AGAVE,"765 THE QUEENSWAY, Bldg-- None M8Z 1N1",ambiguous
10830324.0,CORDELLA JR. PUBLIC SCHOOL - STUDENT NUTRITION PROGRAM,175 CORDELLA AVE None M6N 2K1,likely_not_restaurant
10862769.0,CORDUROY,1012 Queen St E None M4M 1K1,ambiguous
10805392.0,CORKS BEER AND WINE BAR,85 Laird Dr Flr-2 M4G 3T8,likely_restaurant
10820993.0,CORN STARS AND DOGS - NOVA SCOTIA - CNE 2025,100 PRINCES BLVD None M6K 3C3,ambiguous
10805739.0,CORRECT AFRICAN FOOD MARKET/NAIJA KITCHEN,880 Wilson Ave None M3K 1E7,likely_restaurant
10811609.0,COSBURN MIDDLE SCHOOL SNP,520 COSBURN AVE None M4J 2P1,likely_not_restaurant
10800351.0,COSMIC PIZZA & DONAIR,2633 YONGE ST None M4P 2J6,likely_restaurant
10805976.0,COSMIC PIZZA & DONAIR,233 College St None M5T 1R4,likely_restaurant
10849597.0,COSMIC PIZZA & DONAIR,1309 Danforth Ave None M4J 1M8,likely_restaurant
10836850.0,COSMO BAR,398 Spadina Ave None M5T 2G5,likely_restaurant
10797383.0,COSTCO WHOLESALE,2260 Islington Ave None M9W 0G5,likely_not_restaurant
10797973.0,COSTI IMMIGRANT SERVICES,640 Dixon Rd MAIN LEVEL M9W 1J1,ambiguous
10826810.0,COTA - CLTO,50 Fairfax Cres None M1L 1Z8,ambiguous
10773678.0,COTA HEALTH KITCHEN,11 Macey Ave None M1L 2T6,likely_restaurant
10794843.0,COTTI COFFEE,374 Yonge St Bldg-1 M5B 1S6,likely_restaurant
10795222.0,COTTI COFFEE,700 Bay St Bldg-5 M5G 1Z6,likely_restaurant
10796301.0,COTTI COFFEE,"1800 SHEPPARD AVE E, Unit-K016 None M2J 5A7",likely_restaurant
10836179.0,COUNTRY BAKERY & MARKET,1601 ELLESMERE RD None M1P 2Y3,likely_restaurant
10771476.0,COUNTRY STYLE,272 Dupont St None M5R 1V7,likely_restaurant
10778171.0,COURAGE FOODS,976 Kingston Rd None M4E 1S9,ambiguous
10822554.0,COURT'S HOUSE FOOD COURT,202 Spadina Ave Unit-2 M5T 2C2,likely_restaurant
10839490.0,COWBOY'S GRILL,1993 Yonge St None M4S 1Z8,likely_restaurant
10840590.0,COXWELL MILK CONVENIENCE,1011 COXWELL AVE None M4C 3G4,likely_not_restaurant
10795047.0,COZY CAFE,6464 Yonge St Unit-K22 M2M 3X4,likely_restaurant
10834114.0,CRAB BOIL,2590 Weston Rd None M9N 2A9,ambiguous
10852552.0,CRAB CEYLON,1080 Tapscott Rd Unit-23 M1X 1E7,ambiguous
10834853.0,CRACK BURGER,147 Baldwin St None M5T 1L9,likely_restaurant
10815422.0,CRAIG'S COOKIES,300 Borough Dr Bldg-1 M1P 4P5,likely_restaurant
10816748.0,CRAIG'S COOKIES,65 Front St W None M5J 1E6,likely_restaurant
10829297.0,CRAIG'S COOKIES,218 Yonge St Unit-018 M5B 2H6,likely_restaurant
10830329.0,CRAIG'S COOKIES BLOOR WEST VILLAGE,2237 Bloor St W None M6S 1N7,likely_restaurant
10854324.0,CRANZ EMPANADAS,3588 Dufferin St None M3K 1N1,ambiguous
10821940.0,CRAVE UP CAFE,2460 St Clair Ave W None M6N 1L2,likely_restaurant
10859168.0,CRAVES BITES & DELIGHTS,2171 Lawrence Ave E Unit-2171 M1P 2P5,ambiguous
10784434.0,CRAVIN KITCHEN & LOUNGE,"5164 DUNDAS ST W, Flr-1ST None M9A 1C4",likely_restaurant
10821059.0,CRAZI FRIES,255 FRONT ST W None M5V 2W6,likely_restaurant
10829469.0,CREATE,203 Humber College Blvd None M9W 5L7,ambiguous
10863346.0,CREATIVE PRESCHOOL AT EAST YORK,49 DONLANDS AVE None M4J 3N5,likely_not_restaurant
10864151.0,CREATIVE TREATS (RAWF 2025),"100 PRINCES BLVD, Bldg-1 None M6K 3C3",ambiguous
10771469.0,CREEDS COFFEE BAR,420 Dupont St None M5R 3P3,likely_restaurant
10819645.0,CREMA CAFE,3032 Bathurst St None M6B 3B6,likely_restaurant
10862564.0,CREME CAFE,1683 St Clair Ave W None M6N 1H9,likely_restaurant
10793941.0,CREPE DELICIOUS,220 Yonge St Unit-F016 M5B 2H1,ambiguous
10822780.0,CREPE DELICIOUS,2641 LAWRENCE AVE E None M1P 22,ambiguous
10800197.0,CRESCENT BAKERY AND CAFE,"1270 FINCH AVE W, Unit-2 None M3J 3J7",likely_restaurant
10786360.0,CRESCENT SCHOOL FOOD SERVICE,2365 Bayview Ave Unit-3328 M2L 1A2,likely_not_restaurant
10775583.0,CRISPER KITS,130 Cawthra Ave Unit-106 M6N 3C2,ambiguous
10840542.0,CRISPY MEAT AND CATERING,23 Westmore Dr Unit-11 M9V 3Y7,likely_not_restaurant
10864027.0,CROQUEMBOUCHE,1494 Danforth Ave None M4J 1N4,ambiguous
10808119.0,CROSS BAR,220 Yonge St None M5B 2H1,likely_restaurant
10798657.0,CRUDO,1451 Royal York Rd Unit-102 M9P 3B2,ambiguous
10830088.0,CRUMBL COOKIES,486 Front St W Unit-UG41 M5V 0V2,likely_restaurant
10854501.0,CRUST'N CRAVE PIZZA,5555 Eglinton Ave W Unit-E109 M9C 5M1,likely_restaurant
10811393.0,CRYING TIGER,74 Gerrard St E Bldg-UPPER LEVEL M5B 1G6,ambiguous
10854273.0,CSK (CHAAT. SHAKES. KATHI),208 Queens Quay  W None M5J 2Y5,ambiguous
10808191.0,CU TTEOKBOKKI,5369 Yonge St None M2N 5R6,ambiguous
10779365.0,CUBANO KINGS,141 Spadina Ave None M5V 2K8,ambiguous
10701539.0,CUCINA BUCA,2 ST CLAIR AVE W None M4V 1L5,ambiguous
10811763.0,CUCINA DI PAISANO,865 York Mills Rd Unit-8 M3B 1Y6,ambiguous
10798400.0,CUCINATO ITALIAN CULINARY STUDIO,1338 Lansdowne Ave None M6H 3Z8,ambiguous
10792788.0,CUCKOO CAKERY,49 Merchants Wharf None M5A 0R6,ambiguous
10802156.0,CUERVO Y MARQUIS BAKERY CAFE,132 Ossington Ave None M6J 2Z5,likely_restaurant
10825144.0,CULTURAL HUB - STREET'S CAFE,3199 Lake Shore Blvd W Flr-1 M8V 1K8,likely_restaurant
10861810.0,CULTURE CRUST,1095 Ellesmere Rd Unit-3 M1P 2W9,ambiguous
10791789.0,CULTURES,"900 DUFFERIN ST, Unit-K1 None M6H 4A9",ambiguous
10813228.0,CUMMER VALLEY MIDDLE SCHOOL,70 MAXOME AVE None M2M 3K1,likely_not_restaurant
10842497.0,CUON CUON,140 The Esplanade Unit-4 M5A 4P5,ambiguous
10844395.0,CUPCAKE PARADISE,15 St Clair Ave W None M4V 1K6,ambiguous
10862391.0,CUPCAKECENTRAL.CA,486 Front St W None M5V 0V2,ambiguous
10853593.0,CURATE CAFE,989 Eglinton Ave W Unit-2 M6C 2C6,likely_restaurant
10832077.0,CURATUS,36 Toronto St Bsmt-1 M5C 2C5,ambiguous
10784047.0,CURB SIDE DOGS,7 Brimley Rd S None M1M 3W3,ambiguous
10785091.0,CURED CATERING,995 Dupont St None M6H 1Z5,likely_not_restaurant
10848281.0,CURRY & CHUTNEY BY GOPAL'S INDIAN RESTAURANT & BAKERY,317 Burnhamthorpe Rd None M9B 2A2,likely_restaurant
10841450.0,Caraan - JC TAMBAYAN.CO,586 Marlee Ave None M6B 3J5,ambiguous
10851761.0,Cha Ha Lo,297 College St None M5T 1S2,ambiguous
10733486.0,Chadon Beni / Coco Cafe,936 Queen St W None M6J 1G6,likely_restaurant
10788474.0,D SPOT CAFE AND BISTRO,1060 The Queensway Bldg-------- M8Z 1P7,likely_restaurant
10861478.0,D SPOT DESSERT CAFE YORKDALE,77 Billy Bishop Way None M3K 0C2,likely_restaurant
10839057.0,D SPOT DESSERTS,808 York Mills Rd Unit-37 M3B 1X8,likely_restaurant
10847701.0,D'AMO,1275 Morningside Ave Unit-5 M1B 3W1,ambiguous
10812002.0,D'ARCY MCGEE CATHOLIC SCHOOL STUDENT NUTRITION PROGRAM,20 Bansley Ave None M6E 2A2,likely_not_restaurant
10842584.0,D'TROPICAL HUB,1015 PAPE AVE None M4K 3V8,ambiguous
10841534.0,DA DA NOODLES,4750 Yonge St Unit-137 M2N 5M6,likely_restaurant
10811423.0,DA MORRISON MIDDLE SCHOOL,271 Gledhill Ave None M4C 4L2,likely_not_restaurant
10816747.0,DA PLAICE LOUNGE & RESTAURANT,2153 Weston Rd None M9N 1X8,likely_restaurant
10859083.0,DA SI MAR SHAWARMA,673 Yonge St None M4Y 1Z9,likely_restaurant
10832191.0,DAAWAT TAKE OUT AND CATERING,1331 Warden Ave Unit-1 M1R 5A8,likely_not_restaurant
10837443.0,DACASTO GRAN PASTICCERIA,37 King St E None M5C 1E9,ambiguous
10851886.0,DAD'S BREAKFAST AND COFFEE,1473 Dundas St W None M6J 1Y8,likely_restaurant
10860272.0,DADA GIMBAP,364 Huron St None M5S 2G4,ambiguous
10861331.0,DAHLAK WHOLESALE INC,"30 BERTRAND AVE, Unit-C9 None M1L 2P5",likely_not_restaurant
10798292.0,DAHU HOTPOT,47 Baldwin St None M5T 1L1,ambiguous
10789896.0,DAIGYO CAFE,3278 Midland Ave Unit-D121 M1V 0C9,likely_restaurant
10849724.0,CAFE DAILY,5519 Yonge St Unit-200 M2N 5S3,likely_restaurant
10846072.0,DAILY MART GROCERY & VARIETY,"1774 WESTON RD, Bldg-- None M9N 1V8",ambiguous
10810126.0,DAINTIES MACARON,235 Spadina Ave Unit-2 M5T 2E2,ambiguous
10821174.0,DAIRY QUEEN,1638 Bloor St W None M6P 4A8,likely_restaurant
10847926.0,DAIRY QUEEN,"5369 DUNDAS ST W, Bldg-133E None M9B 1B1",likely_restaurant
10860597.0,DAISY MART,"290 THE WEST MALL, Unit-7 None M9C 1C6",likely_not_restaurant
10837153.0,DAISYMAYS,968 Bathurst St None M5R 3G6,ambiguous
10838716.0,DALDONGNAE 12,361 Yonge St None M5B 1S1,ambiguous
10829642.0,DALDONGNAE KENSINGTON MARKET,355 Spadina Ave None M5T 2G3,ambiguous
10773675.0,DAMDA,659 Bloor St W None M6G 1L1,ambiguous
10846052.0,DANDILION CAFE,755 Lawrence Ave E None M3C 1P2,likely_restaurant
10853370.0,DANFO BISTRO,"195 QUEEN ST E, Lot-LOT None M5A 1S2",likely_restaurant
10824842.0,DANFORTH BAZAAR,"2052 DANFORTH AVE, Unit-A None M4C 1J6",ambiguous
10580598.0,DANFORTH BOWL,1554 Danforth Ave None M4J 1N4,ambiguous
10857633.0,DANFORTH ROTI SHOP,2844 DANFORTH AVE None M4C 1M1,likely_restaurant
10862831.0,DANFORTH TECHNOLOGICAL COLLEGE INSTITUE,800 Greenwood Ave Rm-81 M4J 4B7,likely_not_restaurant
10784702.0,DANG SMOKE BBQ,4 Greenwood Ave None M4L 2P4,likely_restaurant
10781895.0,DANGOL,"240 ALTON TOWERS CRCL, Unit-A10 None M1V 4P2",ambiguous
10793397.0,DANICO,440 College St None M5T 1T3,ambiguous
10844758.0,DANIELS SPECTRUM,585 Dundas St E None M5A 2B7,ambiguous
10778713.0,DANISH PASTRY HOUSE,1090 Don Mills Rd None M3C 3R6,ambiguous
10781385.0,DANISH PASTRY HOUSE,40 King St W None M5H 3Y2,ambiguous
10809699.0,DANISH PASTRY HOUSE,399 Bathurst St None M5T 2S8,ambiguous
10841439.0,DANNY'S NEXT DOOR,613 COLLEGE ST None M6G 1B5,ambiguous
10848634.0,DAON,475 Yonge St None M4Y 1X7,ambiguous
10859179.0,DAON SUSHI,4186 Finch Ave E Unit-18A M1S 4T5,likely_restaurant
10779326.0,DAPHNE,67 Richmond St W None M5H 1Z5,ambiguous
10831039.0,DAPHNE'S ANTIOCH,620 Mount Pleasant Rd None M4S 2M8,ambiguous
10752733.0,DARA RESIDENCE,15 Homewood Ave None M2M 1K1,ambiguous
10800790.0,DARK HORSE ESPRESSO,55 Bloor St W None M4W 1A5,ambiguous
10782647.0,DARK HORSE ESPRESSO BAR,1187 ST CLAIR AVE W None M6E 1B5,likely_restaurant
10803829.0,DARK HORSE ESPRESSO BAR,1 York St None None,likely_restaurant
10821678.0,DARK HORSE ESPRESSO BAR,230 Richmond St W None M5V 3E5,likely_restaurant
10821830.0,DARK HORSE ESPRESSO BAR,100 Queens Quay  E None M5E 1Y3,likely_restaurant
10860368.0,DARK HORSE ESPRESSO BAR,416 Front St E None M5A 0H8,likely_restaurant
10825153.0,DARK HORSE ESPRESSO BAR + DEAR GRAIN,120 Geary Ave Unit-108 M6H 4H1,likely_restaurant
10831242.0,DARNA,413 Roncesvalles Ave None M6R 2N1,ambiguous
10813695.0,DARREN'S NOFRILLS TORONTO PACIFIC,372 Pacific Ave None M6P 2R1,ambiguous
10863149.0,DARYEEL CAFE,"2007 LAWRENCE AVE W, Unit-7 None M9N 3V1",likely_restaurant
10789901.0,DASONI FOOD,20 VAUGHAN RD None M6G 2N1,ambiguous
10843939.0,DAVANG LUNA,163 Sterling Rd Unit-M M6R 2B2,ambiguous
10818825.0,DAVE YOUNG FRUIT MARKET,494 Eglinton Ave W None M5N 1A5,ambiguous
10786161.0,DAVE'S HOT CHICKEN,328 Yonge St Bldg-1 M5B 1R8,likely_restaurant
10806516.0,DAVE'S HOT CHICKEN,181 Bay St Bldg-1 M5J 2T3,likely_restaurant
10808500.0,DAVE'S HOT CHICKEN,1130 Queen St E None M4M 1L1,likely_restaurant
10814874.0,DAVENPORT & DOVERCOURT,1150 DAVENPORT RD None M6H 2G5,ambiguous
10830353.0,DAVID ADJEY'S YORKIE BURRITO,55 MILL ST None M5A 3C4,ambiguous
10779430.0,DAVID AND MARY THOMPSON COLLEGIATE INSTITUTE - SNP,125 Brockley Dr None M1P 0E1,likely_not_restaurant
10811640.0,DAVID MINTZ CATERING (CHRISTINA),30 Booth Ave None M4M 2M2,likely_not_restaurant
10818368.0,DAVIDSON'S LOBLAWS CITY MARKET,3080 Yonge St None M4N 3N1,likely_not_restaurant
10811041.0,DAVISVILLE JUNIOR PUBLIC SCHOOL - STUDENT NUTRITION PROGRAM,50 Davisville Ave None M4S 1E8,likely_not_restaurant
10844753.0,DAXI,633 Silver Star Blvd Unit-115 M1V 5N1,ambiguous
10772183.0,DAY'S KITCHEN,31 Tapscott Rd Unit-99 M1B 4Y7,likely_restaurant
10843956.0,DAY'S KITCHEN,2101 Brimley Rd Unit-108 M1S 2B4,likely_restaurant
10803306.0,DAYMI,1376 Queen St W None M6K 1L7,ambiguous
10806019.0,DE CHOU,3601 Victoria Park Ave Unit-115-119 M1W 3Y3,ambiguous
10857489.0,DE MART,1187 Queen St W Unit-4 M6J 1J4,likely_not_restaurant
10777259.0,DE MELLO COFFEE,8 Spadina Ave Unit-100G M5V 2H6,likely_restaurant
10841260.0,DE MELLO COFFEE BLOOR,365 Bloor St E Unit-19 M4W 3L4,likely_restaurant
10798759.0,DE MELLO COFFEE BROADWAY,2389 Yonge St None M4P 2E7,likely_restaurant
10849553.0,DE TOCHO MOROCHO,"181 PARLIAMENT ST, Unit-2 None M5A 2Z4",ambiguous
10793887.0,DEAR & FRO,3300 MIDLAND AVE None M1V 4A1,ambiguous
10842913.0,DEAR GRAIN,175 Roncesvalles Ave None M6R 2L3,ambiguous
10775096.0,DEAR SAIGON,185 College St Unit-185 M5T 1P7,ambiguous
10790161.0,DEAR SAIGON,3720 MIDLAND AVE None M1V 4V3,ambiguous
10860290.0,DEATH AND TAXES FREE HOUSE,1154 Queen St W None M6J 1J5,ambiguous
10836339.0,DECCAN HOUSE,19 Lapsley Rd None M1B 1K1,ambiguous
10811179.0,DECO GALLERY,291 COXWELL AVE None M4L 3B5,ambiguous
10772451.0,DEJAVU RESTAURANT AND LOUNGE,364 Queen St E None M5A 1T1,likely_restaurant
10812499.0,DEL MARKET,4180 DUNDAS ST W None M8X 1X8,ambiguous
10789189.0,DELECTABLE BY ZARLA JANE,"31 TAPSCOTT RD, Unit-99 None M1B 4Y7",ambiguous
10810857.0,DELHI MOMOS,113 Bond St Bsmt-2 M5B 1Y2,ambiguous
10800099.0,DELHIITES,717 1/2 Queen St E None M4M 1H1,ambiguous
10849859.0,DELI-BAR 95,"300 RICHMOND ST W, Unit-101 None M5V 1X2",likely_restaurant
10802135.0,DELICIOUS EMPANADAS & LATIN CAFE,921 College St None M6H 1A1,likely_restaurant
10842923.0,DELICIOUS JAMAICAN CUISINE & COFFEE,1568 EGLINTON AVE W None M6E 2G8,likely_restaurant
10807437.0,DELICIOUS SOLUTIONS,3974 Chesswood Dr None M3J 2W6,ambiguous
10851256.0,DELICIOUS TASTE,5415 Yonge St None M2N 5R6,ambiguous
10684273.0,DELIGHT BITE,100 PRINCES BLVD None M6K 3C3,ambiguous
10811719.0,DELMANOR WEST VILLAGE INC,15 Summerland Ter None M9A 0B5,ambiguous
10861979.0,DELPHI SECONDARY ALTERNATIVE SCHOOL - MORNING MEAL,109 Chartland Blvd S Flr-2ND M1S 2R7,likely_not_restaurant
10778715.0,DELTA BINGO,1799 ST CLAIR AVE W None M6N 1J9,ambiguous
10840973.0,DELTA BINGO AND GAMING,360 Evans Ave None M8Z 1K5,ambiguous
10787279.0,DELTA HOTEL- 4th FL Rooftop,75 Lower Simcoe St None M5J 3A6,ambiguous
10850725.0,DELUXE GRILL & CAFE,235 Yorkland Blvd Unit-100 M2J 4Y8,likely_restaurant
10786535.0,DELYSEES LUXURY DESSERTS,3401 Dufferin St Unit-615 M6A 2T9,likely_restaurant
10779162.0,DEMETRES,1090 DON MILLS RD None M3C 3R6,ambiguous
10854319.0,DEMETRES,28 Gristmill Lane None M5A 3C4,ambiguous
10832603.0,DENO DELIGHT BAKERY & CAFE,250 Merton St Unit-102 M4S 1B1,likely_restaurant
10834107.0,DESI CHAAPWALA RESTAURANT,529 Evans Ave None M8W 2V7,likely_restaurant
10853984.0,DESI FOOD JUNCTION,1051 Bloor St W None M6H 1M4,ambiguous
10845844.0,DESI SPOT,"41 LEBOVIC AVE, Unit-A123 None None",ambiguous
10794592.0,DESI TADKAA,2857 Jane St None M3N 2J5,ambiguous
10804774.0,DESI TASTE,204 MARKHAM RD None M1J 3C2,ambiguous
10773273.0,DESSERT FOX,635A Bloor St W None M6G 1K8,likely_restaurant
10840990.0,DESTAN TURKISH RESTAURANT,3585 Keele St Unit-12 M3J 3H5,likely_restaurant
10829790.0,DEVON GOOD FOOD,2865 Jane St None M3N 2J5,ambiguous
10861359.0,DHAKA BAZAR,451 PHARMACY AVE None M1L 3G7,ambiguous
10828778.0,DHAKA KEBAB NAAN,50 Danforth Rd Unit-3 M1L 3W4,likely_restaurant
10806849.0,DHAKA KITCHEN,459 Pharmacy Ave None M1L 3G7,likely_restaurant
10863609.0,DHARMAYUG KATHIYAWADI FOOD,6923 Steeles Ave W Unit-4 M9W 6T6,ambiguous
10789302.0,DHILLON'S KARAHI SPOT,1213 Bayview Ave None M4G 2Z8,ambiguous
10836975.0,DI AN AUTHENTIC VIETNAMESE CUISINE,2361 Brimley Rd Unit-D5 M1S 3L6,likely_restaurant
10773002.0,DIA,387 Bloor St E None M4W 1H7,ambiguous
10844553.0,DIAMOND KABAB HOUSE,3238 Eglinton Ave E None M1J 2H6,ambiguous
10807177.0,DIAMOND PIZZA& STONE GRILL,510 MAIN ST None M4C 4Y2,likely_restaurant
10789925.0,DICKSON BARBEQUE CENTRE,2958 BLOOR ST W None M8X 1B7,ambiguous
10339031.0,DIEU KY FOODS INC,328 Passmore Ave None M1V 5J5,ambiguous
10807424.0,DIGITAL FACTORY,333 King St E None M5A 3X5,ambiguous
10832776.0,DIL SE DIL TAK,8 York St None M5J 2Y2,ambiguous
10777746.0,DIM SUM FOOD,"50 SILVER STAR BLVD, Unit-201 None M1V 3L3",likely_restaurant
10801867.0,DIMES CARIBBEAN RESTAURANT,2679 Eglinton Ave W None M6M 1T8,likely_restaurant
10803875.0,DIMITRI'S PLACE,3031 Lake Shore Blvd W None M8V 1K5,ambiguous
10842087.0,DINEEN COFFEE,200 King St W None M5H 3T4,likely_restaurant
10803734.0,DINER SEOUL KOREAN & FRENCH FUSION RESTAURANT,1351 ST CLAIR AVE W None M6E 1C5,likely_restaurant
10843173.0,DING TAI FUNG KITCHEN,2220 Midland Ave Unit-80 M1P 3E6,likely_restaurant
10856081.0,DINNER IN THE SKY - CNE 2025,111 PRINCES BLVD None M6K 3C3,ambiguous
10831097.0,DIP N WINGS,8 Glen Watford Dr Unit-G18 M1S 2C1,likely_restaurant
10816135.0,DIRTY BIRRIAS,1610 QUEEN ST E None M4L 1G2,ambiguous
10862522.0,DISCRETA,455 KING ST W None M5V 1K4,ambiguous
10821982.0,DISPOTINO PIZZA,1110 LODESTAR RD None M3J 2Z4,likely_restaurant
10843534.0,DIVAS CREPE ON A STICK,1308 St Clair Ave W None M6E 1C1,ambiguous
10860314.0,DIVINO RESTAURANT AND BAR,46 Blue Jays Way Unit-42-46 M5V 2G3,likely_restaurant
10814555.0,DIXON GROVE JUNIOR MIDDLE SCHOOL- BREAKFAST PROGRAM,315 The Westway 105 M9R 1H1,ambiguous
10772620.0,DMC,28 Vansco Rd Bldg-- M8Z 5J4,ambiguous
10829063.0,DMC,"28 VANSCO RD, Bldg-- None M8Z 5J4",ambiguous
10797426.0,DOC'S,3106 Dundas St W None M6P 2A1,ambiguous
10784681.0,DOKKAEBI,1620 Bloor St W None M6P 1A7,ambiguous
10809140.0,DOLLAR MAHAL PLUS CONVENIENCE,"120 ERINGATE DR, Unit-9 None M9C 3Z8",likely_not_restaurant
10783667.0,DOLLAR TREE,"35 WOODBINE DOWNS BLVD, Unit-2 None M9W 6N5",likely_not_restaurant
10862728.0,DOLLAR TREE,814 Warden Ave Unit-F2 M1L 4W1,likely_not_restaurant
10489942.0,DOLLARAMA,425 PARLIAMENT ST None M5A 3A1,likely_not_restaurant
10492264.0,DOLLARAMA,2340 DUNDAS ST W None M6P 4A9,likely_not_restaurant
10722451.0,DOLLARAMA,500 REXDALE BLVD None M9W 6K5,likely_not_restaurant
10787596.0,DOLLARAMA,4975 DUNDAS ST W None M9A 1B6,likely_not_restaurant
10805900.0,DOLLARAMA,33 Bathurst St None M5V 0L8,likely_not_restaurant
10809102.0,DOLLARAMA,293 COXWELL AVE None M4L 3B5,likely_not_restaurant
10809602.0,DOLLARAMA,"5010 STEELES AVE W, Unit-5-6 None M9V 5C6",likely_not_restaurant
10816619.0,DOLLARAMA,2329 YONGE ST None M4P 2C8,likely_not_restaurant
10844943.0,DOLLARAMA,498 Dupont St None M6G 1Y7,likely_not_restaurant
10775832.0,DOLSOE KOREAN RESTAURANT,877 Alness St Unit-1 M3J 2X3,likely_restaurant
10807081.0,DOMINO'S,4207 Keele St Unit-3 M3J 3T8,ambiguous
10829315.0,DOMINO'S,3245 Finch Ave E Unit-11 M1W 4C1,ambiguous
10847775.0,DOMINO'S,1872 Kennedy Rd None M1P 2L8,ambiguous
10802715.0,DOMINO'S PIZZA,1906 Jane St None M9N 2T8,likely_restaurant
10829084.0,DOMINO'S PIZZA,118 Ellesmere Rd None M1R 4C4,likely_restaurant
10847249.0,DOMINO'S PIZZA,2194 Gerrard St E None M4E 2C7,likely_restaurant
10791925.0,DOMO SUSHI,844 Sheppard Ave W None M3H 2T5,likely_restaurant
10805192.0,DON ARTS ACADEMY,15 CHISHOLM AVE None M4C 4V1,likely_not_restaurant
10835681.0,DON CHICHARRON,20 Lockport Ave Unit-130 M8Z 2R7,ambiguous
10800370.0,DON DON IZAKAYA,130 Dundas St W Flr-2 M5G 1C3,ambiguous
10809452.0,DON MILLS COLLEGIATE INSTITUTE - STUDENT NUTRITION PROGRAM,15 The Donway  E None M3C 1X6,likely_not_restaurant
10810054.0,DON MILLS MIDDLE SCHOOL - STUDENT NUTRITION PROGRAM,17 The Donway  E Rm-251 M3C 1X6,likely_not_restaurant
10785256.0,DON MILLS RETIREMENT RESIDENCE,2 Green Belt Dr None M3C 0P4,likely_not_restaurant
10815226.0,DON VALLEY GOLF COURSE 9TH HOLE,4200 Yonge St None M2P 1N9,ambiguous
10815224.0,DON VALLEY GOLF COURSE CAFETERIA,4200 Yonge St None M2P 1N9,likely_restaurant
10775730.0,DONATELLIS,5230 Dundas St W Bldg-2 M9B 1A8,ambiguous
10811314.0,DONER PALACE,1322 Gerrard St E B M4L 1Z1,ambiguous
10801622.0,DONER STATION KEBAB,4917 Bathurst St None M2R 1X8,likely_restaurant
10787179.0,DONG KEE CHINESE RESTAURANT,"3838 MIDLAND AVE, Unit-101 None M1V 5K5",likely_restaurant
10807409.0,DONGRAMI,700 BAY ST None M5G 1Z6,ambiguous
10860493.0,DONNA FERNANDA RISTORANTE & PIZZERIA,740 King St W None M5V 1N3,likely_restaurant
10843158.0,DONUT COUNTER,3337 Bayview Ave None M2M 1G4,likely_restaurant
10798529.0,DONUT PRINCESS - DWV 2025,55 Mill St None M5A 3C4,likely_restaurant
10801240.0,DONWAY PLACE,8 The Donway  E None M3C 3R7,ambiguous
10785658.0,DOOR DASH,"43 MILNER AVE, Unit-52 None M1S 3P6",ambiguous
10818406.0,DOPAMINA RESTAURANT,832 Bay St Bldg-3 M5S 1Z6,likely_restaurant
10847340.0,DOPAPEN COFFEE,850 Carlaw Ave None M4K 3L3,likely_restaurant
10806856.0,DORAJI,486 Front St W Unit-WM 38 M5V 0V2,ambiguous
10789997.0,DOSA KITCHEN,3380 Midland Ave None M1V 5B5,likely_restaurant
10851275.0,DOSAAAART,181 PARLIAMENT ST None M5A 2Z4,likely_restaurant
10858384.0,DOSABOYZ,6210 Finch Ave W Bldg-108 M9V 0A1,likely_restaurant
10793161.0,DOSABOYZ HAKKABOYZ,35 William Kitchen Rd Unit-K2 M1P 5B7,likely_restaurant
10863643.0,DOSE LOUNGE LTD,1334 DANFORTH AVE None M4J 1M9,ambiguous
10777290.0,DOTTY'S,1588 Dupont St None M6P 3S6,ambiguous
10831159.0,DOU YIN BAR,2901 Kennedy Rd 1B M1V 1S8,likely_restaurant
10788894.0,DOUBLE DOUBLE PIZZA & CHICKEN & TASTE OF AGRA,3420 Lawrence Ave E Unit-2 M1H 1A9,likely_restaurant
10825334.0,DOUGH BOX,21 Rexdale Blvd Unit-4001 M9W 5Z3,ambiguous
10844754.0,DOUGHBOX,1050 Finch Ave W None M3J 2E2,ambiguous
10852813.0,DOUGHBOX WOOD FIRED PIZZA AND PASTA,1466 Eglinton Ave W Unit-1 M6E 2G5,likely_restaurant
10784306.0,DOUGHBOX WOODFIRE PIZZA AND PASTA,40 University Ave Unit-7 M5J 1T1,likely_restaurant
10783917.0,DOURO BAKERY,1263 Weston Rd None M6M 4P9,likely_restaurant
10802123.0,DOWNSVIEW PUBLIC SCHOOL,2829 KEELE ST None M3M 2G7,likely_not_restaurant
10830100.0,DPRTMNT,473 Adelaide St W None M5V 1T1,ambiguous
10815016.0,DR. NORMAN BETHUNE C.I. - SNP,200 Fundy Bay Blvd None M1W 3G1,ambiguous
10790682.0,DRAGON CITY CORNER SNACK,280 Spadina Ave Flr-MAIN FLOOR M5T 3A5,ambiguous
10860587.0,DRAGON VIEW SEAFOOD RESTAURANT,4452 Sheppard Ave E None M1S 1V2,likely_restaurant
10828975.0,DREAM BUBBLE TEA,3379 Yonge St Unit-6 M4N 2M8,likely_restaurant
10798534.0,DREAMLAND COTTON CANDY (DWV 2025),55 Mill St None M5A 3C4,ambiguous
10809609.0,DREWRY SECONDARY SCHOOL-SNP,70 Drewry Ave None M2M 1C8,likely_not_restaurant
10832475.0,DREWS RESIDENTIAL SERVICES,11 Loradeen Cres None M1B 1T7,ambiguous
10857275.0,DREWS RESIDENTIAL SERVICES,27 Gemshaw Cres None M1B 1L3,ambiguous
10830337.0,DRINK OF THE GODS - DWV 2025,55 Mill St None M5A 3C4,ambiguous
10864017.0,DUA'S COFFEE,1244 Yonge St Unit-A M4T 1W5,likely_restaurant
10849128.0,DUBAIMO CHOCOLATES,1020 St Clair Ave W None M6E 1A4,ambiguous
10811500.0,DUBLIN HEIGHTS ELEMENTARY & MIDDLE SCHOOL,100 BAINBRIDGE AVE None M3H 2K2,likely_not_restaurant
10796555.0,DUDU'S CAFE AND BUBBLE TEAHOUSE,250 Wincott Dr 13 M9R 2R5,likely_restaurant
10809858.0,DUFFERIN GROVE PARK - CLUB HOUSE KITCHEN,875 Dufferin St None M6H 4J3,likely_restaurant
10852827.0,DUHOK SHAWARMA,1635 Lawrence Ave W Unit-10 M6L 3C9,likely_restaurant
10825628.0,DULCE AROMA,1635 Lawrence Ave W Bldg-17 M6L 3C9,ambiguous
10829135.0,DULCE MOMENTOS,1826 St Clair Ave W None M6N 1J5,ambiguous
10847106.0,DULZURA MEXICAN DESSERTS,9 Milvan Dr Unit-6A-1 M9L 1Y9,likely_restaurant
10857374.0,DUNDAS STREET EAST CHILD CARE CENTRE,935 Dundas St E None M4M 1R4,likely_not_restaurant
10829576.0,DUNN HOUSE,90 Dunn Ave None M6K 2R6,ambiguous
10826816.0,DUO DUO FRUIT,422 Spadina Ave None M5T 2G7,ambiguous
10825111.0,DUODUO FRUIT SHOP,95 Esther Shiner Blvd None M2K 0C3,ambiguous
10536225.0,Dollarama,3003 Danforth Ave Unit-15 M4C 1M9,likely_not_restaurant
10784698.0,Domino's,871 O'Connor Dr None M4B 2S7,ambiguous
10791467.0,D|BAR (FOUR SEASONS HOTEL),60 Yorkville Ave None M4W 0A4,likely_restaurant
10774439.0,EAGLES LOUNGE,1563 O'CONNOR DR None M4B 2V7,ambiguous
10686257.0,EARL GREY SENIOR PUBLIC SCHOOL,100 STRATHCONA AVE None M4J 1G8,likely_not_restaurant
10777519.0,EARL'S RESTAURANT,3401 Dufferin St Unit-17 M6A 2T9,likely_restaurant
10845016.0,EARLA'S KITCHEN,477 OAKWOOD AVE None M6E 2W4,likely_restaurant
10806705.0,EARLS KITCHEN + BAR,603 King St W None M5V 1M5,likely_restaurant
10795061.0,EARLS KITCHEN AND BAR,55 Bloor St W Unit-113 M4W 1A5,likely_restaurant
10784322.0,EARTH SALON,"111 YORKVILLE AVE, Unit-3 None M5R 1C1",likely_not_restaurant
10832175.0,EAST ANGUS GROCERY,"255 DUNCAN MILL RD, Unit-904 None M3B 3H9",ambiguous
10790667.0,EAST TORONTO COFFEE,"2318 DANFORTH AVE, Unit-3 None M4C 1K7",likely_restaurant
10811187.0,EAST YORK ALTERNATIVE SECONDARY SCHOOL,670 COSBURN AVE None M4C 2V2,likely_not_restaurant
10811189.0,EAST YORK COLLEGIATE INSTITUTE,650 COSBURN AVE None M4C 2V2,likely_not_restaurant
10773569.0,EASTDALE COLLEGIATE INSTITUTE - SNP,701 Gerrard St E Flr-2 M4M 1Y4,likely_not_restaurant
10813230.0,EASTSIDE CLUB CHILD CARE CENTRE,100 Galloway Rd None M1E 1W7,likely_not_restaurant
10846202.0,EASY CONVENIENCE STORE,"3655 ST CLAIR AVE E, Unit-2 None M1M 1T1",likely_not_restaurant
10862336.0,EASY RESTAURANT,1645 Queen St W None M6R 1A9,likely_restaurant
10844631.0,EATALY DISTILLERY,21 Trinity St None M5A 3C4,ambiguous
10812020.0,EATALY DON MILLS,1090 Don Mills Rd None M3C 3R6,ambiguous
10796223.0,EATALY SHERWAY,25 The West Mall Dept-- M9C 1B8,ambiguous
10805641.0,EATDRINKLAUGH,87 Thornmount Dr Unit-24 M1B 5S5,ambiguous
10822722.0,ECHO SUSHI,2036 Yonge St None M4S 1Z9,likely_restaurant
10863339.0,ECOLE  ELEMENTAIRE  LA MOSAIQUE,80 QUEENSDALE AVE None M4J 1Y3,ambiguous
10826000.0,ECOLE ELEMENTAIRE CHARLES-SAURIOL,55 PELHAM AVE None M6N 1A5,ambiguous
10802639.0,ECOLE GABRIELLE-ROY,14 Pembroke St None M5A 2N7,ambiguous
10863214.0,ECOLE SECONDAIRE MICHELLE-O'BONSAWIN - SNP - AM,24 Mountjoy Ave None M4J 1J6,ambiguous
10827918.0,ECOLE SECONDAIRE TORONTO OUEST,330 Lansdowne Ave None M6H 3Y1,ambiguous
10809533.0,ECOLE SECONDARIE ETIENNE-BRULE - STUDENT NUTRITION PROGRAM,300 Banbury Rd None M2L 2V3,likely_not_restaurant
10804391.0,EDESSA BANQUET HALL,1811 Albion Rd None M9W 5W4,likely_not_restaurant
10815710.0,EDILL'S COFFEE HOUSE,1412 Kennedy Rd Unit-1-1A M1P 2L7,likely_restaurant
10797546.0,EDO JAPAN,1121 Castlefield Ave None M6B 1E8,ambiguous
10823661.0,EDO JAPAN,452 Yonge St Bldg-1 M4Y 1W9,ambiguous
10840173.0,EDWARD JOHNSON BUILDING MUSIC CAFE,80 Queen'S Park None M5S 2C5,likely_restaurant
10811159.0,EELAM TRINCO BAY,1001 Sandhurst Crcl Unit-8 M1V 1Z6,ambiguous
10863024.0,EGE MARKET,2319 Keele St Unit-102 M6M 4A1,ambiguous
10817664.0,EGG CLUB UNION STATION,65 Front St W None M5J 1E6,ambiguous
10792937.0,EGGHOLIC,"3478 LAWRENCE AVE E, Unit-C3 None M1H 1A9",ambiguous
10812803.0,EGGHOLIC,2687 Kipling Ave Unit-16B M9V 5G6,ambiguous
10809746.0,EGGSMART,2947 Bloor St W Unit-A M8X 1B8,ambiguous
10826518.0,EGGSMART,6 Rylander Blvd Unit-6 M1B 0B6,ambiguous
10834322.0,EGGSMART,1961 Kennedy Rd Unit-1 M1P 5A2,ambiguous
10840176.0,EGGSMART,51 Elm St Bldg-1 M5G 1H1,ambiguous
10843294.0,EGGSMART,2690 Eglinton Ave E Unit-2690 M1K 2S3,ambiguous
10841506.0,EGGSTATIC,235 Consumers Rd Unit-E-1 M2J 0E9,ambiguous
10840719.0,EGGY'S WAFFLES,3276 Midland Ave Unit-C125 M1V 0C8,ambiguous
9004904.0,EGLINTON SMOKE SHOP,"150 EGLINTON AVE E, Unit-2 None M4P 1E8",ambiguous
10816241.0,EHERB NATURAL HEALTHY FOOD,983 College St None M6H 1A6,ambiguous
10786395.0,EHWA UPTOWN,4866 Yonge St None M2N 5N2,ambiguous
10826709.0,EITZ CHAIM GIRLS SCHOOL - SNP,1 Viewmount Ave None M6B 1T2,likely_not_restaurant
10860859.0,EJI'S KITCHEN,19 Woodbine Downs Blvd Unit-101 - 103 None,likely_restaurant
10828977.0,EL CAMARON LOCO,9 Milvan Dr Unit-405-1 M9L 1Y9,ambiguous
10825851.0,EL CATRACHO LATIN STORE TIENDA LATINA,1812 JANE ST None M9N 2T3,ambiguous
10863493.0,EL CHINO ANTOJITOS BAR,1251 Bloor St W None M6H 1N6,likely_restaurant
10854916.0,EL EDEN,1270 Finch Ave W Unit-15 M3J 3J7,ambiguous
10848532.0,EL ESTROBO,9 Milvan Dr Unit-8-9 M9L 1Y9,ambiguous
10791711.0,EL GRECO,160 Floyd Ave None M4K 2B7,ambiguous
10818363.0,EL HIJO DE TIZOC,797 Gerrard St E None M4M 1Y5,ambiguous
10816740.0,EL INKA,21 St Clair Ave E Unit-100 M4T 1L9,ambiguous
10829982.0,EL MERCADITO,1107 VICTORIA PARK AVE None M4B 2K2,ambiguous
10848536.0,EL MESON DEL CHARRO,1824 Jane St None M9N 2T3,ambiguous
10831783.0,EL MITOTE,1136 COLLEGE ST None M6H 1B6,ambiguous
10863403.0,EL MOCAMBO,464 Spadina Ave None M5T 2G8,ambiguous
10778272.0,EL NAHUAL TACOS,556 Parliament St None M4X 1P6,likely_restaurant
10810898.0,EL PACHO COFFEE ROASTERS,40 University Ave None M5J 1T1,likely_restaurant
10820907.0,EL PALOMAR EMPANADAS AND GELATO,1357 St Clair Ave W None M6E 1C5,ambiguous
10811315.0,EL PUERTO MARISQUERIA,1727 Eglinton Ave W None M6E 2H4,ambiguous
10838492.0,EL PUESTESITO HIDALGUENSE,1081 St Clair Ave W None M6E 1A8,ambiguous
10802964.0,EL RINCON GUERRERENSE,2879 Kingston Rd None M1M 1N3,ambiguous
10828018.0,EL RINCON GUERRERENSE,912 DANFORTH AVE None M4J 1L9,ambiguous
10855353.0,EL TENEDOR CAFE,909 Yonge St None M4W 2H2,likely_restaurant
10800100.0,ELECTRIC BILL,866 Bloor St W None M6G 1M5,ambiguous
10825997.0,ELECTRIC LOVE BAKESHOP,900 Wilson Ave None M3K 1E7,likely_restaurant
10800200.0,ELEVEN NINETY-TWO,1192 QUEEN ST W None M6J 1J6,ambiguous
10804387.0,ELFS STUCCO EMPLOYERS SOCIETY,1315 Finch Ave W None M3J 2G6,ambiguous
10842693.0,ELIA JUNIOR MIDDLE SCHOOL LUNCH PROGRAM,215 Sentinel Rd None M3J 1T7,likely_not_restaurant
10818016.0,ELIJAHS AUTOMATIC FLAME BROILED,821 The Queensway Bldg-FL1 M8Z 1N6,ambiguous
10852411.0,ELIM RESTAURANT AND CAFE,1105 College St None M6H 1B4,likely_restaurant
10780147.0,ELMLEA CHILD CARE CENTRE,50 Hadrian Dr None M9W 1V4,likely_not_restaurant
10851574.0,ELOISE-BARCART,38 The Esplanade None M5E 1A5,ambiguous
10799313.0,ELSIE'S,3365 DUNDAS ST W None M6S 2R9,ambiguous
10496324.0,ELTE CAFE,80 RONALD AVE None M6E 5A2,likely_restaurant
10853644.0,ELYSIAN LOUNGE,134 Millwick Dr Unit-C M9L 1Y6,ambiguous
10860569.0,EMBASSY SUITES BY HILTON - WESTSIDE SOCIAL EATERY,262 Carlingview Dr MAIN LEVEL M9W 5G1,likely_restaurant
10836843.0,EMERALD BANQUET HALL,55 Guided Crt None M9V 5G2,likely_not_restaurant
10863394.0,EMERGE PHARMACY,302 Spadina Ave None M5T 2E7,likely_not_restaurant
10852707.0,EMILIA,505 Richmond St W None M5V 1Y3,ambiguous
10843115.0,EMILIO'S MEXICAN BAKERY,634 Vaughan Rd Unit-A M6E 2Y3,likely_restaurant
10863556.0,EMILY CARR P.S. - SNP - MORNING MEAL,90 JOHN TABOR TRL None M1B 2V2,ambiguous
10857369.0,EMMA'S EATERY,"938 St Clair Ave W Unit-2,3 M6C 1C8",likely_restaurant
10849962.0,EMPIRE SANDY,539 Queens Quay  W None M5V 3G3,ambiguous
10371388.0,EMPRESS OF CANADA,260 Queens Quay  W None M5J 2N3,ambiguous
10830663.0,ENCHANTED POUTINERIE,45 Abraham Welsh Rd Unit-B7 M9M 0G6,ambiguous
10829815.0,ENJOY TEA,"5 NORTHTOWN WAY, Unit-15 None M2N 7A1",likely_restaurant
9005036.0,ENTERPRISE 2000,176 Cherry St None M5A 3L1,ambiguous
10847261.0,ENZI ICE CREAM,5317 Yonge St Unit-E M2N 5R4,likely_restaurant
10800626.0,EOL NATURALS,48 Kensington Ave None M5T 2K1,ambiguous
10808462.0,EPI BREADS,105 Vanderhoof Ave Unit-9 M4G 2H7,ambiguous
10808608.0,EPOCHAL IMP,123 DANFORTH AVE None M4K 1N2,ambiguous
10857533.0,EPOS CAFE COUTURE,90 Yorkville Ave None M5R 1B9,likely_restaurant
10818444.0,EPOS COFFEE,290 Gerrard St E None M5A 2G4,likely_restaurant
10861329.0,ERNEST PUBLIC SCHOOL STUDENT NUTRITION PROGRAM,150 Cherokee Blvd None M2J 4A4,likely_not_restaurant
10848107.0,EROON SUPERMARKET,"5 NORTHTOWN WAY, Unit-5-6 None M2N 7A1",likely_not_restaurant
10772083.0,ESC PÈRE-PHILIPPE-LAMARCHE - CAFETERIA,2850X Eglinton Ave E None M1J 2C8,likely_restaurant
10772080.0,ESC PÈRE-PHILIPPE-LAMARCHE - SNP,2850X Eglinton Ave E None M1J 2C8,ambiguous
10740063.0,ESCAPE TO,"539 QUEENS QUAY W, TORONTO YACHTS None M5V 3G3",ambiguous
10838114.0,ESFAHAN RESTAURANT,199 Sheppard Ave E None M2N 3A8,likely_restaurant
10847979.0,ESPRO,2102 QUEEN ST E None M4E 1E2,ambiguous
10845944.0,ESSEN,3023 Bathurst St None M6B 3B5,ambiguous
10826765.0,ESSENTIALS MARKET,163 Queen St E None M5A 1S1,ambiguous
10813832.0,ESSO,540 EVANS AVE None M8W 2V4,likely_not_restaurant
10802749.0,ESSO CIRCLE K,553 LAKE SHORE BLVD W None M5V 1A6,likely_not_restaurant
10861543.0,ESSO CONVENIENCE,66 NORTH QUEEN ST None M8Z 2C4,likely_not_restaurant
10789564.0,ESSO/ CIRCLE K,866 Avenue Rd None M5P 2K3,likely_not_restaurant
10813403.0,ESSO/ CIRCLE K,2485 Bloor St W None M6S 1P7,likely_not_restaurant
10832264.0,ESSO/CIRCLE K,3514 Weston Rd None M9L 1V6,likely_not_restaurant
10841578.0,EST RESTAURANT,729 Queen St E None M4M 1H1,likely_restaurant
10820684.0,ESTIATORIO MILOS,330 Bay St None M5H 2S8,ambiguous
10787242.0,ESTRELA RESTAURANT,"5 LAVINGTON DR, Unit-1A None M9R 2H1",likely_restaurant
10851420.0,ETHENNONNHAWAHSTIHNEN CHILD CARE CENTRE,100 Ethennonnhawahstihnen' Lane Flr-2 M2K 0G5,likely_not_restaurant
10815261.0,ETHENNONNHAWAHSTIHNEN CRC & LIBRARY KITCHEN,100 Ethennonnhawahstihnen' Lane Flr-2 M2K 0G5,likely_restaurant
10815689.0,ETHIOPIAN NATURAL COFFEE,908 Bloor St W None M6H 1L1,likely_restaurant
10799870.0,ETHIOPIAN SPICE & GROCERY STORE,368 GERRARD ST E None M5A 2G8,ambiguous
10814735.0,ETIENNE BRULE JUNIOR SCHOOL - SNP,50 Cloverhill Rd None M8Y 1T3,likely_not_restaurant
10814306.0,ETOBICOKE COLLEGIATE INSTITUTE -SNP,86 Montgomery Rd None M9A 3N5,likely_not_restaurant
10843966.0,ETOBICOKE SCHOOL OF THE ARTS - SNP,675 Royal York Rd None M8Y 2T1,likely_not_restaurant
10844703.0,EUROPA CAFFE,1168 THE QUEENSWAY None M8Z 1R5,ambiguous
10806024.0,EUROPEAN CUISINE,40 Carl Hall Rd Unit-E3 M3K 2C1,likely_restaurant
10840994.0,EVA'S FRUIT,384 Yonge St Bsmt-UNAVAILABLE M5B 1S8,ambiguous
10833945.0,EVA'S ORIGINAL CHIMNEY AND GUERRILLA BURGER,55 ST CLAIR AVE W None M4V 2Y7,likely_restaurant
10849086.0,EVELYN'S CRACKERS,125 Jefferson Ave None M6K 3E4,ambiguous
10826659.0,EVENTS KITCHENETTE- UFT,230 College St Flr-4 M5T 1R2,likely_restaurant
10787758.0,EVERYDAY BEAUTY BAR,302 Carlaw Ave Unit-120 M4M 3L1,likely_restaurant
10853987.0,EVERYSIDE RESTAURANT,120 Adelaide St W Unit-100 M5H 1T1,likely_restaurant
10839816.0,EVIVVA,39 Eglinton Ave E None M4P 1A1,ambiguous
10791298.0,EVVIVA BREAKFAST AND LUNCH,56 Wellesley St W None M5S 2S3,likely_restaurant
10849369.0,EXOTIX ICE,"97 DOLOMITE DR, Unit-97 None M3J 2N1",ambiguous
10780963.0,EXPO VINTAGE,1450 DUNDAS ST W None M6J 1Y6,ambiguous
10856442.0,EXPRESS PIZZA,80 Ellesmere Rd Unit-8 M1R 4C2,likely_restaurant
10857486.0,FAFA BBQ HOUSE,3278 Midland Ave Unit-D120 M1V 0C9,likely_restaurant
10823294.0,FAINE MEESTO,2790 Lake Shore Blvd W None M8V 1H5,ambiguous
10816592.0,FAIR CATCH FISHMONGERS,1543 BAYVIEW AVE None M4G 3B5,ambiguous
10843838.0,FAIROUZ RESTAURANT & LOUNGE,843 Kipling Ave None M8Z 5G9,likely_restaurant
10826706.0,FAITH CARIBBEAN CUISINE,3449 Dundas St W None M6S 2S5,likely_restaurant
10846507.0,FALCHA,3095 Eglinton Ave E Unit-3 M1J 2E9,ambiguous
10845653.0,FALCHA FUSION,568 Parliament St None M4X 1P8,ambiguous
10851113.0,FALLEN FEATHER,217 Ossington Ave None M6J 2Z8,ambiguous
10805482.0,FAM BURGER,3271 Dufferin St None M6A 2T4,likely_restaurant
10858257.0,FAMILY DAY KENNEDY EXTENDED DAY AND SCHOOL AGE PROGAM,20 Elmfield Cres None M1V 2Y6,likely_not_restaurant
10809655.0,FAMILY FOOD MART,"2468 EGLINTON AVE W, Unit-4 None M6M 5E2",likely_not_restaurant
10859897.0,FAMILY MARKET,2857 DANFORTH AVE None M4C 1M2,ambiguous
10828117.0,FAMOUS WOK,200 Front St W Unit-F004 M5V 3K2,ambiguous
10807143.0,FANCY BURGER,565 Bloor St W None M5S 1Y6,likely_restaurant
10860270.0,FANGIO TRATTORIA,1111 Queen St E None M4M 1K7,ambiguous
10784587.0,FANTASTIC SHAWARMA,2558 Finch Ave W Unit-8A M9M 2G3,likely_restaurant
10786118.0,FANTASY KITCHEN CO,195 Harbord St None M5S 1H6,likely_restaurant
10783361.0,FARM BOY,740 Dupont St None M6G 1Z6,likely_not_restaurant
10832496.0,FARM BOY,147 LAIRD DR None M4G 4K1,likely_not_restaurant
10773894.0,FARM BOY SUGAR WHARF,100 Queens Quay  E None M5E 1Y3,likely_not_restaurant
10790520.0,FARM FRESH PIZZA,2687 Kipling Ave Unit-2 M9V 5G6,likely_restaurant
10858218.0,FAROOJ ABO ALABAD,2064 Lawrence Ave E Unit-2064 M1R 2Z5,ambiguous
10855489.0,FARSI MARKET,"3040 DON MILLS RD, Unit-25A None M2J 3C1",ambiguous
10847475.0,FARYAB RESTAURANT,1801 Lawrence Ave E Unit-1 M1R 2X9,likely_restaurant
10860839.0,FAST FRESH FOODS,200 Front St W None M5V 3K2,ambiguous
10771385.0,FAT BASTARD BURRITO,"96 GERRARD ST E, Unit-3 None M5B 1G7",ambiguous
10779387.0,FAT BASTARD BURRITO,"5085 SHEPPARD AVE E, Unit-15 None M1S 4N8",ambiguous
10805957.0,FAT BASTARD BURRITO,1222 St Clair Ave W None M6E 1B4,ambiguous
10808178.0,FAT BASTARD BURRITO,31 Rexdale Blvd Unit-3107 M9W 1P1,ambiguous
10817175.0,FAT BASTARD BURRITO,2561 Victoria Park Ave None M1T 1A4,ambiguous
10845627.0,FAT BASTARD BURRITO,930 Bloor St W None M6H 1L4,ambiguous
10854321.0,FAT BASTARD BURRITO,2008 Queen St E None M4L 1J3,ambiguous
10859289.0,FAT BASTARD BURRITO CO,2538 Weston Rd None M9N 2A6,ambiguous
10777163.0,FAT BASTARD BURRITO CO.,808 York Mills Rd None M3B 1X8,ambiguous
10805311.0,FAT BASTARD BURRITO CO.,126 Atlantic Ave None M6K 1X9,ambiguous
10828968.0,FAT BASTARD BURRITO CO.,2400 Bloor St W None M6S 1P5,ambiguous
10772100.0,FAT BOY RESTAURANT,"5651 STEELES AVE E, Unit-28 None M1V 5P6",likely_restaurant
10853147.0,FAT LULU'S,705 College St Flr-2 M6G 1C2,ambiguous
10830184.0,FATTY BEAR BAKES,1607 DUPONT ST None M6P 3S8,likely_restaurant
10807098.0,FAV CRAFT KITCHEN,3262 Midland Ave Unit-E107 M1V 0C6,likely_restaurant
10802854.0,FAYWOOD ABC SCHOOL,95 Faywood Blvd None M3H 2X5,likely_not_restaurant
10830444.0,FBI PIZZA ST. CLAIR,1248 St Clair Ave W None M6E 1B7,likely_restaurant
10807994.0,FEATURE 1,220 Yonge St None M5B 2H1,ambiguous
10808121.0,FEATURE 2,220 Yonge St None M5B 2H1,ambiguous
10790131.0,FEED IT FORWARD,2770 Dundas St W None M6P 1Y3,ambiguous
10801295.0,FEED SCARBOROUGH,772 Warden Ave None M1L 4T7,ambiguous
10809776.0,FELFEL MEDITERANIAN CUISINE,"761 DUNDAS ST W, Unit-761 None M6J 1T9",likely_restaurant
10848362.0,FELICE'S NO FRILLS,75 Shuter St None M5B 0B8,likely_not_restaurant
10835054.0,FELLOWSHIP CHRISTIAN REFORM CHURCH,800 Burnhamthorpe Rd None M9C 2Z3,likely_not_restaurant
10794054.0,FENG TAI FOOD COURT,355 Bamburgh Crcl None M1W 3Y1,likely_restaurant
10784021.0,FENSIDE PUBLIC SCHOOL,131 Fenside Dr Rm-STAFF ROOM M3A 2V9,likely_not_restaurant
10835812.0,FERN AVENUE PUBLIC SCHOOL,128 Fern Ave None M6R 1K3,likely_not_restaurant
10787696.0,FESTA FOODS INC,278 Browns Line None M8W 3T5,ambiguous
10813995.0,FICOA,585 College St None M6G 1B2,ambiguous
10832745.0,FIELD FRESH SUPERMARKET,5661 Steeles Ave E None M1V 5P6,likely_not_restaurant
10830395.0,FIELD TO FORKS,314 Queen St E None M5A 1S8,ambiguous
10812085.0,FIELDSTONE COMMONS COMMUNITY,1000 Ellesmere Rd None M1P 5G2,ambiguous
10817626.0,FIFTYLAN,"4750 YONGE ST, Unit-105 None M2N 5M6",ambiguous
10845386.0,FIFTYLAN,112 Dundas St W Bldg-1 M5G 1C3,ambiguous
10859916.0,FIFTYLAN,311 Queen St W None M5V 2A4,ambiguous
10841496.0,FIIZ DRINKS,"900 DUFFERIN ST, Unit-K1 None M6H 4A9",ambiguous
10848798.0,FIL-EURO BAKERY,"2348 DUFFERIN ST, Unit-1 None M6E 3S4",likely_restaurant
10852013.0,FINCH AVE COMMUNITY CENTRE ORG,2450 Finch Ave W Unit-2 M9M 2E9,likely_not_restaurant
10821525.0,FINCH PARTY HOUSE,2450 Finch Ave W Unit-2 M9M 2E9,ambiguous
10772635.0,FINCH REACTIVATION CARE CENTRE,555 Finch Ave W None M2R 1N5,ambiguous
10792895.0,FINE ARTISANAL WINES & FOOD,226 Christie St None M6G 3B7,ambiguous
10841851.0,FINGER LICKING CARIBBEAN KITCHEN,2179 LAWRENCE AVE E None M1P 2P5,likely_restaurant
10809263.0,FIRECRACKER PEPPER SAUCE / FIRECRACKER RESTAURANT,"1485 DUPONT ST, Unit-113 None M6P 3S2",likely_restaurant
10804474.0,FIREFLY BURGER,355 1/2 Yonge St Bldg-- M5B 1S1,likely_restaurant
10801791.0,FIREHOUSE SUBS,3300 Dufferin St Unit-B M6A 2T5,likely_restaurant
10810265.0,FIREHOUSE SUBS,31 Rexdale Blvd Unit-C3004 M9W 1P1,likely_restaurant
10826908.0,FIREHOUSE SUBS,410 Bathurst St None M5T 2S6,likely_restaurant
10829948.0,FIREHOUSE SUBS,1221 King St W None M6K 1G3,likely_restaurant
10839965.0,FIREHOUSE SUBS,525 University Ave Bldg-R2-2 M5G 2L3,likely_restaurant
10841423.0,FIREHOUSE SUBS,513 Yonge St Unit-4 M4Y 1Y3,likely_restaurant
10843909.0,FIREHOUSE SUBS,333 King St E Unit-160 M5A 3X5,likely_restaurant
10855577.0,FIREHOUSE SUBS,4700 Keele St Unit-27 M3J 1P3,likely_restaurant
10773379.0,FIRESIDE FUSION JAMAICAN CUISINE,1260 Kennedy Rd Unit-2 M1P 2L3,likely_restaurant
10735639.0,FIRGROVE LEARNING AND INNOVATION COMMUNITY CENTRE -FOOD BANK,5 NEEDLE FIRWAY None M3N 2B9,likely_not_restaurant
10285627.0,FIRGROVE SATELLITE CHILD CARE,270 Firgrove Cres None M3N 1K8,likely_not_restaurant
10777702.0,FIRST HUNGARIAN PRESBYTERIAN CHURCH,95 Jonesville Cres Flr-1 M4A 1H2,likely_not_restaurant
10853583.0,FISH & CHICKS & CHIPS,1310 ST CLAIR AVE W None M6E 1C1,ambiguous
10800014.0,FISH BAR & RESTAURANT,10 Mimico Ave Bldg-- M8V 1R1,likely_restaurant
10784334.0,FISHERFOLK,"90 NORTHLINE RD, Unit-7B None M4B 3E5",ambiguous
10775596.0,FISHERVILLE SENIOR PUBLIC SCHOOL,425 Patricia Ave None M2R 2N1,likely_not_restaurant
10842413.0,FITBITE,89 RONCESVALLES AVE None M6R 2K6,ambiguous
10853804.0,FITCAKE,3367 Bloor St W None M8X 1G2,ambiguous
10808845.0,FIX COFFEE + BIKES,486 Front St W Unit-UG28 M5V 0V2,likely_restaurant
10794644.0,FIYU FOOD TRUCK,44 ST GEORGE ST None M5S 2E4,ambiguous
10803222.0,FLAKY FEAST CAFE,1681 Eglinton Ave E None M4A 1J6,likely_restaurant
10854875.0,FLAMIN' FROST,2830 Victoria Park Ave None M2J 4A8,ambiguous
10835148.0,FLAMING KITCHEN,472 Yonge St None M4Y 1X5,likely_restaurant
10820220.0,FLAMING NOODLES,373 SPADINA AVE None M5T 2G3,likely_restaurant
10831925.0,FLAVA FLAMEZ JAMAICAN RESTAURANT,"2400 FINCH AVE W, Unit-2A None M9M 2C8",likely_restaurant
10857817.0,SATVIC TEA CO,"105 VANDERHOOF AVE, Unit-8 None M4G 2H7",likely_restaurant
10799404.0,FLAVOUR HOUSE RESTAURANT,80 Nashdene Rd Unit-78D M1V 5E4,likely_restaurant
9005515.0,FLEMINGTON PUBLIC SCHOOL - SNP,10 Flemington Rd None M6A 2N4,likely_not_restaurant
10814294.0,FLIPPER'S,31 Elm St Bldg-1 M5G 1H1,ambiguous
10814932.0,FLOR DOIS BISTRO,722 College St None M6G 1C4,likely_restaurant
10779364.0,FLORETTE,1168 Queen St W None M6J 1J5,ambiguous
10844989.0,FLORIN TRATTORIA,80 Richmond St W None M5H 2A4,ambiguous
10815725.0,FLYING SQUIRREL MOTORCYCLE CAFE,1347 Queen St E None M4L 1C6,likely_restaurant
10787312.0,FOLURA BASHARDOST,4630 SHEPPARD AVE E None M1S 3V5,ambiguous
10782569.0,FOOD DUDES,24 Carlaw Ave None M4M 2R7,ambiguous
10852675.0,FOOD FOR NOW,2445 Lake Shore Blvd W None M8V 1C5,ambiguous
10772899.0,FOOD HALL,1 Bridgepoint Dr None M4M 2B5,ambiguous
10795724.0,FOOD MANTRA,3583 Lake Shore Blvd W None M8W 1P5,ambiguous
10785828.0,FOOD WORLD,6628 Finch Ave W None M9W 0B3,ambiguous
10853671.0,FOODIE REAL FRESH,"105 VANDERHOOF AVE, Unit-8 None M4G 2H7",ambiguous
10776689.0,FOODSUP INC,55 Milne Ave None M1L 4N3,ambiguous
10779996.0,FORBES WILD FOODS,1385 Danforth Ave None M4J 1N2,ambiguous
10773973.0,FOREST HILL FARMHOUSE,2066 Yonge St Unit-2 M4S 2A3,ambiguous
10802163.0,FOREST HILL FARMHOUSE,1130 Queen St E None M4M 1L1,ambiguous
10807808.0,FOREST HILL FARMHOUSE,181 Bay St Unit-C350 M5J 2T3,ambiguous
10853115.0,FOREVER YOUNG FOOD FUN PARTY,6600 Yonge St None M2M 3X4,ambiguous
10792881.0,FORGET ME NOT COFFEE,102 Ossington Ave None M6J 2Z4,likely_restaurant
10839043.0,FORMOCHA BUBBLE TEA HOUSE,673 College St None M6G 1B9,likely_restaurant
10831561.0,FORNO CULTURA,507 King St E Flr-ROOFTOP M5A 1M3,ambiguous
10815977.0,FORTINO'S,330 QUEENS PLATE DR None M9W 7J7,ambiguous
10807524.0,FORTUNE-KING HOTPOT,359 Spadina Ave None M5T 2G3,ambiguous
10812132.0,FOUND COFFEE,2088 Dundas St W None M6R 1W9,likely_restaurant
10831571.0,FOUR SEASON SWEET,5661 Steeles Ave E Unit-4 M1V 5P6,ambiguous
10852066.0,FOUR SEASONS,60 YORKVILLE AVE None M4W 0A4,ambiguous
10790947.0,FOUR SEASONS HOTELS AND RESORTS,1165 Leslie St None M3C 2K8,ambiguous
10839322.0,FOX & JOHN'S RESTAURANT AND BAR,107 Atlantic Ave None M6K 1Y2,likely_restaurant
10853329.0,FOX AND JOHN'S KITCHEN AND BAR,3527 Lake Shore Blvd W None M8W 1N5,likely_restaurant
10824962.0,FRAGRANT FOOD PRODUCTS,4675 Steeles Ave E Unit-2FC5 M1V 4S5,ambiguous
10776200.0,FRECLES FOX RESTAURANT,100 Cavell Ave Unit-1-4 M8V 3V6,likely_restaurant
10799852.0,FRED VICTOR 24HR RESPITE,701 Fleet St None None,ambiguous
10844704.0,FRED VICTOR KINGSTON ROAD HOUSING,4626 Kingston Rd None M1E 2P6,ambiguous
10807178.0,FREDDY'S GREEK,148 Sumach St None M5A 0P9,ambiguous
10772163.0,FREEBIRD,232 Norseman St Bldg-- M8Z 2R4,ambiguous
10846765.0,FREEBIRD MARKET,333 Bay St Unit-C-18 M5H 2R2,ambiguous
10805145.0,FRENCHY BAR ET BRASSERIE,145 Richmond St W Flr-MAIN M5H 2L2,likely_restaurant
10810660.0,FRESH,386 Bloor St W Flr-1 M5S 1X4,ambiguous
10820142.0,FRESH,348 Danforth Ave None M4K 1N8,ambiguous
10848083.0,FRESH BREAD BAKERY,729 Kennedy Rd None M1K 2C6,likely_restaurant
10725026.0,FRESH BURGER,3355 Steeles Ave E Unit-C 4 M2H 0A7,likely_restaurant
10808343.0,FRESH BURGER,1881 Steeles Ave W Unit-12 M3H 5Y4,likely_restaurant
10842748.0,FRESH BURGER,1121 Castlefield Ave Unit-2 M6B 1E8,likely_restaurant
10862456.0,FRESH BURGER,43 Milner Ave Unit-102 M1S 3P6,likely_restaurant
10776021.0,FRESH BURRITO,1085 Kingston Rd Unit-9 M1N 4E3,ambiguous
10811885.0,FRESH BURRITO,3575 Sheppard Ave E None M1T 3K8,ambiguous
10781581.0,FRESH CHOICE CAFE,520 Ellesmere Rd Unit-110 M1R 4E6,likely_restaurant
10850658.0,FRESH CUP BUBBLE TEA,"3030 DON MILLS RD E, Unit-20 None M2J 3C1",likely_restaurant
10858528.0,FRESH HABESHA AND BBQ RESTAURANT,810 Bloor St W None M6G 1L9,likely_restaurant
10840419.0,FRESH OJ,45 OVERLEA BLVD None M4H 1C3,ambiguous
10802573.0,FRESH ON EGLINTON,101 Eglinton Ave E Unit-5 M4P 1H4,ambiguous
10859309.0,FRESH ONE MARKET,1942 DANFORTH AVE None M4C 1J4,ambiguous
10844997.0,FRESH PICKED,545 Queen St W None M5V 2B6,ambiguous
10834594.0,FRESH PICKED FRUIT MARKET,1576 BLOOR ST W None M6P 1A4,ambiguous
10857304.0,FRESH SLICE PIZZA,4841 Yonge St Unit-208 M2N 5X2,likely_restaurant
10809332.0,FRESH VALUE MARKET,2555 Victoria Park Ave Unit-7-8 M1T 1A3,ambiguous
10800563.0,FRESHCO,22 Northcote Ave None M6J 3K3,likely_not_restaurant
10836231.0,FRESHCO,2440 DUNDAS ST W None M6P 1W9,likely_not_restaurant
10851757.0,FRESHCO,2395 Don Mills Rd None M2J 0H5,likely_not_restaurant
10775724.0,FRESHII,2277 Sheppard Ave W Unit-C2 M9M 0G6,likely_restaurant
10791247.0,FRESHII,140 Spadina Ave Unit-A102 M5V 2L4,likely_restaurant
10804217.0,FRESHII,3080 Yonge St None M4N 3N1,likely_restaurant
10824801.0,FRESHII,115 Humber College Blvd Unit-2 M9V 0A9,likely_restaurant
10832852.0,FRESHII,12 Richardson St None M5A 4J9,likely_restaurant
10839991.0,FRESHII,2032 Queen St E None M4L 1J4,likely_restaurant
10852857.0,FRESHII,170 Emmett Ave None M6M 2E6,likely_restaurant
10821257.0,FRESHLY SQUEEZED BUBBLE TEA,1530 Albion Rd Unit-F1 M9V 1B4,likely_restaurant
10821917.0,FRESHLY SQUEEZED BUBBLE TEA,65 Front St W Unit-432 M5J 1E6,likely_restaurant
10848874.0,FRESHSLICE,545 Sherbourne St Unit-4 M4X 1W5,ambiguous
10800088.0,FRESHSLICE PIZZA,744 King St W None M5V 1N3,likely_restaurant
10839721.0,FRESHSLICE PIZZA,115 Humber College Blvd Unit-5 M9V 0A9,likely_restaurant
10851249.0,FRESHSLICE PIZZA,2025 Yonge St None M4S 2A2,likely_restaurant
10858659.0,FRIDA'S MEXI-CAKES,1694 Eglinton Ave W None M6E 2H5,ambiguous
10779793.0,FRIDAY BURGER COMPANY,81 Bay St None M5E 1Z8,likely_restaurant
10797340.0,FRIDAY BURGER COMPANY,2162 DANFORTH AVE None M4C 1K3,likely_restaurant
10852649.0,FROM  THERE TO HERE,1344 DANFORTH AVE None M4J 1M9,ambiguous
10796158.0,FROM THERE TO HERE,17 ST JOHNS RD None M6P 1T7,ambiguous
10825671.0,FRUIT BURST JUICE AND  NUTRITION BAR,600 University Ave None M5G 1X5,likely_restaurant
10842262.0,FRUITLAND  MARKET,458 DANFORTH AVE None M4K 1P4,ambiguous
10772268.0,FU KEE BAO DIM FACTORY,27 Milliken Blvd D11 & D12 M1V 5H9,ambiguous
10788455.0,FU YAO SUPERMARKET,"8 GREYSTONE WALK DR, Unit-11 None M1K 5J2",likely_not_restaurant
10863431.0,FU-PANDA MAO CAI,428 Dundas St W None M5T 1G7,ambiguous
10805645.0,FUEGO'S HALAL KITCHEN (Crave Food Hub - K4) (Shared Kitchen),1275 Morningside Ave Unit-7 M1B 3W1,likely_restaurant
10841033.0,FUEGOS HK,980 Danforth Ave None M4J 1L9,ambiguous
10851659.0,FULL CUP CATERING,52 Carrier Dr Unit-9 M9W 5S5,likely_not_restaurant
10815314.0,FULL MOON CUISINE,10 Northtown Way Unit-105 M2N 7L4,likely_restaurant
10841150.0,FULL STOP COFFEE,2910 Dundas St W None M6P 1Y8,likely_restaurant
10854162.0,FULL STOP COFFEE,326 Harbord St None M6G 1H1,likely_restaurant
10854450.0,FULL-A-FLAVOUR KITCHEN INC.,1053 Midland Ave Unit-2 M1K 4G7,likely_restaurant
10795515.0,FUNDUK,"330 YONGE ST, Bldg-1 None M5B 1R8",ambiguous
10815194.0,FUNGO CAFE,800 King St W None M5V 3M7,likely_restaurant
10806303.0,FUNKEY'S DELICACIES,"4205 KEELE ST, Unit-3 None M3J 3T8",ambiguous
10829372.0,FUOCO MIO,521 Annette St None M6P 1S1,ambiguous
10836203.0,FURUSATO INTERNATIONAL,110 St George St None None,ambiguous
10852002.0,FUSETTES,407A Yonge St None M5B 1S9,ambiguous
10862001.0,FUSHUN STONE POT,482 Dundas St W None M5T 1G9,ambiguous
10857364.0,FUSIA ASIAN KITCHEN,1 Eglinton Sq Unit-153 M1L 2K1,likely_restaurant
10613268.0,FUTURA GRANITA AND GELATO,964 ST CLAIR AVE W None M6E 1A1,ambiguous
10823300.0,FUTURE SOCIAL,570 QUEEN ST W None M5V 2B5,ambiguous
10796692.0,FUWA FUWA,"1800 SHEPPARD AVE E, Unit-1093 None M2J 5A7",ambiguous
10859224.0,French Toast,196 Augusta Ave None M5T 2L6,ambiguous
10862962.0,Frida House by LOS CANTARITOS,1030 Gerrard St E None M4M 1Z5,ambiguous
10798826.0,Fukrey,1771 Albion Rd Unit-3-4 M9W 5S7,ambiguous
10810100.0,G & J WEST INDIAN GROCERY & KITCHEN,2502 EGLINTON AVE W None M6M 1T1,ambiguous
10806320.0,G CENTRAL MARKET,21 Royalcrest Rd Unit-2 - 3 M9V 2L6,ambiguous
10832177.0,G FOR GELATO,102 Crockford Blvd Unit-2 M1R 3C3,ambiguous
10790554.0,G MERCATO,440 DUFFERIN ST None M6K 2A3,ambiguous
10821053.0,G'S ISLAND JUICERY,1205 WESTON RD None M6M 4P6,likely_restaurant
10851004.0,GABBY'S GUILDWOOD,123 Guildwood Pkwy Unit-115 M1E 4V2,ambiguous
10860122.0,GAIMA RICE BOWL,5317 Yonge St None M2N 5R4,ambiguous
10851247.0,GALA CANADA CAFE & VARIETY,2083 Lawrence Ave W None M9N 1H7,ambiguous
10778726.0,GALATA TURKISH CAFE,5122 Dundas St W None M9A 1C2,likely_restaurant
9005876.0,GALE'S SNACK BAR,539 EASTERN AVE None M4M 1C6,likely_restaurant
10843266.0,GALERIA PILATES,998 Queen St E None M4M 1K1,likely_not_restaurant
10779997.0,GALLERIA SUPERMARKET,4950 Yonge St Unit-105 M2N 6K1,likely_not_restaurant
10804173.0,GALLERIA SUPERMARKET EXPRESS,2293 YONGE ST None M4P 2C6,likely_not_restaurant
10787505.0,GAME NIGHT SPORTS BAR,1347 DANFORTH RD None M1J 1G7,likely_restaurant
10862003.0,GAMTHI AUTHENTIC DESI FOOD,1555 O'Connor Dr None M4B 2V7,ambiguous
10860793.0,GARAGEM1675,1675 St Clair Ave W None M6N 1H9,ambiguous
10812799.0,GARCHA BROS MEAT SHOP & POULTRY,21 Rexdale Blvd Unit-4107 M9W 5Z3,ambiguous
10808120.0,GARDEN VARIETY,220 Yonge St None M5B 2H1,likely_not_restaurant
10846499.0,GARLICKY MEDITERRANEAN GRILL,896 Eglinton Ave W None M6C 2B6,likely_restaurant
10820693.0,GARRAFERIA,966 College St None M6H 1A5,ambiguous
10810060.0,GATEAU GHOST,974 College St None M6H 1A5,ambiguous
10493028.0,GATEWAY NEWSTAND 519,970 DIXON RD None M9W 1J9,ambiguous
9053772.0,GATEWAY NEWSTANDS,66 Wellington St W #20A M5X 1H6,ambiguous
10800779.0,GATEWAY NEWSTANDS,300 Borough Dr Bldg-4B M1P 4P5,ambiguous
10788762.0,GATHERINGS RESTO BAR,49 St Clair Ave W None M4V 1K6,likely_restaurant
10833919.0,GC BURGER,1734 Lawrence Ave E None M1R 2Y1,likely_restaurant
10805637.0,GELATEO CAFE,189 Danforth Ave None M4K 1N2,likely_restaurant
10839756.0,GELATERIA DOLCE MIA,36 Howard Park Ave Unit-143 M6R 0A5,ambiguous
10844965.0,GELATO ON THE DANNY,1980 DANFORTH AVE None M4C 1J6,ambiguous
10815483.0,GEMARO BAKERY,143 MAIN ST None M4E 2V9,likely_restaurant
10813834.0,GEMMA GELATERIA,1070 St Clair Ave W None M6E 1A5,ambiguous
10827038.0,GENERAL AN POTSTICKER,5317 Yonge St None M2N 5R4,ambiguous
10820322.0,GENERAL PUBLIC RESTAURANT,201 Geary Ave Bldg-- M6H 2C1,likely_restaurant
10802561.0,GENERAL STORE,4650 Eglinton Ave W None None,likely_not_restaurant
10829465.0,GENERAL STORE,203 Humber College Blvd None M9W 5L7,likely_not_restaurant
10772674.0,GENESIS IMPORT INC,"1181 FINCH AVE W, Unit-60 None M3J 2V8",ambiguous
10829985.0,GENUINE SOYA FOODS CO. LTD.,21 Milliken Blvd C7 M1V 5H6,ambiguous
10520600.0,GEORGE BROWN - ST. JAMES CAFETERIA,200 King St E None M5A 3W8,likely_restaurant
10807646.0,GEORGE R. GAULD JUNIOR SCHOOL,200 MELROSE ST None M8Y 1B7,likely_not_restaurant
10784147.0,GEORGE S. HENRY ACADEMY - STUDENT NUTRITION PROGRAM,"200 GRAYDON HALL DR, Rm-KITCHEN None M3A 3A6",likely_not_restaurant
9032401.0,GEORGE THE GREEK,3575 Lake Shore Blvd W None M8W 1P5,ambiguous
10848647.0,GEORGE'S NO FRILLS,720 Broadview Ave None M4K 2P1,likely_not_restaurant
10802284.0,GEORGES VANIER SECONDARY SCHOOL - Student Nutrition Program,3000 Don Mills Rd None M2J 3B6,likely_not_restaurant
10799487.0,GEORGIAN HOUSE AUTHENTIC RESTAURANT,1044 Finch Ave W None M3J 2E2,likely_restaurant
10839477.0,GEORGIAN HOUSE AUTHENTIC RESTAURANT,147 Spadina Ave None M5V 2L7,likely_restaurant
10840896.0,GG SUSHI,865 Bloor St W None M6G 1M4,likely_restaurant
10842653.0,GHEE SYMPHONY,545 KEELE ST None M6N 3E4,ambiguous
10844748.0,GHOST KITCHEN,500 Oriole Pkwy Unit-4 M5P 2H8,likely_restaurant
10821895.0,GIANNI'S GELATO,241 Queen St W None M5V 1Z4,ambiguous
10804249.0,GIANNI'S PASTA,877 PAPE AVE None M4K 3T9,ambiguous
10844063.0,GIG COIN LAUNDRY,"1375 DANFORTH RD, Unit-1 None M1J 1G7",ambiguous
10829645.0,GIGLI CAFE JUNCTION,3042 Dundas St W None M6P 1Z3,likely_restaurant
10772858.0,GIGLI CAFFE,399 Jane St None M6S 3Z6,ambiguous
10807995.0,GIL'S FISH & CHIPPERIE,220 Yonge St None M5B 2H1,ambiguous
9006100.0,GILDER CHILD CARE CENTRE,31 Gilder Dr None M1K 4P8,likely_not_restaurant
10815042.0,GIMBAP SHOP,11 Spring Garden Ave None M2N 3G1,ambiguous
10778749.0,GINGERMAN RESTAURANT,1104 VICTORIA PARK AVE None M4B 2K3,likely_restaurant
10863327.0,GINNY'S HOMEMADE,"105 VANDERHOOF AVE, Unit-8 None M4G 2H7",ambiguous
10772295.0,GINO'S PIZZA,91 Rylander Blvd Unit-12 M1B 5M5,likely_restaurant
10827071.0,GINO'S PIZZA AND WING MCHINE,681 MARKHAM RD None M1H 2A4,likely_restaurant
10807613.0,GIO CHA HUONG QUE,425 Eddystone Ave Unit-2 M3N 1H8,ambiguous
10853978.0,GIRAGI,486 Front St W None M5V 0V2,ambiguous
10844086.0,GLADIATOR BURGER,1020 Islington Ave Unit-15 M8Z 6A4,likely_restaurant
10781002.0,GLADIATOR BURGER & STEAK,1961 Kennedy Rd None M1P 5A2,likely_restaurant
10824280.0,GLEAM & SIP,215 Madison Ave None M5R 2S6,ambiguous
10813366.0,GLEDHILL  JUNIOR  PUBLIC SCHOOL-SNP,2 Gledhill Ave None M4C 5K6,likely_not_restaurant
10844720.0,GLEN EDEN FRUIT MARKET,2811A Bathurst St None M6B 3A4,ambiguous
10831008.0,GLENDALE HOUSE,85 Glendale Ave None M6R 2S8,ambiguous
10802219.0,GLENVIEW PRESBYTERIAN CHURCH - OUT OF THE COLD,1 GLENVIEW AVE None M4R 1P5,likely_not_restaurant
10835089.0,GLOBAL EATS (FOOD EMPORIUM),205 Humber College Blvd None M9W 5L7,likely_restaurant
10849064.0,GLOBAL HEALTH AND PEACE INSTITUTE,1852 Jane St None M9N 2T5,likely_not_restaurant
10802676.0,GLOBOL,17 Leslie St None M4M 3H9,ambiguous
10776866.0,GLOW AND REJOICE INITIATIVE,"4218 LAWRENCE AVE E, Unit-200 None M1E 4X9",ambiguous
10842205.0,GLUTEN FREE BY L' ARTISAN INC,835 Bloor St W None M6G 1M1,ambiguous
10798802.0,GO GRILL,267 COLLEGE ST None M5T 1R6,likely_restaurant
10831049.0,GO GRILL,"6464 YONGE ST, Unit-114 None M2M 3X4",likely_restaurant
10844750.0,GOD BLESS CANADA,1874 Wilson Ave None M9M 1A5,ambiguous
10831255.0,GOLCONDA,1519 Birchmount Rd None M1P 2H2,ambiguous
10794675.0,GOLDEN GECKO COFFEE,282 Jane St None M6S 3Z2,likely_restaurant
10856747.0,GOLDEN HORSESHOE BARBECUE,657 Dupont St None M6G 1Z4,ambiguous
10819086.0,GOLDEN PIZZA GEO,1201 Broadview Ave None M4K 2T1,likely_restaurant
10643857.0,GOLDEN SEA LOTTO & VARIETY,544 DUNDAS ST W None M5T 1H3,likely_not_restaurant
10839310.0,GOLDEN SPRING K CUISINE,4438 Sheppard Ave E Unit-211 M1S 5V9,likely_restaurant
10794045.0,GOLDEN STAR,3685 Keele St Unit-6 M3J 3H6,ambiguous
10782209.0,GOLDEN STAR RESTAURANT,"1690 JANE ST, Unit-B None M9N 2S4",likely_restaurant
10823315.0,GOLDEN STOVE RESTAURANT,2418 Lake Shore Blvd W None M8V 1C4,likely_restaurant
10824709.0,GOLDEN SUPPLIES,9 Royalcrest Rd Unit-1-2 M9V 2L6,ambiguous
10808102.0,GOLDENFIELD BREWERY,71 SUNRISE AVE None M4A 1A9,likely_restaurant
10851077.0,GOLDSTRUCK,25 Carlton St Unit-C M5B 1L2,ambiguous
10807506.0,GOLDSTRUCK COFFEE,133 Richmond St W Unit-103 M5H 2L3,likely_restaurant
10773676.0,GONG CHA,1918 QUEEN ST E None M4L 1H5,ambiguous
10803497.0,GONG CHA,49 East Liberty St Unit-1 M6K 0A7,ambiguous
10852591.0,GONG CHA,5435 Dundas St W Unit-9 M9B 1B5,ambiguous
10798073.0,GONG CHA ARIRANG HOTDOG,320 Wilson Ave None M3H 1S8,ambiguous
10788654.0,GONG CHA DAVISVILLE,2027 Yonge St None M4S 2A2,ambiguous
10805613.0,GOOD BEHAVIOUR,335 Queen St W None M5V 2A4,ambiguous
10775380.0,GOOD BROTHERS BBQ,478 Dundas St W None M5T 1G9,likely_restaurant
10800046.0,GOOD BROTHERS BBQ,472 Dundas St W None M5T 1G9,likely_restaurant
10808547.0,GOOD CATCH CAFE,1800 Sheppard Ave E Unit-1100 M2J 5A7,likely_restaurant
10798071.0,GOOD COMPANY,498 Queen St W None M5V 2B3,ambiguous
10777199.0,GOOD EARTH COFFEEHOUSE,8 Wellesley St E None M4Y 3B2,likely_restaurant
10788714.0,GOOD FOOD CENTRE - TMSU,55 Gould St Unit-B03 M5B 1E9,ambiguous
10846234.0,GOOD GANG ICE CREAM,"656 ANNETTE ST, Unit-101 None M6S 2C6",likely_restaurant
9006308.0,GOOD MAN CHINESE NATURAL HERBS AND FOODS CO,"222 SPADINA AVE, Unit-102C None M5T 3B3",ambiguous
10793047.0,GOOD MORNING FRIENDS,5050 Dufferin St Unit-124 M3H 5T5,ambiguous
10799468.0,GOOD SHELTER FOOD COMPANY/ FOOD SQUAD,985 Pape Ave None M4K 3V6,likely_not_restaurant
10782634.0,GOOD TIMES,892 ST CLAIR AVE W None M6C 1C5,ambiguous
10829708.0,GOOD VIBES GRILL,203 Humber College Blvd None M9W 5L7,likely_restaurant
10823062.0,GOOD VIBES GRILL (FOOD EMPORIUM),205 Humber College Blvd None M9W 5L7,likely_restaurant
10808148.0,GOODIEBAG/ROYA'S CHICKEN WRAPS,556 Mount Pleasant Rd None M4S 2M6,likely_restaurant
10812344.0,GOODMARK FOOD,2111 Finch Ave W None M3N 1N1,ambiguous
10806299.0,GOOGLE TORONTO HIVE,65 King St E None M5C 0C1,ambiguous
10838396.0,GORKHA PALACE,1 Oak St Unit-4 M5A 0A1,ambiguous
10861458.0,GOROS,"30 BERTRAND AVE, Unit-113B None M1L 2P5",ambiguous
10813923.0,GOROS CONVENIENCE,"3785 KINGSTON RD, Unit-B5 None M1J 3M4",likely_not_restaurant
10789973.0,GRABB A PIZZA,2428 Islington Ave Unit-108 M9W 3X8,likely_restaurant
10859153.0,GRACE BAKERY INC,208 Oakdale Rd None M3N 2S5,likely_restaurant
10832094.0,GRACE CONVENIENCE,2525 PHARMACY AVE None M1W 2K2,likely_not_restaurant
10834782.0,GRACE CRC MCCOWAN FOOD BANK,25 Channel Nine Crt EAST ENTRANCE M1S 4B5,likely_not_restaurant
10799446.0,GRAINATION,204 Spadina Ave Unit-BSMT M5T 2C2,ambiguous
10811817.0,GRAM'S PIZZA,1640 DUPONT ST None M6P 3T2,likely_restaurant
10841680.0,GRAND BARGAIN JUNCTION GARDENS,2938 DUNDAS ST W None M6P 1Y8,ambiguous
10803781.0,GRAND BAZAAR TURKISH CUISINE,3354 Keele St None M3J 1L5,likely_restaurant
10821999.0,GRANDMA KITCHEN,416 Spadina Ave None M5T 2G7,likely_restaurant
10810566.0,GRANDMA LOVES YOU,40 St Clair Ave W Unit-101 M4V 1M2,ambiguous
10845768.0,GRANDMA LOVES YOU,846 SHEPPARD AVE W None M3H 2T5,ambiguous
10840800.0,GRANDMA LOVES YOU (JUNCTION),"545 KEELE ST, Unit-118 None M6N 3E4",ambiguous
10781628.0,GRAPE WITCHES,1247 Dundas St W None M6J 1X6,ambiguous
10830256.0,GRAPE WITCHES,497 Richmond St W Unit-R2 None,ambiguous
10842476.0,GRAYS,1514 DUNDAS ST W None M6K 1T5,ambiguous
10793747.0,GRAYSON'S RUSTIC BAKERY,1672 Kingston Rd None M1N 1S5,likely_restaurant
10823773.0,GREEDY GOOSE KITCHEN & BAR,803 King St W None M5V 1N4,likely_restaurant
10821693.0,GREEK FREAK,424 Wilson Ave None M3H 1S9,ambiguous
10808961.0,GREEK MANSION,5651 Steeles Ave E Unit-10 M1V 5P6,ambiguous
10791005.0,GREEK TAVERNA,3080 Bloor St W None M8X 1C8,likely_restaurant
10852348.0,GREEK THEATRE (GUILD PARK AND GARDEN),201 GUILDWOOD PKWY None M1E 1P6,ambiguous
10852005.0,GREELZ ON BLOOR,2100 Bloor St W Unit-5 M6S 5A5,ambiguous
10781570.0,GREEN BAMBOO VIETNAMESE CUISINE,1266 BLOOR ST W None M6H 1N8,likely_restaurant
10832361.0,GREEN BOX EXPRESS,180 Queen St W Unit-101 M5V 1Z1,ambiguous
10812116.0,GREEN MART,1962 DANFORTH AVE None M4C 1J6,likely_not_restaurant
10810266.0,GREENBOX,151 Yonge St None M5C 2W7,ambiguous
10808374.0,GREENDALE DRUGS,"166 CARLTON ST, Bldg-GR FLR None M5A 2K5",ambiguous
10790338.0,GREENWOOD MARKET,1258 Danforth Ave None M4J 1M6,ambiguous
10775140.0,GREENWOOD STUDENT NUTRITION,800 GREENWOOD AVE None M4J 4B7,likely_not_restaurant
10844954.0,GRENOBLE PUBLIC SCHOOL,9 Grenoble Dr None M3C 1C3,likely_not_restaurant
10807073.0,GRETA YYZ,582 King St W BSMT AND 1ST M5V 1M3,ambiguous
10782545.0,GREY GARDENS,199 Augusta Ave None M5T 2L4,ambiguous
10858725.0,GREY MATLOCK BAKERY,1770 Albion Rd Unit-41 M9V 1C2,likely_restaurant
10840182.0,GRILL GATE,4907 Yonge St None M2N 5N4,likely_restaurant
10788605.0,GRILLIES,4905 Yonge St None M2N 5N4,likely_restaurant
10796436.0,GRILLIES,3075 Bloor St W None M8X 1C7,likely_restaurant
10847062.0,GRILLIES ON QUEEN STREET,1468 Queen St W Bldg-- M6K 1M4,likely_restaurant
10778648.0,GRILLWAY SUBS & BURGERS,522 Annette St None M6P 1S3,likely_restaurant
10850050.0,GROOVE PILATES & WELLNESS BAR,2532 Yonge St None M4P 2H7,ambiguous
10803247.0,GROUND CONTROL,1279 QUEEN ST W None M6K 1L6,ambiguous
10775825.0,GRUB HAUL,175 Wynford Dr None M3C 0C6,ambiguous
10832659.0,GUAC MEXI GRILL,436 Church St Unit-B M5B 2A4,likely_restaurant
10815327.0,GUD DAAE,2461 Lake Shore Blvd W None M8V 1C5,ambiguous
10828101.0,GUELAGUETZA RESTAURANT & GRILL,1742 Jane St Bldg-- M9N 2S9,likely_restaurant
10775830.0,GULLY,521 Bloor St W None M5S 1Y4,ambiguous
10793703.0,GUNGUN RICE NOODLE,565 Yonge St None M4Y 1Z2,likely_restaurant
10836712.0,GURBAZ FRUIT & VEGETABLES INC.,"6 SONIC WAY, Unit-2406 None M3C 0P1",ambiguous
10858724.0,GURSHA,1719 EGLINTON AVE W None M6E 2H4,ambiguous
10847711.0,GUS TACOS,1955 Queen St E None M4L 1H7,likely_restaurant
10780717.0,GUS TACOS,270 Browns Line None M8W 3T5,likely_restaurant
10798150.0,GUS TACOS,1028 Bloor St W None M6H 1M2,likely_restaurant
10808198.0,GUS TACOS,486 Front St W Unit-WM33 M5V 0V2,likely_restaurant
10850585.0,GUS TACOS,3185 Yonge St None M4N 2K9,likely_restaurant
10818794.0,GUSTO GELATO,2919 Dufferin St None M6B 3S7,ambiguous
10846099.0,GUWOO GRAINS NOODLES,167 Ravel Rd None M2H 1T1,likely_restaurant
10826093.0,GWALIA SWEETS AND RESTAURANT,1960 Ellesmere Rd Bldg-1 M1H 2V9,likely_restaurant
10794466.0,GYM & JUICE,775 The Queensway Bldg-- M8Z 1N1,ambiguous
10859646.0,GYROS PIZZA FUSION,3541 St Clair Ave E None M1K 1L6,likely_restaurant
10803450.0,GYUKI,388 Queen St W Unit-388 M5V 2A6,ambiguous
10776641.0,Galata Dine-In,940 Danforth Ave None M4J 1L9,ambiguous
10798921.0,Gyodong Restaurant,694 Bloor St W None M6G 1L4,likely_restaurant
10836518.0,Gyoza & Go,3 Wellesley St W Bldg-1 M4Y 1E8,ambiguous
10850755.0,H MART,499 Garyray Dr None M9L 1P9,likely_not_restaurant
10791196.0,H-HABESHA FRESH MARKET &GROCERY,2296 Eglinton Ave E None M1K 2M2,ambiguous
10842070.0,HABIBIQ,"2000 LAWRENCE AVE E, Unit-4 None M1R 2Z1",ambiguous
10842611.0,HABIBZ CORNER,578 Queen St W None M5V 2B5,ambiguous
10855582.0,HABIBZ CORNER,356 Queen St E None M5A 1T1,ambiguous
10802025.0,HABIBZ CORNER FUSION STREET FOOD,1806 Jane St None M9N 2T3,ambiguous
10809972.0,HADRIEN PATISSERIE,709 The Queensway None M8Y 1L2,ambiguous
10814780.0,HAIDA SANDWICH,2417 Yonge St None M4P 2E7,likely_restaurant
10856201.0,HAILED COFFEE,112 Elizabeth St Unit-2 M5G 1P5,likely_restaurant
10783440.0,HAJIME JAPANESE RESTAURANT,2209 Queen St E None M4E 1E8,likely_restaurant
10789718.0,HAKKA COTTAGE RESTAURANT,820 Markham Rd Unit-4 M1H 2Y2,likely_restaurant
10860750.0,HAKKA DYNASTY,2141 Kipling Ave Bldg-10A M9W 4K8,ambiguous
10804010.0,HAKKA ELEVEN ASIA AND CARIBBEAN CUISINE,2873 Lawrence Ave E Unit-2 M1P 2S8,likely_restaurant
10861027.0,HAKKA KHAZANA RESTAURANT,2003 Avenue Rd None M5M 4A5,likely_restaurant
10806382.0,HAKKA NO.1 RESTAURANT,2584 Finch Ave W None M9M 2G3,likely_restaurant
10830672.0,HAKKA PALACE,62 Overlea Blvd Unit-8 M4H 1C4,ambiguous
10849496.0,HAKKA PAVILION,31 Tapscott Rd Unit-T58A M1B 4Y7,ambiguous
10793445.0,HAKKA RISE AND MOMO HUB,"4286 KINGSTON RD, Unit-5 None M1E 2M8",ambiguous
10813342.0,HAKKA WOK HEI,371 Roncesvalles Ave None M6R 2M8,ambiguous
10811313.0,HAKKALAND,4549 Kingston Rd Unit-A M1E 2P1,ambiguous
10863749.0,HAKU IZAKAYA,168 Major St None M5S 2L3,ambiguous
10805205.0,HALAL MEALS,103 Manville Rd None M1L 4H9,ambiguous
10840286.0,HALE COFFEE,1 Adelaide St E Unit-110 M5C 2V9,likely_restaurant
10821569.0,HALE COFFEE COMPANY,2149 Yonge St Unit-101 None,likely_restaurant
10819640.0,HALIBUT HOUSE FISH & CHIPS,2814 Lake Shore Blvd W Unit-1 M8V 1H7,ambiguous
10803249.0,HALIBUT HOUSE FISH AND CHIPS,2151 St Clair Ave W Unit-103 M6N 1K5,ambiguous
10836755.0,HAMONIÉ CAFE,55 Town Centre Crt Unit-110 M1P 4X4,likely_restaurant
10758001.0,HAMOV FINE FOOD,3350 DUFFERIN ST None M6A 3A4,ambiguous
10830120.0,HAN BA TANG,4862 YONGE ST None M2N 5N2,ambiguous
10841536.0,HAN KKI,1170 Queen St W None M6J 1J5,ambiguous
10782820.0,HANA DON JAPANESE CUISINE,130 Dundas St W Bldg-103 M5G 1C3,likely_restaurant
10804256.0,HANA RAMEN,1024 Gerrard St E None M4M 1Z5,likely_restaurant
10795691.0,HANBINGO,397 Spadina Ave None M5T 2G6,ambiguous
10372221.0,HANLAN 1,1 CENTRE ISLAND PK None None,ambiguous
10848000.0,HANOI BITES,499 Richmond St W None None,ambiguous
10806415.0,HAO YUN INC.,3833 Midland Ave Unit-9E M1V 5L6,ambiguous
10863377.0,HAPPY BURGER,689 Queen St E None M4M 1G6,likely_restaurant
10847805.0,HAPPY CONVENIENCE,1468 Victoria Park Ave Unit-2 M4A 2M2,likely_not_restaurant
10809754.0,HAPPY MEAT MARKET,"25 MILLIKEN BLVD, Unit-A21 None M1V 5H8",ambiguous
10807997.0,HAPPY TANGLE,220 Yonge St None M5B 2H1,ambiguous
10788061.0,HAPPY VALLEY VILLAGE,3700 MIDLAND AVE None M1V 4V3,ambiguous
10811571.0,HAPPYLAND LEARNING CENTRE,225 Gosford Blvd None M3N 2Z5,ambiguous
10840610.0,HARBOUR CASTLE - MAIN KITCHEN,1 Harbour Sq None M5J 1A6,likely_restaurant
10839099.0,HARBOUR CLUB,"77 HARBOUR SQ, Flr-10 None M5J 2S2",ambiguous
10822548.0,HARBOUR COFFEE BAR,1 Harbour Sq None M5J 1A6,likely_restaurant
10843321.0,HARBOURFRONT CAFE 2025,1 YONGE ST None M5E 1E5,likely_restaurant
10834321.0,HARIHAR THAL,"6230 FINCH AVE W, Bldg-A102-103 None M9V 0A1",ambiguous
10845394.0,HARLEM RESTAURANT,745 QUEEN ST W None M6J 1G1,likely_restaurant
10792018.0,HARMONY COMMONS DINING HALL,3300 Ellesmere Rd None M1C 1G9,ambiguous
10820076.0,HARMONY HOT POT,"633 SILVER STAR BLVD, Unit-110-111 None M1V 5N1",likely_restaurant
10843184.0,HAROO KOREAN RESTAURANT,3858 Bloor St W None M9B 1L1,likely_restaurant
10804174.0,HARRY'S  CHARBROILED,255 Coxwell Ave None M4L 3B5,ambiguous
10815986.0,HARRY'S CHARBROILED,497 Richmond St W Unit-K25 None,ambiguous
10785662.0,HART & ZIEL,100 Symes Rd Unit-112 M6N 3T1,ambiguous
10832281.0,HARTMANS,3500 Bathurst St None M6A 2C6,ambiguous
10849480.0,HARVEST CLEAN EATS,65 Front St W None M5J 1E6,likely_restaurant
10787193.0,HARVEY'S,2990 Eglinton Ave E None M1J 2E7,likely_restaurant
10787608.0,HARVEY'S,805 The Queensway None M8Z 1N6,likely_restaurant
10816235.0,HARVEY'S,10 Dundas St E Unit-337 M5B 2G9,likely_restaurant
10836097.0,HARVEY'S,75 Hanna Ave Unit-3 M6K 3N7,likely_restaurant
10800580.0,HARVEY'S,2150 Bloor St W None M6S 1M8,likely_restaurant
10777918.0,HARVEY'S (#2250),278 Jarvis St None M5B 2C5,likely_restaurant
10771543.0,HASTY MARKET,1613 Bloor St W None M6P 1A6,ambiguous
10805799.0,HASTY MARKET,666 Burnhamthorpe Rd 12 M9C 2Z4,ambiguous
10818824.0,HASTY MARKET,2122 Queen St E None M4E 1E3,ambiguous
10820236.0,HASTY MARKET,167 Church St Unit-7 M5B 1Y6,ambiguous
10850053.0,HASTY MARKET,5126 Dundas St W None M9A 1C2,ambiguous
10817695.0,HATAY KEBAB HOUSE,2762 Keele St None M3M 2G2,likely_restaurant
10813971.0,HAVEN BREWS,222 Finch Ave W Unit-101-102 M2R 1M6,ambiguous
10848190.0,HAWA BEIRUT,466 Adelaide St E None M5A 1N4,ambiguous
10830515.0,HAY SUSHI,15-17 Spring Garden Ave Unit-4-5 M8Z 3W8,likely_restaurant
10828491.0,HAYAL KURDISH CIGKOFTE RESTAURANT,860 Wilson Ave None M3K 1E5,likely_restaurant
10846104.0,HAYDN'S,28 Bathurst St Unit-5-105 None,ambiguous
10830512.0,HAYMISHE BAKERY,3031 BATHURST ST None M6B 3B5,likely_restaurant
10806595.0,HAZEL'S DINER,3401 Yonge St None M4N 2M8,likely_restaurant
10806788.0,HAZUKIDO,"1800 SHEPPARD AVE E, Unit-CRU 1096 None M2J 5A7",ambiguous
10798264.0,HAZUKIDO UNION STATION,65 Front St W None M5J 1E6,ambiguous
10846300.0,HE  HE LONG,111 Ravel Rd None M2H 1T1,ambiguous
10806810.0,HEAL  WELLNESS,1938 QUEEN ST E None M4L 1H6,likely_not_restaurant
10782099.0,HEAL WELLNESS,705 College St None M6G 1C2,likely_not_restaurant
10825561.0,HEAL WELLNESS,577 St Clair Ave W None M6C 1A3,likely_not_restaurant
10840814.0,HEAL WELLNESS,1819 Avenue Rd None M5M 3Z4,likely_not_restaurant
10832080.0,HEAL WELLNESS - LETTUCE LOVE CAFE,2241 Bloor St W None M6S 1N7,ambiguous
10794408.0,HEALTHY PLANET,555 COLLEGE ST None M6G 1A9,ambiguous
10796002.0,HEALTHY PLANET,322 Yonge St Bldg-1 M5B 1R8,ambiguous
10806292.0,HEALTHY PLANET,994 Islington Ave None M8Z 4P8,ambiguous
10849835.0,HEALTHY PLANET - EAST SCARBOROUGH,"3495 LAWRENCE AVE E, Unit-6 None M1H 1B3",ambiguous
10856930.0,HEALTHY7,50 Weybright Crt Unit-34 M1S 5A8,ambiguous
10849686.0,HEART BROKEN CANTINA,1635 Lawrence Ave W Unit-8 M6L 3C9,ambiguous
10803694.0,HEARTBREAK CHEF,170 Baldwin St None M5T 1L8,ambiguous
10817357.0,HEATHER'S KITCHEN,2700 Dufferin St Unit-13 M6B 4J3,likely_restaurant
10845511.0,HEAVEN FINE FOODS,30 Baywood Rd Unit-12 M9V 3Z2,ambiguous
10828729.0,HEFFY'S FRIED CHICKEN,1054 Kingston Rd None M1N 1N4,likely_restaurant
10837910.0,HEJA BUTCHER SHOP,921 Sheppard Ave W None M3H 2T7,likely_not_restaurant
10818885.0,HELLO NORI,650 King St W None M5V 1M7,ambiguous
10838551.0,HELLO NORI,70 York St None M5J 1S9,ambiguous
10801014.0,HELLO WINGS + PIZZA,585 Middlefield Rd Unit-18 M1V 4Y5,likely_restaurant
10854019.0,HEM KITCHEN & CAFE,4401 Sheppard Ave E None M1S 1T9,likely_restaurant
10787259.0,HEM SOCIAL,1424 Dundas St W None M6J 1Y5,ambiguous
10840201.0,HENRY'S CONVENIENCE,1207 WESTON RD None M6M 4P6,likely_not_restaurant
10808851.0,HERAT DRY FRUIT,1921 EGLINTON AVE E None M1L 2L6,ambiguous
10856116.0,HERCS NUTRITION,180 Queens Plate Dr Bldg-14-A M9W 6Y9,ambiguous
10807112.0,HERMIE'S DINER,1595 Bayview Ave None M4G 3B5,likely_restaurant
10829323.0,HERO BURGERS,318 Burnhamthorpe Rd None M9B 2A1,likely_restaurant
10789000.0,HERO CERTIFIED BURGERS,1397 YONGE ST None M4T 1Y4,likely_restaurant
10791787.0,HERO CERTIFIED BURGERS,720 King St W Unit-150 M5V 2T3,likely_restaurant
10844550.0,HERO CERTIFIED BURGERS,6015 Steeles Ave E Unit-103 None,likely_restaurant
10850423.0,HERO CERTIFIED BURGERS,77 WELLESLEY ST E None M4Y 1H7,likely_restaurant
10857541.0,HERO DUMPLING,437 YONGE ST None M5B 1T3,ambiguous
10779656.0,HERO TEA,5285 Yonge St None M2N 5R3,likely_restaurant
10803780.0,HERO TEA,670 Yonge St None M4Y 2A6,likely_restaurant
10804884.0,HERON RESTAURANT,"3008 BLOOR ST W, Unit-A None M8X 1C2",likely_restaurant
10801800.0,HES LOUNGE,550 Queens Quay  W Unit-12 M5V 3M8,ambiguous
10773876.0,HEY I AM YOGOST,3250 Midland Ave Unit-G116 M1V 4W9,ambiguous
10839066.0,HEY TEA,3290 Midland Ave Unit-9 M1V 3Z9,likely_restaurant
10804637.0,HEYDON PARK SECONDARY SCHOOL,70 D'Arcy St None M6J 2C2,likely_not_restaurant
10836046.0,HEYTEA TORONTO,505 Yonge St Unit-6 M4Y 1Y3,ambiguous
10853823.0,HI BOWL,517 Yonge St Unit-2 M4Y 1Y3,ambiguous
10848391.0,HI CHEF,"105 VANDERHOOF AVE, Unit-8 None M4G 2H7",ambiguous
10846219.0,HI HOI TOD/THE GLUAY,496 Yonge St None M4Y 1X9,ambiguous
10851751.0,HI YOGURT,2395 Don Mills Rd None M2J 0H5,ambiguous
10775638.0,HIGH NOTES COFFEE + VINYL,2057 Dundas St W None M6R 1W8,likely_restaurant
10801535.0,HIGH PARK EARLY LEARNING CENTRE,17 High Park Ave None M6P 2R5,ambiguous
10820097.0,HIGH PARK ESPRESSO,2133 Bloor St W None M6S 1N2,ambiguous
10806101.0,HIGHBELL GROUP,335 QUEEN ST W None M5V 2A4,ambiguous
10815539.0,HIGHLAND HEIGHTS JR PUBLIC SCHOOL - SNP,35 Glendower Crct None M1T 2Z3,likely_not_restaurant
10810720.0,HIGHLAND MIDDLE SCHOOL STUDENT NUTRITION PROGRAM,201 CLIFFWOOD RD None M2H 3B5,likely_not_restaurant
10850055.0,HIGHLAND MOMO,2267 Islington Ave None M9W 3W7,ambiguous
10844199.0,HIGHLY LIKELY COFFEE,1189 Queen St W 5 M6J 1J4,likely_restaurant
10805495.0,HILLCREST COMMUNITY FOOD BANK,2 VAUGHAN RD None M6G 2N1,likely_not_restaurant
10861095.0,HIMAGAS TORONTO,369 Wilson Ave None M3H 1T3,ambiguous
10813413.0,HIMALAYANMOMO HOUSE,2655 YONGE ST None M4P 2J6,ambiguous
10854283.0,HIN SUSHI CHANXIAOGUAN,5661 Steeles Ave E Unit-5 M1V 5P6,likely_restaurant
10864119.0,HITCHING RING - RAWF 2025,45 MANITOBA DR None M6K 3C3,ambiguous
10799438.0,HITOTOKI BAKERY,25 Carlton St Unit-D M5B 1L2,likely_restaurant
10784479.0,HIYA SCONE & COFFEE,1389 Dundas St W None M6J 1Y4,likely_restaurant
10795752.0,HK GARDEN,"8 GLEN WATFORD DR, Unit-G6 None M1S 2C1",ambiguous
10812134.0,HODGSON MIDDLE SCHOOL STUDENT NUTRITION PROGRAM,529 Vaughan Rd None M6C 2R1,likely_not_restaurant
10835355.0,HOKKAIDO RAMEN SANTOUKA,3280 Midland Ave Unit-23 M1V 4W9,likely_restaurant
10780592.0,HOKUBU RAMEN,2250 Queen St E None M4E 1G2,likely_restaurant
10836859.0,HOLI TACO,1636 Queen St E Unit-A M4L 1G3,likely_restaurant
10808497.0,HOLIDAY INN EXPRESS,50 Estate Dr None M1H 2Z1,ambiguous
10832221.0,HOLIDAY INN EXPRESS,30 Norfinch Dr None M3N 1X1,ambiguous
10777243.0,HOLIDAY INN EXPRESS & SUITES,25 INTERNATIONAL BLVD None M9W 6H3,ambiguous
10818964.0,HOLMPEI CAFE  BISTRO,122 Dundas St W Bldg-1 M5G 1C3,likely_restaurant
10828400.0,HOLY ANGELS CCC,65 Jutland Rd Bldg-- M8Z 2G6,ambiguous
10769856.0,HOLY CHILD CATHOLIC SCHOOL (STUDENT NUTRITION PROGRAM),850 Humberwood Blvd None M9W 7A6,likely_not_restaurant
10863723.0,HOLY NAME CATHOLIC SCHOOL- SNP - AM,690 CARLAW AVE None M4K 3K9,likely_not_restaurant
10802865.0,HOLY ROSARY PARISH CATHOLIC CHURCH-COMMUNITY KITCHEN,354 St Clair Ave W Bldg-356 M5P 1N4,ambiguous
10811851.0,HOLY SHAKES,2200 Islington Ave Unit-4106 M9W 3W5,ambiguous
10820225.0,HOLY SHAKES,"5651 STEELES AVE E, Unit-6 None M1V 5P6",ambiguous
10834004.0,HOLY WISDOM FOOD BANK AT BRIMLEY AND LAWRENCE,776 BRIMLEY RD None M1J 1C6,likely_not_restaurant
10861291.0,HOME OF TASTE,"4800 LESLIE ST, Unit-108 None M2J 2K9",ambiguous
10807417.0,HOMES FIRST SOCIETY  50 EARL ST,50 Earl St None M4Y 1M3,ambiguous
10852772.0,HOMESTRETCH (HOOF BEATS) KITCHEN,555 REXDALE BLVD None M9W 7G3,likely_restaurant
10852774.0,HOMESTRETCH BAR,555 Rexdale Blvd None M9W 7G3,likely_restaurant
10852773.0,HOMESTRETCH GRILL,555 Rexdale Blvd None M9W 7G3,likely_restaurant
10808684.0,HOMETOWN ROAD,66 Wellington St W Unit-0063C M5X 1H6,ambiguous
10811390.0,HONESTLY GOOD CHICKEN FINGERS,486 Front St W Unit-WM26 M5V 0V2,likely_restaurant
10824095.0,HONESTLY GOOD CHICKEN FINGERS,25 The West Mall Bldg-26 M9C 1B8,likely_restaurant
10857880.0,HONEY CHINESE (PORTLAND SQUARE - 3rd FL.),600 King St W None M5V 1M3,ambiguous
10846087.0,HONEY GLAZED HAMS,100 Westmore Dr Unit-1 M9V 5C3,ambiguous
10854954.0,HONEY TROVE,"4438 SHEPPARD AVE E, Unit-175 None M1S 5V9",ambiguous
10832239.0,HONEYS ICE CREAM,"46 NOBLE ST, Unit-107 None M6K 2C9",likely_restaurant
10856752.0,HONGKONG NOODLE,30 Eglinton Ave E None M4P 1A6,likely_restaurant
10808555.0,HOOKY'S FISH & CHIPS,486 Front St W Unit-WM M5V 0V2,ambiguous
10852993.0,HOOPS SPORTS BAR & GRILL,131 Bremner Blvd None M5J 3A7,likely_restaurant
10859156.0,HOPSCOTCH MONTESSORI CANADA,55 St Clair Ave W Unit-110 M4V 2Y7,ambiguous
10805016.0,HOT DOG CART #1015,1 FRONT ST W None M5J 2X5,ambiguous
10812660.0,HOT DOG CART #1385,5697 YONGE ST None M2M 3T9,ambiguous
10782763.0,HOT HOT RICE NOODLE,183 Dundas St W None M5G 1C7,likely_restaurant
10802690.0,HOT PORK,932 Dundas St W None M6J 1W3,ambiguous
10854896.0,HOT POT CARIBBEAN CUISINE,98 Crockford Blvd Rm-98 M1R 3C3,likely_restaurant
10772810.0,HOT POT CATERING SERVICES,425 Eddystone Ave Bldg-- M3N 1H8,ambiguous
10799361.0,HOT POT RESTAURANT,1545 Eglinton Ave W None M6E 2G7,likely_restaurant
10781799.0,HOT WOK,7 Progress Ave Unit-5 M1P 5A3,ambiguous
10824152.0,HOTEL X - BANQUET KITCHEN - 28TH FL,111 Princes Blvd None M6K 3C3,ambiguous
10824154.0,HOTEL X - BANQUET KITCHEN - 3RD FL4,111 Princes Blvd None M6K 3C3,ambiguous
10824150.0,HOTEL X - CAFE X - 2ND FL,111 Princes Blvd None M6K 3C3,likely_restaurant
10824149.0,HOTEL X - ROOM SERVICES KITCHEN,111 Princes Blvd None M6K 3C3,likely_restaurant
10824128.0,HOTEL X - TERRACE BAR - 4TH FL,111 PRINCES BLVD None M6K 3C3,likely_restaurant
10797526.0,HOU KEE CHINESE BISTRO,5 Northtown Way Unit-7 M2N 7A1,likely_restaurant
10855282.0,HOUSE OF MCGRATH,75 Victoria St None M5C 2B1,ambiguous
10861944.0,HOUSE OF MOSES,168 BALDWIN ST None M5T 1L8,ambiguous
10852397.0,HOUSE OF NIZAMS,1163 Ellesmere Rd Unit-6 M1P 2X6,ambiguous
10819894.0,HOUSE OF SNOOKER,2789 LAKE SHORE BLVD W None M8V 1H4,ambiguous
10814710.0,HOYRA,1566 Bloor St W None M6P 1A4,ambiguous
10851825.0,HQ COLD STORAGE INC.,"330 FINCHDENE SQ, Unit-B None M1X 1A5",likely_not_restaurant
10839677.0,HSU'S SEAFOOD,41-43 Baldwin St None M5T 1L1,ambiguous
10854003.0,HUA HIN THAI FOOD,383 Jane St None M6S 3Z3,ambiguous
10844218.0,HUDA RESTAURANT,4035 Gordon Baker Rd None M1W 2P3,likely_restaurant
10665984.0,HUDSON,1 ISLAND AIRPORT None M5V 1A1,ambiguous
10861016.0,HUJRA RESTAURANT,805 BRIMLEY RD None M1J 1C9,likely_restaurant
10840706.0,HUMAN INTACT SERVICES,2549 EGLINTON AVE W None M6M 1T2,ambiguous
10782143.0,HUMBER MEADOWS LONG TERM CARE (KITCHEN and SERVERIES),2109 Finch Ave W None None,ambiguous
10812620.0,HUMBER VALLEY GOLF COURSE,40 Beattie Ave None M9W 2M3,ambiguous
10846868.0,HUMBER VALLEY TERRACE LONG-TERM CARE HOME,95 Humber College Blvd None M9V 5B5,ambiguous
10840684.0,HUMBLE DONKEY,60 York St None M5J 1S8,ambiguous
10859597.0,HUNANESE FUSION CUISINE,"633 SILVER STAR BLVD, Unit-109 None M1V 5N1",likely_restaurant
10775891.0,HUNTER'S HUT,2574 Birchmount Rd None M1T 2M5,ambiguous
10817874.0,HURRY CURRY,200 Front St W Unit-F010 M5V 3K2,likely_restaurant
10853973.0,OVY WELLNESS,"105 VANDERHOOF AVE, Unit-8 None M4G 2H7",likely_not_restaurant
10775463.0,HUTCHIE CATERING AND CARIBBEAN RESTAURANT,146 Main St None M4E 2V8,ambiguous
10799742.0,HUY-KY,1046 Gerrard St E None M4M 1Z8,ambiguous
10862510.0,HYATT PLACE TORONTO AIRPORT HOTEL - THE PLACERY,33 CARLSON CRT None M9W 6H5,ambiguous
10840198.0,HYATT REGENCY TORONTO - MAIN KITCHEN,370 King St W None M5V 1J9,likely_restaurant
10807879.0,HYDERABAD CAFE,2606 EGLINTON AVE E None M1K 2R9,likely_restaurant
10783584.0,HYDERABAD EXPRESS,234 PARLIAMENT ST None M5A 3A4,ambiguous
10787686.0,HYDERABADI WRAPS,40 ST GEORGE ST None M5S 2E4,ambiguous
10786914.0,HYPE BBQ,3330 Pharmacy Ave Unit-K M1W 3V8,likely_restaurant
10834509.0,HYPER BERRY,949 ST CLAIR AVE W None M6C 1C7,ambiguous
10534098.0,Hope Centre,110 Empringham Dr Unit-214 M1B 4A5,ambiguous
10832168.0,I AM DONER,"4841 YONGE ST, Unit-200 None M2N 5X2",ambiguous
10793134.0,I DEAL ON THE PARK,250 Sorauren Ave None M6R 2G2,ambiguous
10816405.0,I LOVE CHURROS (MARINA),235 Queens Quay  W None M5J 2G8,ambiguous
10683690.0,I LOVE CHURROS - CNE 2025,"100 PRINCES BLVD, KW - CNE 2024 None M6K 3C3",ambiguous
10799372.0,I'M A LITTLE HOT CRAB,"633 SILVER STAR BLVD, Unit-121 None M1V 5N1",ambiguous
10835906.0,IAM YOGA PILATES,680 Yonge St None M4Y 2A6,likely_not_restaurant
10800212.0,IBET SUSHI,1260 BLOOR ST W None M6H 1N5,likely_restaurant
10856897.0,IBUND,5457 Yonge St None M2N 5S1,ambiguous
10814771.0,ICE CREAM ON THE ROCK,1753 Albion Rd Unit-5 M9V 1C3,likely_restaurant
10791410.0,ICE CREAM WAFFLES - CNE 2025 - KW,100 PRINCES BLVD None M6K 3C3,likely_restaurant
10816985.0,ICE CREAM'S ICE CREAM,1607 Dupont St None M6P 3S8,likely_restaurant
10831579.0,ICE FLAME,974 Albion Rd None M9V 1A6,ambiguous
10829436.0,ICE FLAME,8130 Sheppard Ave E Unit-104 M1B 3W3,ambiguous
10834263.0,ICEBOX  MARKET,3 NAIRN AVE None M6E 4G8,ambiguous
10789284.0,ICHIBAN SUSHI,1864 QUEEN ST E None M4L 1H2,likely_restaurant
10775580.0,ID LOVE RESTAURANT,"21 SIGNAL HILL AVE, Unit-1 None M9W 6V8",likely_restaurant
10844825.0,IDK SOCIAL BAR,172 OSSINGTON AVE None M6J 2Z7,likely_restaurant
10816000.0,IDUCKS KITCHEN,5372 YONGE ST None M2N 5R5,likely_restaurant
10808238.0,IF CAFE,3472 KEELE ST None M3J 3M1,likely_restaurant
10843976.0,IKEA,300 Borough Dr Unit-1 M1P 4P5,ambiguous
10863325.0,IKKA RAMEN,6048 Yonge St None M2M 3W5,likely_restaurant
10844751.0,IKKOUSHA RAMEN YONGE/GERRARD,374 Yonge St Bldg-A M5B 1S6,likely_restaurant
10798427.0,IL FORNELLO,2901 Bayview Ave Unit-107 M2K 1E6,ambiguous
10808917.0,ILAXI'S,50 Airview Rd Unit-17 M9W 4P2,ambiguous
10799700.0,ILLUMINARIUM,28 Distillery Lane None M5A 3C4,ambiguous
10813608.0,IM MOCHI,677 Queen St W None M6J 1E6,ambiguous
10838282.0,IMM THAI KITCHEN,651 College St None M6G 1B7,likely_restaurant
10772862.0,IMPACT CHILDCARE,4545 Jane St None M3N 2K7,ambiguous
10832334.0,IMPACT KITCHEN,2555 Yonge St None M4P 2H9,likely_restaurant
10832698.0,IMPACT KITCHEN,181 Bay St None M5J 2T3,likely_restaurant
10656403.0,IMPACT N COMMUNITIES,4301 Kingston Rd None M1E 2N1,ambiguous
10821897.0,IMPERFECT  EATS,312 Adelaide St W None M5V 1R2,likely_restaurant
10771306.0,IMPERFECT FRESH EATS,808 York Mills Rd Unit-A01020A M3B 1X8,likely_restaurant
10776972.0,IMPERFECT FRESH EATS,1108 Bay St None M5S 2Y1,likely_restaurant
10802814.0,IMPERFECT FRESH EATS,4841 Yonge St Unit-117A M2N 5X2,likely_restaurant
10804022.0,IMPERFECT FRESH EATS,153 EAST LIBERTY ST None M6K 3K4,likely_restaurant
10859749.0,IMPERFECT FRESH EATS,"5245 DUNDAS ST W, Unit-3 None M9B 1A5",likely_restaurant
10826460.0,IMPERIAL EVENT SPACE,129 St Clair Ave W None M4V 1N5,ambiguous
10777149.0,IN GOOD SPIRITS CO.,81 Bay St None M5E 1Z8,ambiguous
10838440.0,INCI FINE FOODS,"5210 FINCH AVE E, Unit-4 None M1S 4Z6",ambiguous
10820682.0,INDIA WAALE DESI STREET FOOD,3040 Don Mills Rd Unit-B M2J 3C1,ambiguous
10833607.0,INDIAN BIRYANI AND PARANTHA KITCHEN,"20 LOCKPORT AVE, Unit-108 None M8Z 2R7",likely_restaurant
10815671.0,INDIAN PAKWAN,2646 Islington Ave None M9V 2X5,ambiguous
10842460.0,INDIAN STREET FOOD CO,1701 Bayview Ave None M4G 3C1,ambiguous
10853351.0,INDIAN STREET FOOD CO,50 Brant St None M5V 3G9,ambiguous
10809958.0,INDIAS FLAVOUR,20 Lockport Ave Unit-- M8Z 2R7,ambiguous
10799347.0,INDRAPRASTHA INDIAN KITCHEN AND BAR,5 Baldwin St None M5T 1L1,likely_restaurant
10802281.0,INGLENOOK COMMUNITY SCHOOL,19 Sackville St None M5A 3E1,likely_not_restaurant
10772189.0,INIYA'S KITCHEN,2985 Islington Ave None M9L 2K9,likely_restaurant
10783727.0,INS MARKET,"205 COLLEGE ST, Unit-2 None M5T 1P9",ambiguous
10802669.0,INS MARKET,"501 YONGE ST, Bldg-A6 None M4Y 1Y4",ambiguous
10807885.0,INS MARKET,101 HUMBER COLLEGE BLVD None M9V 1R8,ambiguous
10818657.0,INS MARKET,"800 BAY ST, Bldg-101A None M5S 3A9",ambiguous
10824811.0,INS MARKET,200 Bay St None M5J 2H0,ambiguous
10829962.0,INS MARKET,"146 KENDAL AVE, Unit-E110 None M5R 1M3",ambiguous
10833056.0,INS MARKET,"777 BAY ST, Bsmt-M211 None M5G 2C8",ambiguous
10840650.0,INS MARKET,978 Bloor St W None M6H 1L6,ambiguous
10847920.0,INS MARKET,142 AVENUE RD None M5R 2H6,ambiguous
10849488.0,INS MARKET,50 EGLINTON AVE E None M4P 1A6,ambiguous
10857544.0,INS MARKET,503 ST CLAIR AVE W None M6C 1A1,ambiguous
10861017.0,INS MARKET,"20 BLOOR ST E, Bsmt-R9 None M4W 3G7",ambiguous
10863923.0,INS MARKET,108 DUNDAS ST E None M5B 1C9,ambiguous
10851643.0,INS MARKET #5557,3063 DUFFERIN ST None M6A 0C3,ambiguous
10811866.0,INS MARKET #5598,"45 CARLTON ST, Bldg-#300 None M5B 2H9",ambiguous
10849380.0,INS MARKET 5569,834 College St None M6H 1A2,ambiguous
10813131.0,INS MARKET 5608,1011 Dufferin St Unit-104 M6H 4B5,ambiguous
10816700.0,INSIEME RESTAURANT,122 ATLANTIC AVE None M6K 1X9,likely_restaurant
10788700.0,INSOMNIA COOKIES,85 The Pond Rd Unit-C4-130 M3J 0L7,likely_restaurant
10848835.0,INTERNATIONAL NEWS,"45 OVERLEA BLVD, Unit-155 None M4H 1C3",ambiguous
10849275.0,INTERNATIONAL PALACE OF JOY,1347 Queen St E None M4L 1C6,ambiguous
10849498.0,IQ FOOD CO /  HEAL,34 Clock Tower Rd Unit-H 11 M3C 0G2,ambiguous
10862982.0,IQ FOODS,1560 Avenue Rd None M5M 3X5,ambiguous
10831356.0,IQBAL FOODS,100 Thorncliffe Park Dr None M4H 1M5,ambiguous
10820310.0,IQBAL FOODS,462 Birchmount Rd Unit-17-18 M1K 1N8,ambiguous
10799396.0,IQBAL FOODS PARKWAY,107 Parkway Forest Dr None M2J 1L8,ambiguous
10846032.0,IRINA'S DELI MARKET,562 Sheppard Ave W None M3H 2R9,likely_restaurant
10821384.0,IROLLS MART,1162 Albion Rd None M9V 1A8,likely_not_restaurant
10862105.0,IROQUOIS JUNIOR P.S. - MORNING MEAL,265 Chartland Blvd S None M1S 2S6,ambiguous
10846508.0,ISABELLA MOCHI DONUT,2300 Yonge St Unit-S002 M4P 1E4,likely_restaurant
10806111.0,ISABELLA'S BOUTIQUE,4 St Patrick St None M5T 1T9,ambiguous
10830940.0,ISABELLA'S MOCHI DONUT BOUTIQUE,1663 Bayview Ave Unit-100 M4G 3C1,likely_restaurant
10808665.0,ISABELLA'S MOCHI DONUTS,486 Front St W Unit-WM49 M5V 0V2,likely_restaurant
10812929.0,ISABELLA'S MOCHI DONUTS,65 Front St W None M5J 1E6,likely_restaurant
10828488.0,ISCON THAAL,2687 Kipling Ave Unit-8 M9V 5G6,ambiguous
10807838.0,ISHQ,2007 Eglinton Ave E None M1L 2M9,ambiguous
10852853.0,ISLAND BLEND,1940 QUEEN ST E None M4L 1H6,ambiguous
10790143.0,ISLAND BREEZE AUTHENTIC JAMAICAN RESTAURANT,34 NELSON ST None M1J 2V3,likely_restaurant
10841025.0,ISLAND CAFE,45 CHANNEL AVE None M5J 1Y4,likely_restaurant
10787967.0,ISLAND FOODS,8 Gladstone Ave None M6J 3K6,ambiguous
10771585.0,ISLAND JUNCTION,3300 Mcnicoll Ave Unit-5B M1V 5J6,ambiguous
10847422.0,ISLAND OUTPOST,101 CIBOLA AVE None M5J 0A2,ambiguous
10772678.0,ISLAND OYSTERS,1165 Bloor St W None M6H 1M9,ambiguous
10816818.0,ISLAND OYSTERS,499 Richmond St W Unit-K6 None,ambiguous
10847978.0,ISLAND PRINCESS,375 Queens Quay  W None M5V 1A2,ambiguous
10775827.0,ISLAND SPICE FLAVOUR,2636 St Clair Ave E None M4B 3M1,ambiguous
10814298.0,ISLINGTON JR MIDDLE SCHOOL - SNP,44 CORDOVA AVE None M9A 2H5,likely_not_restaurant
10788287.0,ISSAI JAPANESE EATERY,101 ESTHER SHINER BLVD None M2K 0C3,likely_restaurant
10790214.0,ISSHO,583 Gerrard St E None M4M 1Y2,ambiguous
10825040.0,ISTANBUL CAFE 34,2801 Keele St Unit-106 M3M 2G6,likely_restaurant
10771342.0,ISTANBUL FINE FOODS,3715 Keele St Unit-6 M3J 1N1,ambiguous
10796975.0,ISTANBUL KEBAB HOUSE,90 Eglinton Ave E Unit-101 M4P 2Y3,likely_restaurant
10813249.0,ISTAR BANQUET,235 Dixon Rd Unit-13 M9P 2M5,likely_not_restaurant
10857820.0,ITS TEA,102 Peter St None M5V 2G7,likely_restaurant
10788636.0,IVY MONTESORI SCHOOL,1428 Royal York Rd None M9P 3A8,likely_not_restaurant
10841144.0,IVY. COFFEE SHOP,109 Queens Quay  W None M5J 2T5,likely_restaurant
10815531.0,Islington Golf Club-Bar,45 RIVERBANK DR None M9A 5B8,likely_restaurant
10833020.0,J & T JAMAICAN RESTAURANT,1935 Weston Rd None M9N 1W7,likely_restaurant
10820683.0,J J MART,199 Humber College Blvd 201 None,likely_not_restaurant
10766388.0,J SAN SUSHI & MARKET,3365 Steeles Ave E Unit-B01 M2H 0A7,likely_restaurant
10831888.0,J STAR CAFE,2677 Eglinton Ave E Unit-5 M1K 2S2,likely_restaurant
10821268.0,J'S STEAKFRITES,577 COLLEGE ST None M6G 1B2,ambiguous
10812480.0,J-MART,399 Church St Bldg-- M5B 2J6,likely_not_restaurant
10834920.0,JAAG DRY FRUITS INC,1921 Eglinton Ave E Unit-105 M1L 2L6,ambiguous
10773080.0,JACE PINOY 2,1105 Wilson Ave None M3M 1H2,ambiguous
10847059.0,JACE PINOY 2,"4465 SHEPPARD AVE E, Unit-51 None M1S 5H9",ambiguous
10848123.0,JACKED UP COFFEE,120 Adelaide St W None M5H 1T1,likely_restaurant
10862108.0,JACKIES CREATIVE CAKES,3601 Lawrence Ave E Unit-7 M1G 1P5,ambiguous
10838576.0,JACOBS & CO. STEAKHOUSE,81 Bay St Flr-4 M5E 1Z8,ambiguous
10854340.0,JADE YORKVILLE,137 Avenue Rd None M5R 2H7,ambiguous
10819338.0,JAFFNA STREET FOOD,275 Dundas St W None M5T 3K1,ambiguous
10843541.0,JAMAICA HOUSE TORONTO,2531 Finch Ave W None M9M 2G1,ambiguous
10838558.0,JAMAICAN SPIKED PATTIES,8 MERCER ST None M5V 0C4,ambiguous
10842394.0,JAMIL'S,1086 Queen St W None M6J 1H8,ambiguous
10859219.0,JAMKHOU'S KITCHEN INC.,"105 VANDERHOOF AVE, Unit-8 None M4G 2H7",likely_restaurant
10774811.0,JANE ALLIANCE NEIGHBOURHOOD SERVICES,"909 JANE ST, Unit-205 None M6N 4C6",ambiguous
10509710.0,JANE VARIETY & GIFTS,2721 JANE ST None M3L 1S3,likely_not_restaurant
10830984.0,JANGTEO GUKBAP,5433 Yonge St None M2N 5R6,ambiguous
10808196.0,JAPADOG,486 Front St W Unit-WM24 M5V 0V2,ambiguous
10838683.0,JAPADOG,509 Yonge St Bldg-- M4Y 1Y3,ambiguous
10802738.0,JAPANESE FAST FOOD YA (NOBUYA),285 Royal York Rd None M8V 2W1,ambiguous
10862293.0,Four Season Cafe + Bistro,434 Dundas St W None M5T 1G7,likely_restaurant
10775379.0,JATUJAK,2386 Kingston Rd None M1N 1V2,ambiguous
10773642.0,JAVA JOE'S,405 The West Mall None M9C 5J1,ambiguous
10803235.0,JAVA JOE'S,1500 ISLINGTON AVE None M9A 3L8,ambiguous
10824956.0,JAVA JOE'S,"5353 DUNDAS ST W, Bldg-102 None M9B 6H8",ambiguous
10773140.0,JAY BHAVANI VADAPAV,836 Markham Rd None M1H 2Y2,ambiguous
10782904.0,JAYNE'S GOURMET CATERING,3104 Dundas St W None M6P 1Z8,likely_not_restaurant
10863744.0,JC CONVENIENCE,132 Simcoe St None M5H 3G4,likely_not_restaurant
10844822.0,JC FASTFOOD,111 Rylander Blvd None M1B 4X3,ambiguous
10805056.0,JEAN LUMB PUBLIC SCHOOL,20 Brunel Crt None M5V 0R5,likely_not_restaurant
10788368.0,JEFF'S NO FRILLS,220 ROYAL YORK RD None M8V 2V7,likely_not_restaurant
10845504.0,JELLY BEAN CAKE AND DESSERT,3336 Yonge St Flr-2 M4N 2M4,likely_restaurant
10859307.0,JEONG'S KITCHEN,2011 Steeles Ave W Unit-J2 M3J 3N3,likely_restaurant
10809062.0,JEPRIMO'S BAKESHOP,153 Morningside Ave Unit-A M1E 3C8,likely_restaurant
10790606.0,JEREMY'S MEAT LTD.,1470 St Clair Ave W None M6E 1C6,ambiguous
10843188.0,JERK KING,2300 Yonge St Unit-S120 M4P 1E4,ambiguous
10834581.0,JERSEY MIKE'S,65 Front St W None M5J 1E6,ambiguous
10827813.0,JERSEY MIKE'S SUBS,808 York Mills Rd None M3B 1X8,likely_restaurant
10817499.0,JESSE JR FILIPINO RESTAURANT,1547 O'Connor Dr None M4B 2V7,likely_restaurant
10816019.0,JESSE KETCHUM JUNIOR AND SENIOR PUBLIC SCHOOL STUDENT NUTRITION SITE,61 DAVENPORT RD None M5R 1H4,likely_not_restaurant
10843609.0,JI MODERN SOUTH ASIAN GRILL,130 King St W None M5X 1K7,likely_restaurant
10813721.0,JIAHUA TRADING COMPANY,597 GERRARD ST E None M4M 1Y2,likely_not_restaurant
10817248.0,JIAN HING SUPERMARKET WAREHOUSE,"415 OAKDALE RD, Unit-377 None M3N 1W7",likely_not_restaurant
10843543.0,JIANG HU BBQ,390 Silver Star Blvd Unit-112 M1V 0G5,likely_restaurant
10824800.0,JIANGNAN HANDMADE DIM SUM,4750 Yonge St Unit-142 M2N 5M6,likely_restaurant
10827752.0,JIANGYUER,3280 Midland Ave Unit-29 M1V 4W9,ambiguous
10782192.0,JIMBU HIMALAYAN CUISINE,1508 Queen St W None M6R 1A4,likely_restaurant
10830601.0,JIMMY JOHN'S SANDWICHES,197 North Queen St Bldg-C M9C 4Y1,likely_restaurant
10859173.0,JIMMYZ SPORTS BAR & GRILL,2041 EGLINTON AVE W None M6E 2K4,likely_restaurant
10854752.0,JIN SUSHI,38 Forest Manor Rd Unit-D None,likely_restaurant
10788652.0,JING CHINESE RESTAURANT,1634 Bayview Ave None M4G 3B7,likely_restaurant
10829992.0,JINGLE BITES & BREWS - DWV 2025,55 Mill St None M5A 3C4,ambiguous
10822323.0,JINLIAN,2301 Brimley Rd Unit-143 M1S 5B8,ambiguous
10778165.0,JJ BEST WESTERN BANQUET HALL,1468 VICTORIA PARK AVE None M4A 2M2,likely_not_restaurant
10779370.0,JK PIZZA,825 Coxwell Ave Rm-FC-3 M4C 3E7,likely_restaurant
10798829.0,JKSON'S RESTAURANT,2811 Weston Rd None M9M 2R8,likely_restaurant
10848162.0,JO'S CHA,3276 Midland Ave Unit-C126 M1V 0C8,ambiguous
10859744.0,JO'S CHA,387 Spadina Ave None M5T 2G6,ambiguous
10830840.0,JOANNE'S DELI,234 Eglinton Ave E None M4P 1K5,likely_restaurant
10848482.0,JOE'S FOOD DISTRIBUTORS,24 Steinway Blvd Unit-43 - 44 M9W 6T8,ambiguous
10825740.0,JOEY RESTAURANT KING STREET,20 King St W None M5H 1C4,likely_restaurant
10820861.0,JOEY TURKS ISLAND GRILL,1900 Eglinton Ave E Unit-E4 M1L 2L9,likely_restaurant
10814726.0,JOHN ANDERSON CHARCOAL BROILED HAMBURGERS,2832 Victoria Park Ave None M2J 4A8,ambiguous
10778745.0,"JOHN D PARKER JNR SCHOOL, AFTER SCHOOL PROGRAM","202 MOUNT OLIVE DR, Rm-E2 None M9V 3Z5",likely_not_restaurant
10857409.0,JOHN G DIEFENBAKER CHILD CARE CENTRE,70 Dean Park Rd None M1B 2X3,likely_not_restaurant
10782819.0,JOHN MCCRAE PS - SNP,431 Mccowan Rd None M1J 1J1,ambiguous
10798388.0,JOHN'S NO FRILLS,1591 Wilson Ave None M3L 1A5,likely_not_restaurant
10798203.0,JOHNSON FAMILY BAKERY,993 QUEEN ST E None M4M 1K2,likely_restaurant
10859197.0,JOJOFUN SCOOPS,2696 Dundas St W None M6P 1Y2,ambiguous
10779033.0,JOKBAL NIGHT MARKET,33 Sheppard Ave E Unit-D M2N 7K1,ambiguous
10840103.0,JOLA AFRICAN FOOD MARKET,1366 Weston Rd Unit-2 M6M 4R8,ambiguous
10849529.0,JOLLY DAYS,1814 Jane St None M9N 2T3,ambiguous
10781458.0,JOLLY JUNIORS CHILDCARE ACADEMY,1500 Royal York Rd Unit-37 M9P 3B6,likely_not_restaurant
10825990.0,JORDAN'S NO FRILLS,1022 King St W None M6K 0C1,likely_not_restaurant
10798855.0,JOUMAK,11 Charles St W None M4Y 1R4,ambiguous
10823785.0,JOY CONVENIENCE AND VARIETY STORE,"736 BAY ST, Bldg-4 None M5G 2M4",likely_not_restaurant
10832586.0,JOYCE JAMAICAN EATERY,"3300 DUFFERIN ST, Unit-F None M6A 2T5",likely_restaurant
10799791.0,JOYOUS CHINESE CUISINE,5505 Leslie St None M2H 3N6,likely_restaurant
10863432.0,JP PANIPURI,2687 Kipling Ave Unit-10A M9V 5G6,ambiguous
10833778.0,JREW'S HOUSE,"83 PORTLAND ST, Unit-OUTSIDE None M5V 2M9",ambiguous
10774501.0,JRV FILIPINO MARKET,4949 Bathurst St Unit-8 M2R 1Y1,ambiguous
10810999.0,JSA CONVENIENCE,121 KENDLETON DR None M9V 1V3,likely_not_restaurant
10840900.0,JU-RAKU JAPANESE RESTAURANT,2901 Bayview Ave Unit-101 M2K 1E6,likely_restaurant
10198320.0,JUBILEE QUEEN,539 Queens Quay  W None M5V 3G3,ambiguous
10859198.0,JUDY'S BEACH CAFE,2188 Queen St E None M4E 1E6,likely_restaurant
10785231.0,JUGO JUICE,66 WELLINGTON ST W None M5X 1H6,likely_restaurant
10835836.0,JUGO JUICE,1886B QUEEN ST E None None,likely_restaurant
10849276.0,JUGOS Y ANTONIO'S DE MI PUEBLO,2111 Jane St Unit-12 M3M 1A2,ambiguous
10843970.0,JUICY +,"1143 MORNINGSIDE AVE, Unit-1 None M1B 0A7",ambiguous
10820716.0,JUICY BIRDS,20 Lockport Ave Bldg-6 M8Z 2R7,ambiguous
10856048.0,JUICY BIRDS,3238 Yonge St None M4N 2L4,ambiguous
10832872.0,JUICY BIRDS NASHVILLE HOT CHICKEN,1877 Lawrence Ave E None M1R 2Y3,likely_restaurant
10858676.0,JUICY HUB,"3331 MARKHAM RD, Unit-117 None M1X 1S8",ambiguous
10832866.0,JUICY SHAWARMA & GRILL,25 Overlea Blvd Unit-8 M4H 1P9,likely_restaurant
10809732.0,JUJU CAFE AND BOARD GAMES,191 Dundas St W None M5G 1C7,likely_restaurant
10782539.0,JULIENNE'S PATISSERIE,2195 Gerrard St E None M4E 2C6,ambiguous
10823204.0,JUMP FOR JOY PLAY CENTRE,1472 DANFORTH AVE None M4J 1N4,ambiguous
10857004.0,JUMPKART,1779 ST CLAIR AVE W None None,ambiguous
10805731.0,JUNCTION DAY CARE CENTRE,265 Annette St None M6P 1R3,likely_not_restaurant
10795248.0,JUNCTION FOOD CO.,545 KEELE ST None M6N 3E4,ambiguous
10780552.0,JUNEPLUM BY PATOIS,796 DUNDAS ST W None M6J 1V1,ambiguous
10808229.0,JUNIOR ACADEMY DAYCARE,2454 Bayview Ave None M2L 1A6,likely_not_restaurant
10863031.0,JUST CATERING FOOD SERVICES,2170 Kipling Ave Rm-CAFETERIA M9W 4K9,likely_not_restaurant
10852277.0,JUST CHICKEN,1703 Bayview Ave None M4G 3C1,likely_restaurant
10834262.0,JUST KIDS EARLY YEARS LEARNING & CHILD CARE CENTRE,1695 Keele St None M6M 3W7,likely_not_restaurant
10831394.0,"JUST WALK OUT - YYZ18, FL 5",18 York St None None,ambiguous
10802249.0,JUSTGOODIESTO,934 Wilson Ave None M3K 1E7,ambiguous
10859950.0,K & R MART,576 ROGERS RD None M6M 1B6,likely_not_restaurant
10854026.0,K & S MILK STORE,438 KINGSTON RD None M4L 1T9,ambiguous
10813057.0,K BBQ,699 Bloor St W None M6G 1L5,likely_restaurant
10806026.0,K VIVA MEXICO,40 Carl Hall Rd K1 M3K 2C1,ambiguous
10818524.0,K VIVA MEXICO 2,40 CARL HALL RD None M3K 2C1,ambiguous
10835873.0,KAAKETNA,2014 Lawrence Ave E None M1R 2Z1,ambiguous
10846237.0,KABABERIE,55 Avenue Rd None M5R 3L2,ambiguous
10820140.0,KABABI PERSIAN CUISINE,341 Danforth Ave None M4K 1N7,likely_restaurant
10837746.0,KABABIA,3032 Danforth Ave None M4C 1N2,ambiguous
10854035.0,KABOOM WINGS,2819 Kingston Rd None M1M 1N2,likely_restaurant
10858843.0,KABUL FARMS,"55 DENISON RD E, Dept-- None M9N 1B8",ambiguous
10834359.0,KABUL MAZAAR,8 Westmore Dr Unit-F5 M9V 3Z7,ambiguous
10853341.0,KACCHI,2466 Kingston Rd None M1N 1V3,ambiguous
10829653.0,KACHIGUDA JUNCTION,2938 FINCH AVE E None M1W 2R5,ambiguous
10804041.0,KADAK,2088 Yonge St None M4S 2A3,ambiguous
10799364.0,KAI FUNG GOURMET,536 Dundas St W None M5T 1H3,ambiguous
10801965.0,KAIMA ENTERPRISES INC,"420 TAPSCOTT RD, Unit-3-6 None M1B 1Y4",ambiguous
10814974.0,KAISEKI YU-ZEN HASHIMOTO,6 SAKURA WAY None M3C 1Z5,ambiguous
10858217.0,KAJIKEN NORTH YORK,4850 Yonge St None M2N 5N2,ambiguous
10782415.0,KAJUN CHICKEN & SEAFOOD,4351 Kingston Rd Unit-A M1E 2M9,likely_restaurant
10854674.0,KALAMATA LTD - ECC 4050 - CNE 2025,100 PRINCES BLVD None M6K 3C3,ambiguous
10864116.0,KALAMATA LTD.,6464 YONGE ST None M2M 3X4,ambiguous
10785849.0,KALYANI INDIAN CUISINE,"440 BRIMLEY RD, Unit-12 None M1J 1A1",likely_restaurant
10818379.0,KALYUG,885 Dundas St W Unit-885 M6J 1V9,ambiguous
10802784.0,KAMINARI,1330 QUEEN ST W None M6K 1L4,ambiguous
10855926.0,KANAFANI SWEETS & COFFEE,2082 Lawrence Ave E Unit-B M1R 2Z5,likely_restaurant
10820990.0,KANARI RESTAURANT,491 Church St Bldg-G M4Y 2C6,likely_restaurant
10808848.0,KANDY KRAZED,426 EGLINTON AVE W None M5N 1A2,ambiguous
10830059.0,KANI SUSHI,3307 Sheppard Ave E None M1T 3K2,likely_restaurant
10796526.0,KANOM,275 Dundas St W Unit-28B M5T 3K1,ambiguous
10807977.0,KANTO BY TITA FLIPS,5210 YONGE ST None M2N 5P6,ambiguous
10849634.0,KAO KANG BY KHO LIPE,486 Front St W None M5V 0V2,ambiguous
10861162.0,KAPIOO,105 Vanderhoof Ave Unit-8 M4G 2H7,ambiguous
10845204.0,KARACHI KABAB WALA,463 Queen St W None M5V 2A9,ambiguous
10818257.0,KARACHI NIHARI & BBQ,4002 Sheppard Ave E Unit-C AND F M1S 4R5,likely_restaurant
10810420.0,KARACHI XPRESS,69 Lebovic Ave Unit-D111-112 None,ambiguous
10840809.0,KARAHI POINT,25 The West Mall Unit-F002 M9C 1B8,ambiguous
10852525.0,KARAHI POINT,2642 Islington Ave Bldg-- M9V 2X5,ambiguous
10838272.0,KARAHI POINT EXPRESS,736 Bay St Bldg-1 M5G 2M4,ambiguous
10788715.0,KARAZA  SHAWARMA,1260 Kennedy Rd Unit-8 M1P 2L3,likely_restaurant
10802220.0,KARKUMI CAFE,4033 Gordon Baker Rd None M1W 2P3,likely_restaurant
10786522.0,KARNAVATI STREET FOOD & TIFFIN SERVICE,3863 Lawrence Ave E None M1G 1R2,ambiguous
10780781.0,KART TOWN,85 Ellesmere Rd None M1R 4B8,ambiguous
10815143.0,KATA SUSHI,"140 CARLTON ST, Unit-33 None M5A 3W7",likely_restaurant
10846221.0,KATI,496 Yonge St None M4Y 1X9,ambiguous
10840229.0,KATSU SUSHI,572 Danforth Ave None M4K 1R1,likely_restaurant
10802538.0,KAURAN BAZAR,"4500 SHEPPARD AVE E, Unit-27 None M1S 3R6",ambiguous
10779995.0,KAUSAR FRESH FOODS,3466 Danforth Ave None M1L 1E1,ambiguous
10813410.0,KAVA COFFEE HOUSE,100 HOWARD ST None None,likely_restaurant
10826128.0,KAWARTHA DAIRY,888 Danforth Ave None M4J 1L7,ambiguous
10787276.0,KAZE SUSHI,1931 AVENUE RD None M5M 4A2,likely_restaurant
10817296.0,KB GLOBAL TRADING,24 Martin Ross Ave Unit-1 M3J 2K8,likely_not_restaurant
10832272.0,KEBAB & CO,977 O'Connor Dr None M4B 2T1,likely_restaurant
10853093.0,KEBAB BAZARI,839 Queen St W None M6J 1G4,likely_restaurant
10776183.0,KEBAB KOUNTRY,"3750 LAWRENCE AVE E, Unit-7 None M1G 1R1",likely_restaurant
10814149.0,KEBAB PIZZA,2371 WESTON RD None M9N 1Z8,likely_restaurant
10832176.0,KEBABCI SERDAR & NACI USTA,1101 Finch Ave W Unit-0 M3J 2C9,likely_restaurant
10233929.0,KEDIJA GROCERY STORE,2080 Lawrence Ave W None M9N 1J1,ambiguous
10863960.0,KEELE STREET PUBLIC SCHOOL _ SNP,99 MOUNTVIEW AVE None M6P 2L5,likely_not_restaurant
10848794.0,KEJJIS,3439 Weston Rd None M9M 0G4,ambiguous
10846963.0,KEKO SHAWARMA,3128 Dundas St W None M6P 2A1,likely_restaurant
10808714.0,KELLY'S FROZEN TREATS,"1265 MILITARY TRL, Flr-3 None M1C 1A4",ambiguous
10856758.0,KEN'S HONG KONG CAFE,3833 Midland Ave Unit-10 M1V 5L6,likely_restaurant
10852267.0,KENNEDY CONVENIENCE AND GROCERY STORE,2950 Kennedy Rd Unit-1 M1V 1T1,ambiguous
10846312.0,KENNEDY LODGE LONG-TERM CARE HOME,1400 Kennedy Rd None M1P 4V6,ambiguous
10830855.0,KENSEI BAR,1173 DUNDAS ST W None M6J 1X3,likely_restaurant
10818710.0,KENSINGTON KITCHEN,255 Augusta Ave None M5T 2L8,likely_restaurant
10809850.0,KENSINGTON VARIETY,56 Kensington Ave None M5T 2K1,likely_not_restaurant
10797574.0,KEPALEN ANGELIC CHILD CARE,1301 Neilson Rd None M1B 3C2,likely_not_restaurant
10843116.0,KERA FRESH MEAT,621 Vaughan Rd None M6C 2R4,ambiguous
10799240.0,KERA FRESH RESTAURANT,2741 DANFORTH AVE None M4C 1L8,likely_restaurant
10847791.0,KERALA BIRIYANI HOUSE (Crave Food Hub - K3) (Shared Kitchen),1275 Morningside Ave Unit-7 M1B 3W1,likely_restaurant
10858589.0,KERALA NOOK,1110 DUPONT ST None M6H 2A2,ambiguous
10859395.0,KETODELIA RESTAURANT,1772 DANFORTH AVE None M4C 1H8,likely_restaurant
10816903.0,KEZY DONER,109 Mc Caul St Unit-36 M5T 3K5,ambiguous
10772401.0,KFC,5401 Steeles Ave W Bldg-- M9L 1R6,likely_restaurant
10835241.0,KFC,1928 EGLINTON AVE W None M6E 2J6,likely_restaurant
10842683.0,KFC,1570 Wilson Ave None M3L 1A3,likely_restaurant
10776766.0,KGOLF TORONTO,3705 Chesswood Dr None M3J 2P6,ambiguous
10775303.0,KHAKI RESTAURANT,6119 Yonge St None M2M 3W2,likely_restaurant
10817293.0,KIBO FOOD STATION,24 Martin Ross Ave Unit-4 M3J 2K8,ambiguous
10788198.0,KIBO MARKET UNION,65 Front St W Bsmt-434 M5J 1E6,ambiguous
10816346.0,KIBO SUSHI,2459 Yonge St None M4P 2H6,likely_restaurant
10830919.0,KIBO SUSHI,555 Wilson Ave Unit-E111 M3H 5Y6,likely_restaurant
10846228.0,KIBO SUSHI - HUMBER,106 Humber College Blvd Unit-18 M9V 4E4,likely_restaurant
10841477.0,KIBO SUSHI+MARKET,36 Charlotte St Unit-101 M5V 3P7,likely_restaurant
10803671.0,KIDS CONNECT DAYCARE,138 Main St None M4E 2V8,likely_not_restaurant
10858267.0,KIDS WAY DAYCARE,369 Broadview Ave None M4K 2M7,likely_not_restaurant
10845503.0,KIDULTLAND CAFE,1091 Queen St E None M4M 1K7,likely_restaurant
10774245.0,KIKO'S,3770 Bathurst St None M3H 3M6,ambiguous
10780186.0,KIM'S A LA CART,5323 Yonge St None M2N 5R4,ambiguous
10821011.0,KIMBAP KARAH ON,"5418 YONGE ST, Unit-18 None M2N 6X4",ambiguous
10811561.0,KIMBERLY JUNIOR PUBLIC SCHOOL/BEACHES ALTERNATIVE SCHOOL,50 SWANWICK AVE None M4E 1Z5,likely_not_restaurant
10827932.0,KIN KIN,1700 Wilson Ave Unit-82 M3L 1B2,ambiguous
10773408.0,KIN KIN O-KA-NE,325 Bamburgh Crcl Unit-A103 M1W 3Y1,ambiguous
10819546.0,KING BOLZANO RISTORANTE PIZZERIA & BAR,239 Broadview Ave None M4M 2G6,likely_restaurant
10809597.0,KING BURRITO & JUICE BAR,2372 Lake Shore Blvd W None M8V 1B6,likely_restaurant
10804001.0,KING EDWARD JUNIOR AND SENIOR PUBLIC SCHOOL,112 Lippincott St None M5S 2P1,likely_not_restaurant
10785934.0,KING FRESH FOODMARKET,322 King St W Bsmt-1 M5V 1J2,ambiguous
10798757.0,KING NOODLES,"3240 DUFFERIN ST, Unit-4 None M6A 2T3",likely_restaurant
10784332.0,KING OF PUNJABI TADKA,1275 Morningside Ave Unit-10 M1B 3W1,ambiguous
10862149.0,KING OF TASTE,286 Markham Rd None M1J 3C5,ambiguous
10853639.0,KING SMOKE HOUSE BBQ,"1298 DANFORTH AVE, Unit-PATIO None M4J 1M6",likely_restaurant
10818918.0,KING TAPS,620 King St W Unit-101 - 102 M5V 1M6,ambiguous
10839666.0,KING'S CROWN,2901 Bayview Ave Unit-16A M2K 1E6,ambiguous
10831323.0,KINGPIN WINGS,1708 EGLINTON AVE W None M6E 2H5,likely_restaurant
10814301.0,KINGSTON 'S CONVENIENCE,452 KINGSTON RD None M4L 1V3,likely_not_restaurant
10794946.0,KINGSTON 12 PATTY SHOP,1808 Eglinton Ave W None M6E 2H6,ambiguous
10818445.0,KINGSTON 12 PATTY SHOP,1635 DUNDAS ST W None M6K 1V2,ambiguous
10777623.0,KINGSVIEW EATS FOOD BANK,70 KINGSVIEW BLVD None M9R 1T9,ambiguous
10817587.0,KINTON RAMEN,351 King St E #40 M5A 0L6,likely_restaurant
10813806.0,KINTON RAMEN 1 RICHMOND ST W INC,1 Richmond St W Unit-100 M5H 3W4,likely_restaurant
10772333.0,KIPLING ACRES ADULT DAY PROGRAM,2233 Kipling Ave None M9W 4L3,ambiguous
10814519.0,KIPLING COLLEGIATE INSTITUTE- MORNING MEAL,380 THE WESTWAY None M9R 1H4,likely_not_restaurant
10830612.0,KIRB'S KITCHENETTE,2184A EGLINTON AVE W None M6E 2L1,likely_restaurant
10816379.0,KISH'S ROTI & DOUBLES,344 Queen St E None M5A 1S8,likely_restaurant
10838174.0,KISH'S ROTI & DOUBLES,278 EDDYSTONE AVE None M3N 1H7,likely_restaurant
10801976.0,KISS MY PANS,713 College St None M6G 1C2,ambiguous
10832152.0,KITAYA RAMEN,100 Yonge St Unit-Y9A M5C 2W1,likely_restaurant
10805974.0,KITCHEN FOOD FAIR,33 THE LINKS RD None M2P 1T7,likely_restaurant
10816327.0,KITCHEN FRESH PIZZA,900 DUFFERIN ST None M6H 4A9,likely_restaurant
10784926.0,KITCHEN MARKET,10 Queens Quay  W Unit-2 M5J 2R9,likely_restaurant
10800427.0,KITCHENETTE,791 BROADVIEW AVE None M4K 2P8,likely_restaurant
10824971.0,KIWA,5845 Leslie St None M2H 1J8,ambiguous
10864126.0,KIZUNA SAUCES INC-RAWR 2025,"100 PRINCES BLVD, Bldg-A None M6K 3C3",ambiguous
10850202.0,KNOCKOUT WINGS,198 AUGUSTA AVE None M5T 2L6,likely_restaurant
10856766.0,KNOT BAKERY,"105 VANDERHOOF AVE, Unit-8 None M4G 2H7",likely_restaurant
10792309.0,KOH LIPE,4675 Steeles Ave E None M1V 4S5,ambiguous
10809596.0,KOH LIPE,33 Baldwin St None M5T 1L1,ambiguous
10776500.0,KOH SAMUI-THAI KITCHEN,513 Danforth Ave None M4K 1P5,likely_restaurant
10771801.0,KOHA PACIFIC KITCHEN,100 Yonge St Unit-Y10A M5C 2W1,likely_restaurant
10829451.0,KOHINOOR FOODS,1438 Gerrard St E None M4L 1Z8,ambiguous
10820719.0,KOKO SHARE BAR,81 Yorkville Ave None M5R 1C1,likely_restaurant
10864089.0,KOKO'S TIFFIN,2501 Finch Ave W None M9M 2G1,ambiguous
10830879.0,KOKORO JAPANESE SUSHI HOUSE,73 Harbord St None M5S 1G4,likely_restaurant
10836984.0,KOLO CAFE,365 Jane St None M6S 3Z3,likely_restaurant
10786982.0,KOMUGI BAKERY,"3030 DON MILLS RD E, Unit-12B None M2J 3C1",likely_restaurant
10831061.0,KONAK TURKISH CUISINE,2501 Victoria Park Ave Unit-3 M1T 1A1,likely_restaurant
10808484.0,KONG! BURGERS,"91 RYLANDER BLVD, Unit-1011 None M1B 5M5",likely_restaurant
10817710.0,KONG'S HOT TACOS,"28 BATHURST ST, Unit-S. LAWN None None",likely_restaurant
10783360.0,KONIA VIETNAMESE CUISINE,403 Roncesvalles Ave None M6R 2N1,likely_restaurant
10794437.0,KONSCIOUS KITCHEN,705 College St None M6G 1C2,likely_restaurant
10822236.0,KOREAN GRILL HOUSE,431 SPADINA AVE None M5T 2G6,likely_restaurant
10834739.0,KOSHCHAI,1034 St Clair Ave W None M6E 1A4,ambiguous
10797160.0,KOSHER TOWN,465 Patricia Ave None M2R 2N1,ambiguous
10820604.0,KOT MORISIEN,8 Westmore Dr Unit-N13 M9V 3Z7,ambiguous
10848478.0,KOTTU KADAI,3351 Markham Rd Unit-111 M1X 0A6,ambiguous
10805395.0,KOUROSH BAKERY & FAST-FOOD,802 Sheppard Ave E None M2K 1C3,likely_restaurant
10825731.0,KOZ BINGOL EXPRESS,655 Queen St W None M6J 1E6,ambiguous
10849678.0,KRABI THAI CUISINE,517 Mount Pleasant Rd None M4S 2M4,likely_restaurant
10775815.0,KRAFT TEA,1980 St Clair Ave W None M6N 0A3,likely_restaurant
10832189.0,KRAFT TEA BUBBLE TEA,754 Broadview Ave None M4K 2P1,likely_restaurant
10842874.0,KRAVE DINER,"1690 QUEEN ST W, Bldg-* None M6R 1B3",likely_restaurant
10780628.0,KREAM,526 Yonge St Bldg-1 M4Y 1X9,ambiguous
10833629.0,KREAM MIDLAND,3290 Midland Ave Unit-5 M1V 3Z9,ambiguous
10857313.0,KREATIVE KIDS TERRY FOX,185 Wintermute Blvd None M1W 3M9,ambiguous
10820718.0,KRISHNA'S KITCHEN,"20 LOCKPORT AVE, Unit-2 None M8Z 2R7",likely_restaurant
10793862.0,KRISPY KREME,236 Danforth Ave None M4K 1N4,ambiguous
10774718.0,KRISPY KREME DOUGHNUTS,2426 Bloor St W None M6S 1P9,likely_restaurant
10823030.0,KRISPY KREME DOUGHNUTS,2458 Lake Shore Blvd W None M8V 1C9,likely_restaurant
10831360.0,KRISPY KREME DOUGHNUTS,105 Dundas St E None M5B 1E1,likely_restaurant
10855961.0,KRISPY KREME DOUGHNUTS,830 College St None M6G 1C8,likely_restaurant
10827836.0,KS2 THE HALAL STEAK & GRILL,641 Danforth Rd Bldg-A M1K 1G1,likely_restaurant
10837973.0,KTRADE & SERVICES LTD,"2708 JANE ST, Unit-4 None M3L 1S4",ambiguous
10827345.0,KUNAFA'S CHOCOLATE INC,133 Manville Rd Unit-22 M1L 4J7,ambiguous
10779723.0,KUNG FU TEA,442 Adelaide St E None M5A 1N4,likely_restaurant
10794665.0,KUNG FU TEA,128 Marine Parade Dr Unit-6A M8V 0G7,likely_restaurant
10802663.0,KUNG FU TEA,52 ORFUS RD None M6A 1L6,likely_restaurant
10802931.0,KUNG FU TEA,100 St George St None M5S 3G3,likely_restaurant
10815834.0,KUNG FU TEA,"31 REXDALE BLVD, Unit-3108 None M9W 1P1",likely_restaurant
10831000.0,KUNG FU TEA,3125 Steeles Ave E Unit-B3 M2H 2H6,likely_restaurant
10844202.0,KUNG FU TEA,315 Danforth Ave None M4K 1N7,likely_restaurant
10802207.0,KUPKATES,955 KINGSTON RD None M4E 1S8,ambiguous
10842798.0,KURDISH BUFFET,1159 ST CLAIR AVE W None M6E 1B2,likely_restaurant
10787029.0,KUSINERO DE PANADERIA,883 Eglinton Ave W None M6C 2C1,ambiguous
10823051.0,KUYA DON LOMI BATANGAS,3645 Bathurst St Unit-1 M6A 2E4,ambiguous
10818195.0,KWENTO,1637 Dundas St W None M6K 1V2,ambiguous
10848837.0,Khaas Bistro Bar,880 Ellesmere Rd None M1P 2W6,likely_restaurant
10778995.0,Khalifa Kabab & Karahi,235 Dixon Rd Unit-1 M9P 2M5,ambiguous
10856709.0,L' AVENUE BAKERY,1 Valleybrook Dr None M3B 2S7,likely_restaurant
10814873.0,L'AMOREAUX COLLEGIATE INSTITUTE - SNP,2501 Bridletowne Crcl None M1W 2K1,likely_not_restaurant
10778159.0,L'AMOUR CAFE AND PASTRY,927 MOUNT PLEASANT RD None M4P 2L7,likely_restaurant
10818506.0,L'AVENUE,433 Wellington St W None M5V 1E7,ambiguous
10834875.0,L. D PHO BANH MI NORTH YORK,750 Oakdale Rd Unit-37 M3N 2Z4,likely_restaurant
10806621.0,L.S.L,2066 Avenue Rd None M5M 4A6,ambiguous
10779471.0,LA BASTILLE,760 Birchmount Rd Unit-33 M1K 5H8,ambiguous
10802214.0,LA BELLA SANGWEECH/ LAST CALL COCKTAIL CLUB,584 College St None M6G 1B3,ambiguous
10805469.0,LA BOTANA MEXICANA,"3111 DUFFERIN ST, Unit-101 None M6A 2S7",ambiguous
10780175.0,LA CANTINA DEL PUEBLO LOUNGE,9 Milvan Dr Bldg-5 M9L 1Y9,ambiguous
10849080.0,LA CASA DEI PAZZI,1183 Finch Ave W Unit-102 M3J 2G2,ambiguous
10826028.0,LA CHUPERIA,635 College St None M6G 1B5,ambiguous
10803778.0,LA CIEL,6628 Finch Ave W None M9W 0B3,ambiguous
10851239.0,LA COCINA MEXICAN KITCHEN,10 Queens Quay  W None M5J 2R9,likely_restaurant
10808199.0,LA CUBANA,486 Front St W Unit-WM35 M5V 0V2,ambiguous
10848450.0,LA DELIGHT,4750 Yonge St Unit-121 M2N 5M6,ambiguous
10851859.0,LA DIPERIE,351 Bremner Blvd None M5V 3V4,ambiguous
10858308.0,LA DIPERIE,4700 Keele St Unit-38 M3J 1P3,ambiguous
10822696.0,LA DIPERIE / JUGO JUICE,320 Richmond St E Unit-104 M5A 1P9,likely_restaurant
10810555.0,LA DIPERIE BLOOR STREET,1960 Bloor St W None M6P 3K9,ambiguous
10403379.0,LA DOLCE VITA,142 Kendal Ave None M5R 1M3,ambiguous
10820419.0,LA ESQUINA CHALACA,2428 ST CLAIR AVE W None M6N 1L2,ambiguous
10777375.0,LA ESTRELLITA,"40 CARL HALL RD, Unit-K7 None M3K 2C1",ambiguous
10839367.0,LA ESTRILLITA,"927 ST CLAIR AVE W, Unit-A None M6C 1C7",ambiguous
10782952.0,LA GLORIA MEXICAN COFFEE,453 Parliament St None M5A 3A3,likely_restaurant
10850915.0,LA GOLOSA GELATERIA,1183 Queen St W None M6J 1J4,ambiguous
10798263.0,LA LUNA PANADERIA,1650 Jane St Unit-1 M9N 2R8,ambiguous
10772139.0,LA MOCHI,3272 Midland Ave None M1V 0C7,ambiguous
10783640.0,LA MOUETTE,"144 YONGE ST, Flr-2 None M5C 1X6",ambiguous
10795874.0,LA NAYARITA,930 Queen St W None M6J 1G6,ambiguous
10805886.0,LA PATRONA RESTAURANT AND BAR,669 College St None M6G 1B9,likely_restaurant
10729739.0,LA PETITE COLLINE,3355 Steeles Ave E Unit-C5 M2H 0A7,ambiguous
10843465.0,LA PINO'Z PIZZA,316 Painted Post Dr None M1G 2M3,likely_restaurant
10803123.0,LA PISCINA,1613 DUNDAS ST W None M6K 1T9,ambiguous
10803335.0,LA PLUME / BONNE NUIT,455 Wellington St W Unit-UG02 M5V 1E7,ambiguous
10817356.0,LA POZOLERIA MEXICANA,1896 Jane St None M9N 2T8,ambiguous
10809805.0,LA PREP,"10 CARLSON CRT, Unit-150 None M9W 6L2",ambiguous
10821226.0,LA PREP,4700 Keele St Unit-7 M3J 1P3,ambiguous
10827604.0,LA PREP,5150 YONGE ST None M2N 6L8,ambiguous
10839867.0,LA RUMBA RESTAURANT AND LOUNGE,1363 Wilson Ave None M3M 1H7,likely_restaurant
10826118.0,LA SALA RESTAURANTE,1975 Queen St E None M4L 1J1,likely_restaurant
10852687.0,LA SANAZ GRILL,1000 Gerrard St E None M4M 3G6,likely_restaurant
10832148.0,LA SANI GRILL,1965 WESTON RD None M9N 1W8,likely_restaurant
10807404.0,LA SEN VIETNAMESE CUISINE,155 Yorkland Blvd Unit-A1 M2J 0E9,likely_restaurant
10847486.0,LA TAQUERIA BY MEXHICO,221 Spadina Ave None M5T 2E2,likely_restaurant
10799148.0,LA UNICA PANADERIA MEXICANA,850 Wilson Ave None M3K 1E5,ambiguous
10840035.0,LA UNICA PANDERIA MEXICANA,4 Bradstock Rd None M9M 1M8,ambiguous
10854164.0,LADERACH,"25 THE WEST MALL, Unit-1984A None M9C 1B8",ambiguous
10829788.0,LADUREE,65 Front St W None M5J 1E6,ambiguous
10827663.0,LADURÉE,162 Cumberland St Unit-54 M5R 3N5,ambiguous
10807954.0,LADYBUG TAVERN,890 College St None M6H 1A3,likely_restaurant
10799796.0,LADYBUG WINE BAR,510 King St E Unit-7 M5A 1M1,likely_restaurant
10825558.0,LAHORE TIKKA HOUSE,1365 Gerrard St E None M4L 1Z3,ambiguous
10861298.0,LAHORI XPRESS,1150 Albion Rd Bldg-0 M9V 1A8,ambiguous
10863772.0,LAILA'S CHEESECAKE CO,855 Browns Line None M8W 3V7,ambiguous
10796012.0,LAKEVIEW CONVENIENCE,410 Queens Quay  W None M5V 3T1,likely_not_restaurant
10851658.0,LAL'S KITCHEN,130 Westmore Dr Unit-13 M9V 5E2,likely_restaurant
10826238.0,LALA SPICY LAB,3700 Midland Ave Unit-121 M1V 4V3,ambiguous
10819775.0,LALA SPICY LAB DOWNTOWN,181 College St None M5T 1P7,ambiguous
10808112.0,LALA'S CANTINA,220 Yonge St None M5B 2H1,ambiguous
10815275.0,LALI GURANS,1544 QUEEN ST W None M6R 1A6,ambiguous
10794556.0,LAMBO'S DELI,1372 QUEEN ST E None M4L 1C9,likely_restaurant
10849625.0,LAMOCHI SWEETS,3580 Mcnicoll Ave None M1V 5G2,ambiguous
10789566.0,LAMONT VILLAGE CAFE,2 International Blvd Unit-102 M9W 1A2,likely_restaurant
10829665.0,LANO - THE RITZ-CARLTON HOTEL,181 Wellington St W None M5V 3G7,ambiguous
10808193.0,LANOR JUNIOR MIDDLE SCHOOL,450 LANOR AVE None M8W 2S1,likely_not_restaurant
10810449.0,LAO LAO BAR,5 St Joseph St Unit-R5-4 M4Y 1J6,likely_restaurant
10840434.0,LARB MUANG,45 Baldwin St None M5T 1L1,ambiguous
10779367.0,LARDO,970 College St None M6H 1A5,ambiguous
10783041.0,LARRY'S BACK POCKET,1413 Dundas St W None M6J 1Y4,ambiguous
10832458.0,LARRY'S PLACE,1390 Queen St W None M6K 1L7,ambiguous
10839131.0,LAS MUNS,181 Bay St None M5J 2T3,ambiguous
10855643.0,LAS MUNS,28 Bathurst St Unit-1-112 None,ambiguous
10808137.0,LASHGOD,"236 AVENUE RD, Flr-3RD None M5R 2J4",ambiguous
10838123.0,LATE NIGHT PIZZA BY ALY,3035 KINGSTON RD None M1M 1P1,likely_restaurant
10777922.0,LATIN WORLD,1820 Eglinton Ave W None M6E 2H6,ambiguous
10774745.0,LAURA SECORD,1800 Sheppard Ave E None M2J 5A7,ambiguous
10775300.0,LAYLAK LEBANESE CUISINE,25 Toronto St None M5C 2R1,likely_restaurant
10817901.0,LAZEEZ SHAWARMA,6230 Finch Ave W None M9V 0A1,likely_restaurant
10827212.0,LAZEEZ SHAWARMA,3260 Lake Shore Blvd W Unit-2-3 M8V 1M4,likely_restaurant
10835797.0,LAZEEZ SHAWARMA,573 Rogers Rd None M6M 1B7,likely_restaurant
10837806.0,LAZEEZ SHAWARMA,1225 Kennedy Rd Unit-B1 M1P 4Y1,likely_restaurant
10797119.0,LAZY BARISTA,155 Queens Quay  E Unit-1 M5A 0W4,ambiguous
10840310.0,LAZY DAISY FOODS,388 CARLAW AVE None M4M 2T4,ambiguous
10824692.0,LAZY DOUGH,1775 Avenue Rd None M5M 3Y8,ambiguous
10780591.0,LAZY SHACK/Mala Boy Restaurant,160 Mc Caul St Unit-MAIN M5T 1W4,likely_restaurant
10831676.0,LE BEAU BOULANGERIE,131 Mill St None M5A 2Z8,ambiguous
10828494.0,LE BISOU,866 EGLINTON AVE W None M6C 2B6,ambiguous
10800928.0,LE BLEU COFFEE,728 St Clair Ave W None M6C 1B3,likely_restaurant
10807421.0,LE DOLCI,12 SOUSA MENDES ST None M6P 0A8,ambiguous
10851569.0,LE GOURMAND COMMISSARY KITCHEN,14 Mc Caul St Unit-204 M5T 1V6,likely_restaurant
10828464.0,LE JARDIN DE MOLIERE,866 The Queensway Bldg-100 M8Z 1N7,ambiguous
10812150.0,LE JASMIN BAKERY,"1845 AVENUE RD, Unit-A None M5M 3Z4",likely_restaurant
10825164.0,LE PETIT CHAPERON ROUGE,700 Milverton Blvd None M4C 1X9,ambiguous
10808115.0,LE PETIT CORNICHON,220 Yonge St None M5B 2H1,ambiguous
10830665.0,LE PETIT PAIN,431 Spadina Rd None M5P 2W3,ambiguous
10850768.0,LE PETITE CAFE,696 The Queensway Bldg-- M8Y 1K9,likely_restaurant
10790173.0,LE TIGRE,1060 Yonge St Flr-2 M4W 2L4,ambiguous
10829353.0,LEAN MEALS / MUNCH BOX,"545 KEELE ST, Unit-KTCHN 104 None M6N 3E4",ambiguous
10799428.0,LEARNING JUNGLE BRIARCREST,1982 Islington Ave None M9P 3N5,ambiguous
10857064.0,LEBANESE EXPRESS,140 St George St None M5S 3G6,ambiguous
10855499.0,LEE KEE DUMPLING HOUSE,15 Northtown Way None M2N 7A2,ambiguous
10772965.0,LEE RESTAURANT,505 Richmond St W Unit-119 M5V 1Y3,likely_restaurant
10817727.0,LEE YAKINIKU,5330 Yonge St None M2N 5P9,ambiguous
10800700.0,LEEKO,685 LANSDOWNE AVE None M6H 3Y9,ambiguous
10794824.0,LEELA INDIAN FOOD BAR,3108 Dundas St W None M6P 2A1,likely_restaurant
10814627.0,LEEWARD CONVENIENCE,"100 LEEWARD GLENWAY, Unit-1A None M3C 2Z1",likely_not_restaurant
10797461.0,LEFT FIELD BREWERY,"40 HANNA AVE, Ste-203 None None",likely_restaurant
10824006.0,LEGACY LOUNGE,901 Jane St None M6N 4C6,ambiguous
10813631.0,LELERT TORONTO,27 Carlton St Unit-1 M5B 1L2,ambiguous
10809658.0,LEMON LILY,"747 QUEEN ST E, Unit-102 None M4M 1H3",ambiguous
10789402.0,LEMON MART,2428 BLOOR ST W None M6S 1P9,likely_not_restaurant
10840183.0,LEN PANADA,53 Tycos Dr None M6B 1W3,ambiguous
10771510.0,LENA'S ROTI & DOUBLES,"4207 KEELE ST, Unit-4 None M3J 3T8",likely_restaurant
10785797.0,LENI POKI,2340 DUNDAS ST W None M6P 4A9,ambiguous
10832357.0,LENI POKI BUBBLE TEA & SNACKS,300 Manitoba St Unit-1 M8Y 4G6,likely_restaurant
10844071.0,LEO BAR AND GRILL,3081 Kingston Rd None M1M 1P1,likely_restaurant
10842064.0,LERMER,242 Runnymede Rd None M6S 2Y3,ambiguous
10853125.0,LESLIE'S SANDWICH ROOM,969 Queen St E None M4M 1K2,likely_restaurant
10775057.0,LEV BAKERY,801 St Clarens Ave Unit-2 M6H 3X4,likely_restaurant
10840444.0,LEVANDE BAKERY & BBQ,798 Danforth Ave None M4J 1L6,likely_restaurant
10854284.0,LEZMA'S KITCHEN,1818 Jane St None M9N 2T3,likely_restaurant
10804285.0,LI'S BRAISED CHICKEN,3272 Midland Ave Unit-B118 M1V 0C7,likely_restaurant
10786835.0,LIBERTY PIZZERIA,657 Dundas St E None M5A 0P4,likely_restaurant
10836996.0,LIBERTY SHAWARMA,4K Spadina Ave None M5V 3Y9,likely_restaurant
10773036.0,LIBERTY SOHO,139 East Liberty St None M6K 3K4,ambiguous
10808116.0,LIBRETTO,220 Yonge St None M5B 2H1,ambiguous
10786704.0,LIL E COFFEE CAFE (CALGARY),2 St Clair Ave W Unit-107 M4V 1L5,likely_restaurant
10773710.0,LILI,100 King St W None M5X 1K7,ambiguous
10859247.0,LILI,486 Front St W Unit-9 M5V 0V2,ambiguous
10810762.0,LILI KITCHEN,287 Dundas St W None M5T 1G1,likely_restaurant
10830168.0,LILI'S GRILL,2795 Eglinton Ave E Unit-23 M1J 2E1,likely_restaurant
10859425.0,LILIANA,1198 Queen St W None M6J 1J6,ambiguous
10862961.0,LILLIAN PUBLIC SCHOOL SNP,1059 Lillian St None M2M 3G1,likely_not_restaurant
10772262.0,LILY DELIGHTS DIM SUM,27 Milliken Blvd Unit-D9 M1V 5H9,likely_restaurant
10803132.0,LILY'S CAFE & DELI,1575 Lawrence Ave W Unit-3 M6L 1C3,likely_restaurant
10844491.0,LIMON MIDTOWN,3265 Yonge St None M4N 2L5,ambiguous
10792473.0,LIN XIANG NING,"5418 YONGE ST, Unit-19 None M2N 6X4",ambiguous
10824819.0,LIN XIANG NING,24 Wellesley St W Unit-7 M4Y 2X6,ambiguous
10821537.0,LIN'S JOY,2483 Finch Ave W None M9M 2G1,ambiguous
10826091.0,LING KEE TRADING,3833 MIDLAND AVE None M1V 5L6,likely_not_restaurant
10786700.0,LINK HAUS,423 DONLANDS AVE None M4J 3S2,ambiguous
10823423.0,LINNY'S,174 Ossington Ave None M6J 2Z7,ambiguous
10808808.0,LION COFFEE,140 Westmount Ave None M6H 3K4,likely_restaurant
10807560.0,LIPAR BOX,15 Northtown Way Unit-20 M2N 7A2,ambiguous
10814737.0,LIPIEC MEATS,50 Airview Rd Unit-13 M9W 4P2,ambiguous
10799901.0,LISBON HOTEL,19 LAWREN HARRIS SQ None M5A 0T5,ambiguous
10829219.0,LITSEA CUISINE,3550 Victoria Park Ave None M2H 2N5,likely_restaurant
10838288.0,LITTLE BANGLADESH RESTAURANT,2940 Danforth Ave None M4C 1M5,likely_restaurant
10791283.0,LITTLE BASKET,500 ROGERS RD None M6M 1B3,ambiguous
10792149.0,LITTLE BASKET GROCERY + CONVENIENCE,650 Queens Quay  W None M5V 3N2,ambiguous
10777103.0,LITTLE CAESARS,840 St Clair Ave W Unit-104 M6C 1C1,ambiguous
10805704.0,LITTLE CAESARS,452 Rathburn Rd 7 M9C 3S8,ambiguous
10807201.0,LITTLE CAESARS,"1000 GERRARD ST E, Unit-C14 None M4M 3G6",ambiguous
10860265.0,LITTLE CAESARS,2872 Ellesmere Rd None M1E 4B8,ambiguous
10846675.0,LITTLE ESE,875 Queen St W None M6J 1G5,ambiguous
10823019.0,LITTLE GIANTS CHILDCARE CENTRE,38 Forest Manor Rd None None,ambiguous
10810519.0,LITTLE HARVEST FRESH MARKET,486 Front St W Unit-WM M5V 0V2,ambiguous
10851076.0,LITTLE ITALY PIZZA & DELIGHTS,1093 VICTORIA PARK AVE None M4B 2K2,likely_restaurant
10790503.0,LITTLE MOO,1400 QUEEN ST E None M4L 1C9,ambiguous
10847707.0,LITTLE MOON KITCHEN,1921 Eglinton Ave E Unit-567 M1L 2L6,likely_restaurant
10808791.0,LITTLE PEBBLES,540 College St None M6G 1A6,ambiguous
10834763.0,LITTLE PEBBLES,240 Augusta Ave None M5T 2L7,ambiguous
10816983.0,LITTLE SWEET BAKERY,90 Turbine Dr Unit-16 M9L 2S2,likely_restaurant
10862110.0,LIU LOQUM ATELIER,505 Richmond St W None M5V 1Y3,ambiguous
10844201.0,LIVING EARTH FARM,1165 PETROLIA RD None M3J 2X7,ambiguous
10712855.0,LIVING WORD ASSEMBLY OF GOD CHURCH,139 Millwick Dr None M9L 1Y7,likely_not_restaurant
10861438.0,LO BANH MI TAN KHANH,748 Wilson Ave None M3K 1E2,ambiguous
10845823.0,BENTO SUSHI,585 Queen St W None M5V 2B7,likely_restaurant
10802434.0,LOBLAWS CITY MARKET,55 Bloor St W None M4W 1A5,likely_not_restaurant
10836718.0,LOBO'S EATERY,2450 Victoria Park Ave Unit-111 M2J 4A1,likely_restaurant
10861476.0,LOBSTER BOY,"63 SILVER STAR BLVD, Unit-D20 None M1V 5E5",ambiguous
10851371.0,LOBSTER LEGEND NOODLE BAR,1133 Queens Plate Dr Unit-250 M9W 6K5,likely_restaurant
10798291.0,LOCAL PUBLIC EATERY,141 Adelaide St W None M5H 3L5,likely_restaurant
10839818.0,LOEI THAI KITCHEN AND BAR,640 Queen St W None M6J 1E4,likely_restaurant
10789568.0,LOFT BACK TO HOME - BATHURST ST,3705 Bathurst St None M6A 2E8,ambiguous
10795040.0,LOGAS CORNER,1407 Queen St W None M6K 1M3,ambiguous
10780236.0,LOKMA & MONTEIRO,1950 Lawrence Ave E None M1R 2Y9,ambiguous
10796157.0,LOKUM EATS,23 St Johns Rd None M6P 1T7,likely_restaurant
10861444.0,LOLA ASTY,4403 Kingston Rd Unit-102 M1E 2N2,ambiguous
10814948.0,LOLA BAR RESTAURANT,40 Kensington Ave None M5T 2J9,likely_restaurant
10780776.0,LONCH SUSHI AND TERIYAKI,85 Ellesmere Rd None M1R 4B8,likely_restaurant
10860292.0,LONCH-TIME,1275 Bloor St W Bldg-- M6H 1N7,ambiguous
10852618.0,LONELY DINER,432 College St None M5T 1T3,likely_restaurant
10794751.0,LONG BRANCH SOCIAL HOUSE,3595 Lake Shore Blvd W None M8W 1P5,ambiguous
10820210.0,LONG GUI BBQ HOUSE,2950 Birchmount Rd Unit-7A M1W 3G5,likely_restaurant
10772677.0,LONZO'S KITCHEN,1960 Lawrence Ave E Unit-18A M1R 2Z1,likely_restaurant
10835208.0,LOOTIE PATOOTIE,1070 EGLINTON AVE W None M6C 2C5,ambiguous
10785625.0,LORD ROBERTS JUNIOR PUBLIC SCHOOL,165 Lord Roberts Dr None M1K 3W5,likely_not_restaurant
10847680.0,LORENZO'S PIZZERIA,852 Pape Ave None M4K 3T6,likely_restaurant
10781623.0,LORETTO ABBEY CATHOLIC SCHOOL,101 MASON BLVD None M5M 3E2,likely_not_restaurant
10824329.0,LORETTO COLLEGE,70 St Mary St None M5S 1J3,likely_not_restaurant
10814286.0,LORETTO COLLEGE SCHOOL,151 ROSEMOUNT AVE None M6H 2N1,likely_not_restaurant
9009103.0,LORI GARDENS CENTRE FOR EARLY LEARNING,2405 Finch Ave W Unit-2 M9M 2X2,ambiguous
10844121.0,LOS CANTARITOS,1009 Dufferin St None M6H 4B2,ambiguous
10799846.0,LOS COMPAS TACOS,140A Spadina Ave Unit-A 101 M5V 2L4,likely_restaurant
10835980.0,LOS GYROS,500 Queen St E None M5A 1T7,ambiguous
10831366.0,LOS PANCHOS,1823 Weston Rd Unit-1 M9N 1V9,ambiguous
10789782.0,LOS TRES PANADEROS,1860 Eglinton Ave W None M6E 2J4,ambiguous
10848121.0,LOST IN TOKYO PARFAIT SHOP,636 Queen St W None M6J 1E4,ambiguous
10846156.0,LOUF,501 Davenport Rd None M4V 1B8,ambiguous
10843733.0,LOUIE COFFEE,1179 King St W None M6K 3C5,likely_restaurant
10804343.0,LOW BAR,1426 Bloor St W None M6P 3L5,likely_restaurant
10788886.0,LUCIE,100 Yonge St Unit-100 M5C 2W1,ambiguous
10842763.0,LUCILE'S WEST INDIAN RESTAURANT & GROCERY,1344 Kennedy Rd None M1P 2L7,ambiguous
10820831.0,LUCKY CONVENIENCE,"1244 LAWRENCE AVE E, Unit-D None M3A 1C3",likely_not_restaurant
10800334.0,LUCKY DONKATSU,"415 YONGE ST, Bldg-- None M5B 2E7",ambiguous
10818939.0,LUCKY ELINEXT MART,1021 COXWELL AVE None M4C 3G4,likely_not_restaurant
10850371.0,LUCKY HOUSE,304 Richmond St W None M5V 1X2,ambiguous
10819140.0,LUCKY LARRY'S CONVENIENCE & CIGARS,1981 DAVENPORT RD None M6N 1C5,likely_not_restaurant
10795048.0,LUCKY SUPERMARKET,1438 Queen St W None M6K 1M2,likely_not_restaurant
10834702.0,LUCKY'S EXOTIC BODEGA,213 Ossington Ave None M6J 2Z8,ambiguous
10781256.0,LUCULLUS BAKERY,1800 Sheppard Ave E Unit-2107 M2J 5A7,likely_restaurant
10793275.0,LULLABOO NURSERY AND CHILDCARE CENTER - BEDFORD CAMPUS,11 Bedford Park Ave None M5M 1H8,likely_not_restaurant
10802861.0,LULLABOO NURSERY AND CHILDCARE CENTRE - AVENUE CAMPUS,1133 Avenue Rd None M5N 2E7,likely_not_restaurant
10799279.0,LULU BAR,423 Wellington St W None M5V 1E7,likely_restaurant
10837129.0,LUMA COFFEE,516 Annette St None M6P 1S3,likely_restaurant
10860736.0,LUMACARE,497 Wilson Ave None M3H 1V1,ambiguous
10818354.0,LUMACARE ( MEALS ON WHEELS ),155 Deerhide Cres Bldg-- M9M 2Z2,ambiguous
10859756.0,LUMACARE ADULT DAY PROGRAM,541 Finch Ave W None M2R 3Y3,ambiguous
10852659.0,LUMENUS COMMUNITY SERVICES,65 Hartsdale Dr DOOR 1 & 4 M9R 2S8,ambiguous
10853474.0,LUMENUS COMMUNITY SERVICES,1124 Finch Ave W None M3J 2E2,ambiguous
10855150.0,LUMENUS COMMUNITY SERVICES,65 Wellesley St E Unit-500 M4Y 1G7,ambiguous
10777257.0,LUNA BAKERY,5376 Yonge St None M2N 5R5,likely_restaurant
10812364.0,LUNA'S  KABAB WRAPS,1355 GERRARD ST E None M4L 1Y8,ambiguous
10813482.0,LYLA,60 Sudbury St None M6J 3S7,ambiguous
10797463.0,LYNNWOOD HEIGHTS EXTENDED DAY AND SCHOOL AGE PROGRAM,50 Southlawn Dr None M1S 1J1,likely_not_restaurant
10797464.0,LYNNWOOD HEIGHTS SNACK PROGRAM,50 Southlawn Dr None M1S 1J1,ambiguous
10736724.0,Lawrence Orton Early Learning and Child Care Services,3947 Lawrence Ave E None M1G 1S1,likely_not_restaurant
10803289.0,Lawrence Park School,2180 Bayview Ave None M4N 3K7,likely_not_restaurant
10828576.0,M &  M SEA MOSS,44 Goodmark Pl Unit-2 M9W 6N8,ambiguous
10800098.0,M & A CAFE,1710 Avenue Rd None M5M 3Y6,likely_restaurant
10839700.0,M & D VARIETY,2732 JANE ST None M3L 2N1,likely_not_restaurant
10788743.0,M CHA BAR,5291 YONGE ST None M2N 5R3,likely_restaurant
10820058.0,M CHA BAR,2415 Yonge St None M4P 2E7,likely_restaurant
10849794.0,M CHABAR,491 Bloor St W None M5S 1Y2,ambiguous
10844947.0,M SQUARE CAKE,652 Yonge St None M4Y 2A6,ambiguous
10831052.0,M WELLNEZZ KITCHEN,4801 Keele St Unit-60 M3J 3A4,likely_restaurant
10859485.0,M&D WEST INDIAN CUISINE,8 Westmore Dr Unit-F3 M9V 3Z7,likely_restaurant
10852352.0,M-T FISHBALL NOODLE,3272 Midland Ave Unit-B-123 M1V 0C7,likely_restaurant
10835251.0,MA BELLE,2131 Lawrence Ave E Unit-101 M1R 5G4,ambiguous
10846055.0,MA MAISON,4243 Dundas St W None M8X 1Y3,ambiguous
10828453.0,MAAWAA SHAWARMA,"3308 LAKE SHORE BLVD W, Unit-5 None M8V 1M4",likely_restaurant
10820277.0,MAAYA / MIA,244 Adelaide St W None M5H 1X6,ambiguous
10850861.0,MAAYAA TAKE OUT AND CATERING,"283 MORNINGSIDE AVE, Unit-B None M1E 3G1",likely_not_restaurant
10822558.0,MABEL'S,53 Samor Rd None M6A 1J2,ambiguous
10842046.0,MABEL'S BAKERY & SPECIALTY FOODS,2755 Dundas St W None M6P 1Y4,likely_restaurant
10814123.0,MAC N' WINGS,3165 Markham Rd Unit-C2 M1X 0B5,likely_restaurant
10782092.0,MAC'S SUSHI,"900 DUFFERIN ST, Unit-4016 None M6H 4A9",ambiguous
10800233.0,MACAULAY - HJ ALEXANDER CHILD CARE CENTRE,30 King St None M9N 1K9,likely_not_restaurant
10804831.0,MACAULAY - MOUNTVIEW CHILD CARE CENTRE - BEFORE AND AFTER SCHOOL PROGRAM,"569 JANE ST, Rm-128, 127a None M6S 4A3",likely_not_restaurant
10795809.0,MACAULAY - PELMO PARK CHILD CARE CENTRE,180 Gary Dr None M9N 2M1,likely_not_restaurant
10844737.0,MACAULAY - ST. NICHOLAS OF BARI CHILD CARE CENTRE,363 Rogers Rd None M6E 1R6,likely_not_restaurant
10799914.0,MACAULAY - ST. PAUL VI CHILD CARE CENTRE,270 Laughton Ave None M6N 2X8,likely_not_restaurant
10824827.0,MACAULAY - ST. THOMAS AQUINAS CHILD CARE CENTRE,636 GLENHOLME AVE None M6E 3G9,likely_not_restaurant
10779761.0,MACAULAY CHILD DEVELOPMENT CENTRE- STANLEY CHILD CARE CENTRE,75 Stanley Rd None M3N 1C2,likely_not_restaurant
10824059.0,MACAULAY- ST. JUDE CHILD CARE CENTRE ( B&A),3251 Weston Rd None M9M 2T9,likely_not_restaurant
10795846.0,MACAULAY-GEORGE SYME CHILD CARE CENTRE,69 Pritchard Ave None M6N 1T6,likely_not_restaurant
10827043.0,MACHI MACHI,5317 Yonge St None M2N 5R4,ambiguous
10839172.0,MACHI MACHI,575 Yonge St None M4Y 1Z2,ambiguous
10863077.0,MACHI MACHI,"1800 SHEPPARD AVE E, Unit-2021 B None M2J 5A7",ambiguous
10858869.0,MACU TEA,3250 Midland Ave Unit-G121 M1V 4W9,likely_restaurant
10781711.0,MAD RADISH,333 Bay St None M5H 2R2,ambiguous
10804711.0,MAD RADISH,4 King St W Unit-102 M5H 1B6,ambiguous
10820406.0,MAD RADISH INC,45 Wicksteed Ave Unit-B6 M4G 4H9,ambiguous
10824846.0,MADAME GATEAUX,2034 DANFORTH AVE None M4C 1J6,ambiguous
10848617.0,MADAME SAIGON,2270 Markham Rd Unit-A M1B 2W4,ambiguous
10790344.0,MADAME SAIGON ( MIDTOWN),2038 Yonge St None M4S 1Z9,ambiguous
10834228.0,MADE IN JAPAN TERIYAKI EXPERIENCE,861 York Mills Rd Unit-6 M3B 1Y2,ambiguous
10799101.0,MADE'S KITCHEN AFRICAN CUISINE,1812 Weston Rd None M9N 1V8,likely_restaurant
10841577.0,MADEMOISELLE,563 King St W None M5V 1M1,ambiguous
10812551.0,MADERITE COFFEE,68 Wales Ave None M5T 1J4,likely_restaurant
10830447.0,MADINAH PREMIUM GRILL,3460 Danforth Ave None M1L 1E1,likely_restaurant
10773179.0,MADO,144 Yonge St None M5C 1X6,ambiguous
10793886.0,MADO CAFE,11 Aggie Hogg Gdns None M3C 0G5,likely_restaurant
10803259.0,MADRAS CURRY,178 Carlton St None M5A 2K6,likely_restaurant
10780566.0,MADRE DE LOBO,1226 KING ST W None M6K 1G4,ambiguous
10804638.0,MADURAI PANDIYAS,5780 Sheppard Ave E None M1B 5J6,ambiguous
10811447.0,MAESTRO'S GOURMET PIZZA,"899 QUEEN ST E, Unit-#2 None M4M 1J4",likely_restaurant
10838802.0,MAGADHI SOUTH INDIAN TRADITIONAL KITCHEN,180 Queens Plate Dr Unit A16-A18 M9W 6Y9,likely_restaurant
10821147.0,MAGURO HOUSE,600 Queens Quay  W Unit-11-12 M5V 3M3,ambiguous
10786912.0,MAHA'S CAFE,978 QUEEN ST E None M4M 1K1,likely_restaurant
10842608.0,MAHRAMAZ IMPORTERS,"4800 SHEPPARD AVE E, Unit-101 None M1S 4N5",ambiguous
10829720.0,MAIN EVENT,2856 DANFORTH AVE None M4C 1M1,ambiguous
10396589.0,MAIN KITCHEN,205 Humber College Blvd None M9W 5L7,likely_restaurant
10817184.0,MAIN STREET TERRACE,77 Main St None M4E 2V6,ambiguous
10776270.0,MAJESTIC SHAWARMA,750 Spadina Ave Unit-2 M5S 2J2,likely_restaurant
10835977.0,MAKE ENDS MEET,228 Merton St None M4S 1A1,ambiguous
10781798.0,MAKER PIZZA,1674 Bayview Ave None M4G 3C3,likely_restaurant
10804624.0,MAKI MART,5371 Yonge St None M2N 5R6,likely_not_restaurant
10830459.0,MAKI MART,"5631 STEELES AVE E, Unit-8 None M1V 5P6",likely_not_restaurant
10858495.0,MAKI MART,2103 YONGE ST None M4S 2A4,likely_not_restaurant
10849246.0,MAKILALA,105 Church St None M5C 2G3,ambiguous
10856773.0,MALTA'S FINEST PASTRIES,4138 Dundas St W None M8X 1X3,ambiguous
10856270.0,MALTY AND HOPPY DELICACY,"105 VANDERHOOF AVE, Unit-8 None M4G 2H7",ambiguous
10813240.0,MAMA & PAPA'S GOODSOUP,254 Eddystone Ave None M3N 1H7,ambiguous
10861426.0,MAMA TOBEY AFRICAN STORE,1625 Albion Rd Unit-106 M9V 5H8,ambiguous
10836515.0,MAMA'S GREEK CUISINE,1881 Leslie St Unit-B M3B 2M3,likely_restaurant
10792651.0,MAMACITA,305 Augusta Ave None M5T 2M2,ambiguous
10827830.0,MAMMA'S PIZZA,1627 BAYVIEW AVE None M4G 3B5,likely_restaurant
10836724.0,MAMMA'S PIZZA,249 Queens Quay  W None M5J 2N5,likely_restaurant
10838723.0,MAMMA'S PIZZA,129 Yonge St Unit-A M5C 1W4,likely_restaurant
10835184.0,MANCHU WOK,100 Yonge St Unit-Y11A M5C 2W1,likely_restaurant
10804244.0,MANCINI KITCHEN,1400 Don Mills Rd None M3B 3N1,likely_restaurant
10775279.0,MANDALA GIFT AND VARIETY,1496 Queen St W Unit-2 M6K 1M4,likely_not_restaurant
10803248.0,MANDY'S,480 Front St W Unit-UG05 M5V 0V5,ambiguous
10819138.0,MANDY'S,110 Bloor St W Unit-5B M5S 2W7,ambiguous
10862314.0,MANDY'S,2670 Yonge St None M4P 2J5,ambiguous
10790987.0,MANG JOSE RESTAURANT,3543 BATHURST ST None M6A 2C7,likely_restaurant
10837828.0,MANG TOMAS LECHON,3366 Keele St None M3J 1L5,ambiguous
10817878.0,MANGAL KEBAB HOUSE,1585 Warden Ave Unit-3-4 M1R 2S9,likely_restaurant
10814114.0,MANGO LIKE DESSERTS,"328 PASSMORE AVE, Unit-9 None M1V 5J5",likely_restaurant
10801400.0,MANGO MANGO,337 College St None M5T 1S2,ambiguous
10775729.0,MANGO RAIN,3308 Lake Shore Blvd W Unit-3 M8V 1M4,ambiguous
10774156.0,MANIAN FOOD,6464 Yonge St None M2M 3X4,ambiguous
10823894.0,MANITA ROSEDALE,1164 Yonge St None M4W 2L9,ambiguous
10829488.0,MANNING CANNING KITCHEN,105 Vanderhoof Ave Unit-8 M4G 2H7,likely_restaurant
10829943.0,MANO MANO,37 Kodiak Cres Unit-4 M3J 3E5,ambiguous
10848319.0,MANOR ROAD UNITED CHURCH KITCHEN,240 Manor Rd E None M4S 1R8,ambiguous
10819269.0,MANOTAS UNION,65 Front St W None M5J 1E6,ambiguous
10850639.0,MANRA TIFFIN SERVICE,430 Dawes Rd None M4B 2E8,ambiguous
10807572.0,MANSAFJI,181 PARLIAMENT ST None M5A 2Z4,ambiguous
10834468.0,MANTRA,1554 Queen St W None M6R 1A6,ambiguous
10811982.0,MANYAMAN FOODS,685 Kennedy Rd Unit-1 M1K 2B8,ambiguous
10861428.0,MANYAMAN FOODS EXPRESS,328 Passmore Ave Unit-47 M1V 5J5,ambiguous
10784987.0,MAPLE CONVENIENCE,"3830 BLOOR ST W, Unit-B None M9B 1K8",likely_not_restaurant
10863872.0,MAPLE FIRE RESTAURANT,1571 Sandhurst Crcl Unit-203 M1V 1V2,likely_restaurant
10857226.0,MAPO GAMJATANG BLOOR,630 Bloor St W None M6G 1K7,ambiguous
10798455.0,MAPO POCHA,680 BLOOR ST W None M6G 1L2,ambiguous
10810689.0,MARALLO,"224 AUGUSTA AVE, Unit-A None M5T 2L6",ambiguous
10778245.0,MARATHON CAFE,"28 FINCH AVE W, Unit-111 None M2N 2G7",likely_restaurant
10800968.0,MARATHON CAFE,30 Isabella St None M4Y 1N1,likely_restaurant
10804817.0,MARBLE SLAB CREAMERY,85 Ellesmere Rd None M1R 4B8,ambiguous
10820204.0,MARBLE SLAB CREAMERY,70 Weston Rd 109 M6N 0A7,ambiguous
10858189.0,MARCEL & NARISHA'S NOFRILLS,730 HILLSDALE AVE E None M4S 0C9,ambiguous
10808955.0,MARCHE LEO'S MARKET,475 Front St E None M5A 1G9,ambiguous
10844799.0,MARCHE LEO'S MARKET,4208 DUNDAS ST W None M8X 1Y6,ambiguous
10785042.0,MARINA CAFE BY ERGYS,475 Unwin Ave OUTER MARINA M4M 3M2,likely_restaurant
10831372.0,MARIO PIZZA KITCHEN,355 Pitfield Rd Bldg-1 M1S 3E5,likely_restaurant
10826067.0,MARISQUERIA EL RICONCITO VERACRUZANO,9 Milvan Dr Unit-11-2ND FL M9L 1Y9,ambiguous
10775254.0,MARKET STREET CATCH,100 Yonge St Unit-Y4A M5C 2W1,ambiguous
10809929.0,MARKLAND WOODS CONVENIENCE,"4335 BLOOR ST W, Unit-10 None M9C 2A5",likely_not_restaurant
10798613.0,MARQUIN,100 King St W Unit-CN0159 M5X 1K7,ambiguous
10832787.0,MARRY ME MACHI,"3401 DUFFERIN ST, Unit-CR 110 None M6A 2T9",ambiguous
10803033.0,MARRY ME MOCHI,"1980 ST CLAIR AVE W, Unit-127A None M6N 0A3",ambiguous
10827525.0,MARRY ME MOCHI,210 Augusta Ave None M5T 2L6,ambiguous
10838515.0,MARRY ME MOCHI,"1571 SANDHURST CRCL, Unit-103A None M1V 1V2",ambiguous
10847689.0,MARRY ME MOCHI,220 Yonge St Unit-H023 M5B 2H1,ambiguous
10862724.0,MARRY ME MOCHI,4700 Keele St None M3J 1P3,ambiguous
10814773.0,MARS VILLAGE FOOD,510 Yonge St Bldg-1 M4Y 1X9,ambiguous
10812819.0,MARSHALL MCLUHAN CATHOLIC SECONDARY SCHOOL STUDENT NUTRITION PROGRAM,1107 Avenue Rd None M5N 3B1,likely_not_restaurant
10782023.0,MARTIN ESPRESSO BAR,1421 Bloor St W None M6P 3L4,likely_restaurant
10772282.0,MARTIN LUTHER CHILD CARE,2379 Lake Shore Blvd W None M8V 1B7,likely_not_restaurant
10773514.0,MARTIN LUTHER CHILD CARE,5 Superior Ave None M8V 2M1,likely_not_restaurant
10775723.0,MARTIN'S BAKERY,2761 Markham Rd Unit-15 M1X 1M4,likely_restaurant
10812023.0,MARTINE'S,293 Palmerston Ave None M6J 2J3,ambiguous
10814268.0,MARTINGROVE COLLEGIATE INSTITUTE - SNP - A.M.,"50 Winterton Dr CONFERENCE, BEAR M9B 3G7",likely_not_restaurant
10809407.0,MARTINGROVE COLLEGIATE INSTITUTE INSTAMEALS,50 Winterton Dr None M9B 3G7,likely_not_restaurant
10829604.0,MARU SUN JAPANESE RESTAURANT INC,3555 Kingston Rd None M1M 3W4,likely_restaurant
10841143.0,MARVELOUS BY FRED,2190 Bloor St W None M6S 1N3,ambiguous
10794024.0,MARY BROWN'S CHICKEN,1320 Queen St W None M6K 1L4,likely_restaurant
10797916.0,MARY BROWN'S CHICKEN,2151 St Clair Ave W Unit-102A M6N 1K5,likely_restaurant
10775714.0,MARY BROWNS,2277 Sheppard Ave W Unit-C1 M9M 0G6,ambiguous
10855495.0,MARY BROWNS,141 Spadina Ave None M5V 2K8,ambiguous
10841902.0,MARY SHADD PUBLIC SCHOOL - MORNING SNACK,135 Hupfield Trl None M1B 4R6,likely_not_restaurant
10851053.0,MARY'S BRIGADEIRO,"1377 THE QUEENSWAY, Unit-211 None M8Z 1T1",ambiguous
10836668.0,MARY'S PLACE CHILD CARE CENTRE,185 Queens Quay  E None M5A 4K9,likely_not_restaurant
10780743.0,MASA DELI,985 Dovercourt Rd None M6H 2X6,likely_restaurant
10847901.0,MASA DELI,954 Queen St E None M4M 1J7,likely_restaurant
10860293.0,MASALA BLVD,3260 Lake Shore Blvd W None M8V 1M4,ambiguous
10849033.0,MASALA WOK,2761 Markham Rd Unit-A1 - A2 M1X 1M4,ambiguous
10771340.0,MASCOT BREWERY,37 Advance Rd None M8Z 2S6,likely_restaurant
10831156.0,MASSAWA RESTAURANT,1610 Eglinton Ave W None M6E 2G8,likely_restaurant
10847837.0,MASTER PIZZERIA,436 Dawes Rd None M4B 2E8,likely_restaurant
10796596.0,MASTER POT,280 Spadina Ave Unit-C M5T 3A5,ambiguous
10804818.0,MASTER SUPERMARKET,329 Roncesvalles Ave None M6R 2M8,likely_not_restaurant
10847789.0,MATCHA HAUS,324 BATHURST ST None M5T 2S3,ambiguous
10863812.0,MATCHA HAUS,890 Queen St E None M4M 1J3,ambiguous
10804620.0,MATCHA MATCHA,407 Church St Bldg-- M4Y 0E1,ambiguous
10861407.0,MATCHA MATCHA,294 DUNDAS ST W None M5T 1G2,ambiguous
10820838.0,MATCHA YUZU,"390 SILVER STAR BLVD, Unit-166 None M1V 0G5",ambiguous
10805795.0,MATCHATIME,1104 WILSON AVE None M3M 1G7,ambiguous
10809170.0,MATSUTEI SUKIYAKI,438 Dundas St W None M5T 1G7,ambiguous
10848535.0,MATTAMY ATHLETIC CENTRE AT MAPLE LEAF GARDENS,50 Carlton St None M5B 1J2,ambiguous
10823076.0,MATTY ECKLER COMMUNITY CENTRE,953 Gerrard St E None M4M 1Z4,likely_not_restaurant
10827786.0,MAVEN TORONTO,112 Harbord St Unit-FRONT M5S 1G6,ambiguous
10588796.0,MAX CAFE BAR & GRILL,1515 Birchmount Rd Unit-8 M1P 2G7,likely_restaurant
10795797.0,MAXIME'S,75 Portland St None M5V 2M9,ambiguous
10799002.0,MAYFLOWER CHINESE FOOD,1500 Royal York Rd None M9P 3B6,ambiguous
10796295.0,MAZZA KEBAB AND GRILL,"2737 KEELE ST, Unit-27 None M3M 2E9",likely_restaurant
10859851.0,MC MAN PIZZA,2116 DANFORTH AVE None M4C 1J9,likely_restaurant
10853297.0,MC'DONALDS,2365 Dundas St W None M6P 1W7,ambiguous
10788498.0,MCCAFE,65 Front St W None M5J 1E6,ambiguous
10774419.0,MCDONALD'S,1305 Lawrence Ave W Unit-340 M6L 1A5,likely_restaurant
10776703.0,MCDONALD'S,4435 Kingston Rd None M1E 2N6,likely_restaurant
10793222.0,MCDONALD'S,1571 Sandhurst Crcl None M1V 1V2,likely_restaurant
10794687.0,MCDONALD'S,65 Front St W Bsmt-CRU472/470 M5J 1E6,likely_restaurant
10821482.0,MCDONALD'S,25 Carrier Dr None M9W 6J1,likely_restaurant
10830841.0,MCDONALD'S,2020 Jane St None M9N 2V3,likely_restaurant
10859519.0,MCDONALD'S,19 Bathurst St Unit-B M5V 0N2,likely_restaurant
10861111.0,MCDONALD'S,298 Spadina Ave None M5T 2E7,likely_restaurant
10861234.0,MCDONALD'S,5995 Steeles Ave E None M1V 5P7,likely_restaurant
10854155.0,MCDONALDS,127 Church St None M5C 2G5,likely_restaurant
10832811.0,MCGREGOR PARK COMMUNITY CENTRE,2231 Lawrence Ave E None M1P 2P5,likely_not_restaurant
10837875.0,MEAL QUEEN,130 St George St None M5S 1A5,ambiguous
10822672.0,MEAN POUTINE,4841 Yonge St Unit-204 M2N 5X2,ambiguous
10806868.0,MEAT ON MILLIKEN,23 Milliken Blvd Unit-B5 M1V 5H7,ambiguous
10805793.0,MEATAA SEVEN,5285 Yonge St Flr-2 M2N 5R3,ambiguous
10784996.0,MEATY EATS,2288 Bloor St W None M6S 1N9,likely_restaurant
10790801.0,MEDI-PLACE / GUARDIAN PHARMACY,"3300 BLOOR ST W, Unit-146 None M8X 2X3",likely_not_restaurant
10800198.0,MEDINA SPICE,1943 Weston Rd None M9N 1W8,ambiguous
10565492.0,MEET YOU 177,177 College St None M5T 1P7,ambiguous
10859595.0,MEGA KEBAB STAKE HOUSE,730 Wilson Ave None M3K 1E2,likely_restaurant
10807826.0,MEHFIL SHAWARMA & KATHI ROLL,"4286 KINGSTON RD, Unit-1 None M1E 2M8",likely_restaurant
10805510.0,MEHFILL INDIAN CUISINE,2590 Yonge St None M4P 2J3,likely_restaurant
10815050.0,MEHMAN RESTAURANT,2789 DANFORTH AVE None M4C 1L9,likely_restaurant
10855187.0,MEI CONVENIENCE,236 SHUTER ST None M5A 1W1,likely_not_restaurant
10819585.0,MEL'S BAKERY,996 Dovercourt Rd None M6H 2X5,likely_restaurant
10833002.0,MELEWA BAKERY,21 Trojan Gt Unit-7 M1V 1T2,likely_restaurant
10826193.0,MELLIS CHOCOLATE,"5418 YONGE ST, Unit-10 None M2N 6X4",ambiguous
10813004.0,MELRICK'S,371 Wilson Ave None M3H 1T3,ambiguous
10780121.0,MELTWICH,4525 Kingston Rd Unit-H9 M1E 2P1,ambiguous
10855183.0,MELTWICH,105 The Pond Rd Unit-90 M3J 0K9,ambiguous
10801318.0,MENALI,471 Danforth Ave None M4K 1P1,ambiguous
10805206.0,MENALON BAKERY,811 St Clair Ave W None M6C 1B9,likely_restaurant
10841008.0,MENICURE +,3391 YONGE ST None M4N 2M8,ambiguous
10832861.0,MENICURE GROOMING PATH,"200 BAY ST, Unit-0106 None M5J 2H0",ambiguous
10776186.0,MERCADO,682 CALEDONIA RD None M6E 4V9,ambiguous
10776769.0,MERCADO DE CARNE,1301 St Clair Ave W None M6E 1C2,ambiguous
10801209.0,MERCURY ESPRESSO,465 King St E None M5A 1L6,ambiguous
10783556.0,MERLOT,2994 Bloor St W None M8X 1C2,ambiguous
10854492.0,MERYEM HANIM'S TURKISH BREAKFAST CAFE,3200 Dufferin St Unit-21 M6A 3B2,likely_restaurant
10828932.0,MESOBS RESTAURANT INC.,685 Lansdowne Ave None M6H 3Y9,likely_restaurant
10808325.0,META - CULINARY BACK OF HOUSE,199 Bay St Flr-13 M5L 1E7,ambiguous
10841116.0,METANOIA CAFE AND DESSERTS BAR,116 Marine Parade Dr None M8V 0B7,likely_restaurant
10855328.0,METRO CAFETERIA,5559 Dundas St W None M9B 1B9,ambiguous
10811542.0,MEVAME EAT MEDITERRANEAN,2 Alexander St Bldg-- M4Y 0J2,ambiguous
10860738.0,MEX CO LATIN STORE,724 Wilson Ave None M3K 1E2,ambiguous
10803120.0,MEXHICO,26 Baldwin St None M5T 1L2,ambiguous
10862129.0,MEXI-PAK TACOS,417 SPADINA AVE None M5T 2G6,likely_restaurant
10821111.0,MEXICAN STREET FOOD - HORSE PALACE SOUTH HPS 15 - CNE 2025,100 PRINCES BLVD None M6K 3C3,ambiguous
10838561.0,MEXICO LINDO EXPRESS,2586 Birchmount Rd None M1T 2M5,ambiguous
10840798.0,MEXOLOGY KITCHEN,1891 Eglinton Ave W Bldg-1 M6E 2J5,likely_restaurant
10849651.0,MEYERS VARIETY PLUS,2223 JANE ST None M3M 1A5,likely_not_restaurant
10787641.0,MEZA GROUP,411 Richmond St E Bsmt-3 M5A 3S5,ambiguous
10786183.0,MEZCALERO & TAPAS,509 Bloor St W Unit-UPPER M5S 1Y2,ambiguous
10781250.0,MEZES,440 Danforth Ave None M4K 1P4,ambiguous
10779711.0,MEZZA NOTTE TRATTORIA,3169 Dufferin St None M6A 2S9,ambiguous
10776851.0,MGR DE CHARBONNEL-SNP,110 Drewry Ave None M2M 1C8,ambiguous
10786983.0,MHEL,1059 Bloor St W None M6H 1M5,ambiguous
10820212.0,MI GUSTO ES,707 Dundas St W Unit-9A M5T 2W6,ambiguous
10786901.0,MICCHYS AFRICAN CARIBBEAN MARKET,3117 Dufferin St Unit-B M6A 2S9,ambiguous
10814446.0,MICHAEL POWER / ST JOSEPH HIGH SCHOOL - SNP,105 ERINGATE DR None M9C 3Z7,likely_not_restaurant
10843143.0,MICHAEL'S NO FRILLS,2979 Kingston Rd Unit-2979 M1M 1P1,likely_not_restaurant
10816719.0,MICHEL'S BAKERY CAFE,100 King St W Unit-CS04 CN131 M5X 1K7,likely_restaurant
10826584.0,MICHEL'S BAKERY CAFE,3401 Dufferin St Unit-33A M6A 2T9,likely_restaurant
10789541.0,MICHOACANADA,9 Milvan Dr Unit-406 M9L 1Y9,ambiguous
10817598.0,MIDERS KITCHEN AND BAR,1370 Birchmount Rd Unit-1 M1P 2E3,likely_restaurant
10774502.0,MIDNIGHT COOKIE,3 MANOR RD E None M4S 1P7,ambiguous
10804893.0,MIDNIGHT COOKIE,363 Clinton St None M6G 2Z1,ambiguous
10842955.0,MIDNIGHT COOKIE-QUEEN,561 Queen St W None M5V 2B6,ambiguous
10799486.0,MIDORI RAMEN,5313 Yonge St None M2N 5R4,likely_restaurant
10831036.0,MIDORI RAMEN,3401 Dufferin St Unit-FC14 M6A 2T9,likely_restaurant
10771395.0,MIDWAY COFFEE SHOP,2340 Dundas St W Unit-G11 M6P 4A9,likely_restaurant
10815883.0,MIDYECI RIZA,954 Wilson Ave None M3K 1E7,ambiguous
10847672.0,MIELUNA,483 Bay St Unit-110S M5G 2C9,ambiguous
10812753.0,MIGENTE COCINA,823 Dundas St W Unit-MAIN FLOOR M6J 1V4,ambiguous
10861155.0,MIGGY'S TORONTO,"105 VANDERHOOF AVE, Unit-8 None M4G 2H7",ambiguous
10796373.0,MIGHTY BIRD,65 Front St W None M5J 1E6,ambiguous
10823889.0,MIKAKU UDON BAR,229 Carlton St None M5A 2L2,likely_restaurant
10775980.0,MILESTONE'S,646 Dixon Rd None M9W 1J1,ambiguous
10815975.0,MILESTONES,218 Yonge St Unit-YG-19 M5B 2H6,likely_restaurant
10847050.0,MILKY NAMNAM,"4465 SHEPPARD AVE E, Unit-3A None M1S 5H9",ambiguous
10803189.0,MILKY'S,1243 Dundas St W None M6J 1X6,ambiguous
10784141.0,MILNE VALLEY MIDDLE SCHOOL,100 Underhill Dr Rm-KITCHEN M3A 2J9,likely_not_restaurant
10842910.0,MINH'S,4271 Sheppard Ave E Unit-BLGD 1 M1S 4G4,ambiguous
10803729.0,MIO SUSHI-ARIA SUSHI,626 Queen St W Unit-626 M6J 1E4,likely_restaurant
10844522.0,MIRACLE MONTESSORI SCHOOL,20 Upjohn Rd Unit-103-105 M3B 2V9,likely_not_restaurant
10858038.0,MISC COFFEE,299 Ossington Ave None M6J 3A1,likely_restaurant
10439422.0,MISOM HALAL FOODS,"6 CURITY AVE, Unit-15 None M4B 1X2",ambiguous
10827039.0,MISS DURIAN,"3330 MIDLAND AVE, Unit-131 None M1V 5E7",ambiguous
10819872.0,MISS IVY,"502 QUEEN ST W, Unit-502 None M5V 2B3",ambiguous
10855333.0,MISS Q BBQ CHINESE RESTAURANT,4186 Finch Ave E Unit-22 M1S 4T5,likely_restaurant
10846233.0,MISS WISHING WELL,1757 Avenue Rd None M5M 3Y8,ambiguous
10838338.0,MISTER C,80 Blue Jays Way None M5V 2G3,ambiguous
10854484.0,MISTER WHEEL,5317 Yonge St Unit-B M2N 5R4,ambiguous
10774618.0,MITFAR ART CAFE GALLERY,1098 Yonge St None M4W 2L6,likely_restaurant
10857003.0,MITHAS,1300 Finch Ave W Bldg-33 M3J 3K2,ambiguous
10829215.0,MITZIES JERK KITCHEN,"20 LOCKPORT AVE, Bldg-119 None M8Z 2R7",likely_restaurant
10833658.0,MIX 40,573 Yonge St None M4Y 1Z2,ambiguous
10772337.0,MIZNON,1235 BAY ST None M5R 3K4,ambiguous
10819770.0,MIZNON,1121 CASTLEFIELD AVE None M6B 1E8,ambiguous
10835946.0,MIZNON,65 Front St W Unit-400B M5J 1E6,ambiguous
10804275.0,MIZU OMAKASE SUSHI,"3720 MIDLAND AVE, Unit-112 None M1V 4V3",likely_restaurant
10816975.0,MIZZICA GELATERIA & CAFE,2375 Yonge St None M4P 2C8,likely_restaurant
10851088.0,MJ CURRY KITCHEN AND SHAWARMA,278 George St None None,likely_restaurant
10808481.0,MJ MINI MART,1539 Jane St None M9N 2R3,likely_not_restaurant
10773562.0,MJM SUPERMARKET,3391 Lake Shore Blvd W None M8W 1N2,likely_not_restaurant
10835682.0,MO CATERING,30 Bertrand Ave Unit-C6 M1L 2P5,likely_not_restaurant
10849974.0,MO'S FOOD AND VARIETY STORE,937 Danforth Ave None M4J 1L8,likely_not_restaurant
10802452.0,MOBIL GAS STATION,2460 St Clair Ave W None M6N 1L2,ambiguous
10843209.0,MOCHA BAR AND CUISINE,1290 DANFORTH AVE None M4J 1M6,likely_restaurant
10822424.0,MODU THREE BROTHERS,3260 Midland Ave Unit-F101-102 M1V 0C5,ambiguous
10856433.0,MODU THREE BROTHERS,4860 Yonge St None M2N 5N2,ambiguous
10774163.0,MODULAR HOUSING MEAL PROGRAM,321 Dovercourt Rd None M6J 3E4,ambiguous
10799839.0,MOFER COFFEE,132 QUEENS QUAY E None M5A 3Y5,likely_restaurant
10825960.0,MOFER COFFEE,65 Front St E None M5E 1B5,likely_restaurant
10851986.0,MOFER COFFEE,55 University Ave None M5J 2H7,likely_restaurant
10803405.0,MOGOUYAN HAND PULLED NOODLE,354 Queen St W None M5V 2A2,likely_restaurant
10812096.0,MOJO CAFE,715 The Queensway None M8Y 1L2,likely_restaurant
10850243.0,MOLA CAFE,822 Dundas St W None M6J 1V3,likely_restaurant
10776842.0,MOLKAGTEZ MEXICAN CUISINE,1263 Queen St W None M6K 1L5,likely_restaurant
10832096.0,MOLLY TEA,604 Yonge St None M4Y 1Z3,likely_restaurant
10830113.0,MOM'S BISTRO,"1921 EGLINTON AVE E, Ste-526-527 None M1L 2L6",likely_restaurant
10837256.0,MOM'S PAN FRIED BUN,390 Silver Star Blvd None M1V 0G5,ambiguous
10841414.0,MOM'S PAN FRIED BUN,266 Spadina Ave None M5T 2E4,ambiguous
10805431.0,MOMENTS CAFE,904 Dundas St W None M6J 1W1,likely_restaurant
10822315.0,MOMO COFFEE,4714 Yonge St Flr-2 M2N 5M4,likely_restaurant
10808424.0,MOMO CORNER,161 Baldwin St Unit-6 M5T 1L9,ambiguous
10771305.0,MOMO GHAR - TABI,568 PARLIAMENT ST None M4X 1P8,ambiguous
10810293.0,MOMO GHAR WEST,2392 Bloor St W None M6S 1P5,ambiguous
10811575.0,MOMO HUT,"41 LEBOVIC AVE, Unit-A118 None None",ambiguous
10823015.0,MOMO LOCO,"15 MERCHANTS WHARF, Unit-3 None M5A 0N8",ambiguous
10843439.0,MOMO MOJO,2772 Dundas St W None M6P 1Y3,ambiguous
10837821.0,MOMO2GO,41 Lebovic Ave Unit-A106 None,ambiguous
10821990.0,MOMOBOYZ,1748 Lawrence Ave E None M1R 2Y1,ambiguous
10813042.0,MOMOHEART@675,675 LANSDOWNE AVE None M6H 3Y9,ambiguous
10850869.0,MOMTAZZ KABOB,330 Front St W Bldg-102 M5V 3B7,ambiguous
10858418.0,MON SHEONG TUCK SHOP,2030 MCNICOLL AVE None M1V 5P4,ambiguous
10809586.0,MONARCA LATIN STORE,2581 Eglinton Ave W None M6M 1T3,ambiguous
10844137.0,MONARCA LATIN STORE,1088 St Clair Ave W None M6E 1A7,ambiguous
10793691.0,"MONAWAR SHAN, SYED MUZAFFAR Hotdogs",455 College St None M6G 1A2,ambiguous
10772366.0,MONKEY SUSHI,75 Eglinton Ave E None M4P 2Z9,likely_restaurant
10772676.0,MONKEY SUSHI,461 Danforth Ave None M4K 1P1,likely_restaurant
10797110.0,MONKEY SUSHI,4632 Yonge St None M2N 5M1,likely_restaurant
10803862.0,MONKEY SUSHI,1121 Castlefield Ave None M6B 1E8,likely_restaurant
10848431.0,MONKEY SUSHI,2183 Lake Shore Blvd W Unit-LS5 M8V 1A1,likely_restaurant
10863898.0,MONKEY SUSHI,1396 Don Mills Rd Unit-B110 M3B 2X4,likely_restaurant
10834353.0,MONKEY SUSHI - HIGH PARK,3080 Dundas St W None M6P 1Z8,likely_restaurant
10802842.0,MONSIGNOR FRASER COLLEGE - SNP,178 Edwin Ave 307 M6P 3Z9,likely_not_restaurant
10773127.0,MONSIGNOR FRASER COLLEGE-ANNEX CAMPUS,700 Markham St None M6G 2M3,likely_not_restaurant
10858112.0,MONTANA'S BBQ & BAR,65 Skyway Ave Unit-15 M9W 6C7,likely_restaurant
10822142.0,MONTAUK,"765 DUNDAS ST W, Unit-MAIN None M6J 1T9",ambiguous
10781241.0,MONTE BAKERY,499 Runnymede Rd None M6S 2Z6,likely_restaurant
10773543.0,MONTE BIANCO ITALIAN CUISINE,1201 Bloor St W None M6H 1N4,likely_restaurant
10789719.0,MONTE'S PREMIUM MEATS,409 ROYAL YORK RD None M8Y 2R8,ambiguous
10860622.0,MONTESSORI JEWISH DAY SCHOOL - RIMON,55 Yeomans Rd Unit-PORTABLE M3H 3J7,likely_not_restaurant
9010365.0,MONTGOMERY'S INN,4709 Dundas St W None M9A 1A8,ambiguous
10833612.0,MOON TING HONG BBQ,3290 Midland Ave Unit-11 M1V 3Z9,likely_restaurant
10780387.0,MOONMILK,1695 Dundas St W None M6K 1V2,ambiguous
10859377.0,MORE GELATO & CAFFE,392 Pacific Ave None M6P 2R1,ambiguous
10853985.0,MORE THAN NOODLES,1 Byng Ave None M2N 0E6,likely_restaurant
10792650.0,MORNING PARADE COFFEE BAR,256 Crawford St None M6J 2V8,likely_restaurant
10818796.0,MORTREE ONLINE GROCERIES DELIVERY INC,"585 MIDDLEFIELD RD, Unit-31-33 None M1V 4Y5",likely_restaurant
10772371.0,MOS MOS,200 Bay St None M5J 2H0,ambiguous
10777130.0,MOS MOS COFFEE,1 University Ave Unit-100 M5J 2P1,likely_restaurant
10803854.0,MOS MOS COFFEE,33 BLOOR ST E None M4W 3H1,likely_restaurant
10809918.0,MOS MOS COFFEE,200 Front St W Unit-CO14 M5V 3K2,likely_restaurant
10793179.0,MOSES FRESH JUICE AND SMOOTHIE,356 OAKWOOD AVE None M6E 2W2,likely_restaurant
10778736.0,MOSS PARK ESPRESSO,185 Queen St E None M5A 1S2,ambiguous
10810112.0,MOSS PARK MARKET,260 Queen St E None M5A 1S6,ambiguous
10796213.0,MOSSOP'S SOCIAL HOUSE,56 Yonge St None M5E 1G5,ambiguous
10825870.0,MOTHER INDIA EAST INDIAN ROTI,2542 St Clair Ave W Unit-MAIN M6N 1L7,likely_restaurant
10828911.0,MOTHER INDIA ROTI,1422 Queen St W None M6K 1L9,likely_restaurant
10798800.0,MOTHERDOUGH,"1 WILTSHIRE AVE, Unit-112A None M6N 2V7",ambiguous
10829314.0,MOTO VIA AVENUE,1554 AVENUE RD None M5M 3X5,ambiguous
10818196.0,MOTT 32,190 University Ave None M5H 0A3,ambiguous
10862114.0,MOTTO TORONTO,764 Queen St W None M6J 1E9,ambiguous
10855289.0,MOUNT DENNIS EARLY LEARNING & CHILDCARE CENTRE,1234 Weston Rd None M6M 4P8,ambiguous
10794934.0,MOUNT DENNIS FOOD BANK,"101 HUMBER BLVD, Bldg-MAIN FLOOR None M6N 2H5",likely_not_restaurant
10832251.0,MOZIA FOOD PANTRY,7-11 ARLETA AVE None M3L 2E2,ambiguous
10812994.0,MR CORN LTD - COMMISSARY,150 Rivalda Rd Unit-6 M9M 2M8,ambiguous
10840188.0,MR FISH DOWNTOWN,333 Spadina Ave None M5T 2E9,ambiguous
10840023.0,MR GREEK,333 Bremner Blvd None M5V 3V3,likely_restaurant
10840079.0,MR GREEK,855 Milner Ave None M1B 5N6,likely_restaurant
10774846.0,MR JERK,1365 Lawrence Ave W None M6L 1A4,ambiguous
10798177.0,MR KANE NATRUAL JUICES EXOTIC FRUITS,2829 Weston Rd Unit-2835 M9M 2S1,likely_restaurant
10800195.0,MR PRETZELS,300 Borough Dr Bldg-1 M1P 4P5,ambiguous
10794316.0,MR PUFFS DESSERT BAR,1557 The Queensway Bldg-6 M8Z 1T8,likely_restaurant
10816543.0,MR SINGH 'S PIZZA,982 Albion Rd None M9V 1A7,likely_restaurant
10843316.0,MR SOUVLAKI,148 North Queen St Unit-1 M9C 1A8,ambiguous
10795069.0,MR SUB,438 University Ave Unit-105 M5G 2K8,ambiguous
10838578.0,MR SUB,55 Eglinton Sq Unit-112 M1L 2K1,ambiguous
10817328.0,MR YES NOODLE HOUSE,456 Spadina Ave None M5T 2G8,likely_restaurant
10859134.0,MR. BIRYANI,2598 Birchmount Rd None M1T 2M5,likely_restaurant
10863244.0,MR. CHASKEROS,1512 EGLINTON AVE W None M6E 2G5,ambiguous
10800724.0,MR. GREEK,"6015 STEELES AVE E, Unit-6-7 None None",ambiguous
10823150.0,MR. GREEK,4914 YONGE ST None M2N 5N5,ambiguous
10789851.0,MR. KHAMAN,1753 Albion Rd Unit-1 M9V 1C3,ambiguous
10851024.0,MR. KHAMAN,2250 Midland Ave Unit-9 M1P 4R9,ambiguous
10815037.0,MR. MANGO,40 King St W None M5H 3Y2,ambiguous
10820894.0,MR. MART,535 Bloor St W None M5S 1Y5,likely_not_restaurant
10843163.0,MR. PANG,5418 Yonge St Unit-17 M2N 6X4,ambiguous
10830823.0,MR. PRETZELS,1800 SHEPPARD AVE E None M2J 5A7,ambiguous
10849650.0,MR. PRETZELS,1 Dundas St W Unit-D101A M5G 1Z3,ambiguous
10838394.0,MR. PUFFS,808 York Mills Rd Unit-9 M3B 1X8,ambiguous
10777661.0,MR. PUFFS DESSERT BAR,255 Morningside Ave Unit-B8 M1E 3E6,likely_restaurant
10796799.0,MR. PUFFS DESSERT BAR,3155 Markham Rd Unit-D4 M1X 0B5,likely_restaurant
10803030.0,MR. PUFFS DESSERT BAR,45 Gunns Rd Unit-L102 M6N 4X9,likely_restaurant
10819320.0,MR. SHAKES,"464 SHERBOURNE ST, Unit-- None M4X 1K2",ambiguous
10815305.0,MR. SINGH'S PIZZA,1780 Markham Rd None M1B 2W2,likely_restaurant
10837586.0,MR. SINGH'S PIZZA,3019 Lake Shore Blvd W None M8V 1K2,likely_restaurant
10860861.0,MR. SINGH'S PIZZA,6640 Finch Ave W None M9W 0B3,likely_restaurant
10764061.0,MR. SMOKE AND VARIETY,1116 WILSON AVE None M3M 1G7,likely_not_restaurant
10781013.0,MR. SUB,2050 Victoria Park Ave Unit-A M1R 1V2,ambiguous
10860139.0,MR. SUB,3885 Keele St None M3J 1N6,ambiguous
10845978.0,MR.GREEK,2061 Steeles Ave W Bldg-2 M3J 3N3,ambiguous
10842200.0,MR.SUB,3741 Lawrence Ave E None M1G 1P7,ambiguous
10832897.0,MRS. SUTHERLAND'S COOKIES,65 SKYWAY AVE None M9W 6C7,likely_restaurant
10854137.0,MS INASAL CHARCOAL GRILL CHICKEN,2231 Jane St Unit-1 M3M 1A5,likely_restaurant
10828119.0,MS PHO SAIGON,4002 Sheppard Ave E Unit-101 M1S 4R5,likely_restaurant
10848484.0,MS. POTATO'S MARKET,2001 Yonge St None M4S 1Z8,ambiguous
10800789.0,MSSM OSSINGTON,1221 Dundas St W None M6J 1X3,ambiguous
10788914.0,MSSM YORKVILLE,"154 CUMBERLAND ST, Flr-2 None M5R 1A8",ambiguous
10773674.0,MT. DENIS ABORIGINALS CHILD & FAMILY CENTRE,1290 Weston Rd None M6M 4R3,ambiguous
10804467.0,MTCC - NORTH KITCHEN STORE ROOM,255 Front St W None M5V 2W6,likely_restaurant
10779654.0,MTT DAVISVILLE,588 Mount Pleasant Rd None M4S 2M8,ambiguous
10800424.0,MUAY THAI BAR & RESTAURANT,325 Queen St W None M5V 2A4,likely_restaurant
10777906.0,MUCHO BURRITO,6714 Kingston Rd Unit-1 M1B 1G8,likely_restaurant
10807527.0,MUCHO BURRITO,2061 Steeles Ave W Unit-J01A M3J 3N3,likely_restaurant
10861387.0,MUDASER MART,3230 Eglinton Ave E Unit-A M1J 2H6,likely_not_restaurant
10805597.0,MUIRHEAD PUBLIC SCHOOL STUDENT NUTRITION PROGRAM,25 Muirhead Rd None M2J 3W3,likely_not_restaurant
10805831.0,MUJI,595 Bay St Bldg-C03 M5G 2C2,ambiguous
10859256.0,MUJI - ARTLY COFFEE,486 Front St W Unit-LG11 M5V 0V2,likely_restaurant
10774860.0,MUMBAIKAR INDIAN RESTAURANT,3393 Yonge St None M4N 2M8,likely_restaurant
10791493.0,MUMMA'S KITCHEN,2310 Eglinton Ave E None M1K 2M2,likely_restaurant
10797159.0,MUNNI'S KITCHEN,"750 BIRCHMOUNT RD, Rm-45 None M1K 5H7",likely_restaurant
10793233.0,MUNZUR RESTAURANT AND BUTCHER HOUSE,1361 Wilson Ave Bldg-0 M3M 1H7,ambiguous
10850848.0,MURPHY GREENS FAMILY JUICERY,1427 Kingston Rd None M1N 1R4,likely_restaurant
10861087.0,MURRAY'S VARIETY,724 Browns Line None M8W 3W1,likely_not_restaurant
10837283.0,MUSE BISTRO & BAR,203 Jarvis St None M5B 2C1,likely_restaurant
10803074.0,MUSIC GARDEN EXPRESS,470 QUEENS QUAY W None M5V 3K4,ambiguous
10835473.0,MUSOSHIN HARBORD,130 Harbord St None M5S 1G8,ambiguous
10815959.0,MUSOSHIN WATERWORKS,499 Richmond St W Unit-K2 None,ambiguous
10858180.0,MY DREAM,"19 WADE AVE, Bldg-- None M6H 1P4",ambiguous
10859147.0,MY GREEK TABLE,454 Eglinton Ave W None M5N 1A5,ambiguous
10773367.0,MY HOUSE,2882 Dundas St W None M6P 1Y8,ambiguous
10813780.0,MY INNER CHILD PAINT BAR STUDIO,2725 YONGE ST None M4N 2H8,likely_restaurant
10798199.0,MY ROTI PLACE,1574 Bayview Ave None M4G 3B7,likely_restaurant
10819471.0,MY ROTI PLACE / MY DOSA PLACE,1571 Sandhurst Crcl None M1V 1V2,likely_restaurant
10787852.0,MY ROTI PLACE/MY DOSA PLACE,255 Morningside Ave Unit-H7 M1E 3E6,likely_restaurant
10790171.0,MY ROTI PLACE/MY DOSA PLACE,901 King St W None M5V 3H5,likely_restaurant
10803190.0,MY ROTI PLACE/MY DOSA PLACE,70 WESTON RD None M6N 0A7,likely_restaurant
10839495.0,MYAS MARKET & CONVENIENCE,1572 QUEEN ST E None M4L 1E9,likely_not_restaurant
10803077.0,MYEONGDONG GYOZA KALGUKSU KOREAN RESTAURANT,467 Bloor St W None M5S 1X9,likely_restaurant
10841129.0,MYMYCHICKEN TOWN CENTER,300 Borough Dr Unit-FC13 M1P 4P5,ambiguous
10792883.0,Mayil Coffee,870 College St None M6H 1A3,likely_restaurant
10847659.0,N.L. GINZBURGS,548 College St None M6G 1B1,ambiguous
10780719.0,NAAN AND KABOB,8 William Kitchen Rd Bldg-N100 M1P 5B7,ambiguous
10800280.0,NAAN KABOB,240 Queen St W None M5V 1Z7,ambiguous
10857873.0,NAARI THAI BBQ,501 College St None M6G 1A5,likely_restaurant
10811199.0,NABULU COFFEE,6 St Joseph St None M4Y 1J7,likely_restaurant
10840535.0,NADO FORMAGERIE,270 The Kingsway 2B M9A 3T7,ambiguous
10824310.0,NAFAQO RESTAURANT SHAWARMA AND MORE,2011 Lawrence Ave W None M9N 3V3,likely_restaurant
10786881.0,NAI NAI INDONESIAN FOOD,122 St Patrick St Unit-20 M5T 2X8,ambiguous
10811983.0,NAIJA EATERY,500 Rexdale Blvd None M9W 6K5,likely_restaurant
10778977.0,NAIJA JOLLOF,1300 Finch Ave W Unit-23 M3J 3K2,ambiguous
10836667.0,NAIJA JOLLOF,592 Queen St W None M6J 1E3,ambiguous
10854712.0,NAIJAA RESTAURANT-FINE AFRICAN CUISINE,2300 Finch Ave W Unit-54-55 M9M 2Y3,likely_restaurant
10825028.0,NAIMAS,3590 Dufferin St None M3K 1N1,ambiguous
10855524.0,NAIMAS ASIAN FUSION CAFE,2186 DANFORTH AVE None M4C 1K3,likely_restaurant
10798467.0,NAKAMORI,6 SAKURA WAY None M3C 1Z5,ambiguous
10849357.0,NAKWON KISA RESTAURANT,4895 Yonge St None M2N 5N4,likely_restaurant
10822068.0,NALAN BATTERS,"2623 EGLINTON AVE E, Unit-1 None M1K 2S2",ambiguous
10827938.0,NAMASTE INDIA INDIAN CUISINE,606 Bloor St W None M6G 1K4,likely_restaurant
10852816.0,NAMASTE PAVILION RESTAURANT,4438 Sheppard Ave E Unit-201 M1S 5V9,likely_restaurant
10838555.0,NAMASTE TIBETAN KITCHEN,1427 Queen St W None M6K 1M3,likely_restaurant
10817895.0,NAMMA MADURAI,296 Markham Rd Bldg-1 M1J 3C5,ambiguous
10788651.0,NAMUL,2029 YONGE ST None M4S 2A2,ambiguous
10781788.0,NANA'S CREPERIE,1917 QUEEN ST E None M4L 1H3,ambiguous
10792786.0,NANG SAIGON RESTAURANT,450 Bloor St W None M5S 1X8,likely_restaurant
10771900.0,NANI'S GELATO,120 LYNN WILLIAMS ST None M6K 3N6,ambiguous
10626371.0,NANTANA THAI FOOD & DESSERTS,707 Dundas St W Unit-3B M5T 2W6,likely_restaurant
10851739.0,NANTHA CATERS,111 Finchdene Sq Unit-4 M1X 1B5,ambiguous
10779861.0,NANTHA MAJESTIC CITY,2900 Markham Rd Unit-6-9 M1X 1E6,ambiguous
10840826.0,NANYANG FUSION,879 Bay St Unit-3 M5S 3K6,ambiguous
10774417.0,NARCOS TACOS,2072 Lawrence Ave E None M1R 2Z5,likely_restaurant
10838397.0,NARIN PASTRY,881 Wilson Ave None M3K 1E6,ambiguous
10816744.0,NARMER MONTESSORI,41 Glendinning Ave None M1W 3E2,ambiguous
10775105.0,NASIB'S SHAWARMA AND FALAFEL,1867 Lawrence Ave E None M1R 2Y3,likely_restaurant
10815308.0,NATIONAL BAKERY & PASTRY,812 College St None M6G 1C8,likely_restaurant
10825817.0,NATIONAL BOWL,480 Front St W None M5V 0V5,ambiguous
10798669.0,NATIONS TRANSFORMATION MINISTRIES,2589 EGLINTON AVE W None M6M 1T3,ambiguous
10805604.0,NATIVE CHILD AND FAMILY SERVICES,111 Spadina Rd None M5R 2T1,ambiguous
10779853.0,NATIVE LEARNING CENTRE EAST - SNP,145 Guildwood Pkwy None M1E 1P5,ambiguous
10803641.0,NATIVE LEARNING CENTRE SNP,83 Alexander St Rm-213 M4Y 1B7,ambiguous
10786872.0,NATIVE WOMEN'S RESOURCE CENTRE OF TORONTO,191 Gerrard St E None M5A 2E5,ambiguous
10811056.0,NATURAL FLAVA'S,1657 EGLINTON AVE W None M6E 2H1,ambiguous
10859484.0,NATURAL JUICE,8 Westmore Dr Unit-N10 M9V 3Z7,likely_restaurant
10790835.0,NATURE'S EMPORIUM,110 Harbour St Flr-201 M5J 0B7,ambiguous
10779488.0,NATURE'S SIGNATURE,2155 St Clair Ave W None M6N 1K5,ambiguous
10855291.0,NATURLANDIA,2237 DUNDAS ST W None M6R 1X6,ambiguous
10843306.0,NAVE KITCHEN,19 Trinity Sq None None,likely_restaurant
10796467.0,NAVINO FOODS,"328 PASSMORE AVE, Unit-12B None M1V 5J5",ambiguous
10786544.0,NAVRANG JUNCTION - EXPRESS INDIAN CAFE,874 MARKHAM RD None M1H 2Y2,likely_restaurant
10775297.0,NBA COURTSIDE RESTAURANT,15 Queens Quay  E Unit-101 M5E 0C5,likely_restaurant
10859355.0,ND'S GOOD LUCK CONVENIENCE,4178 KINGSTON RD None M1E 2M4,likely_not_restaurant
10863147.0,NEIGHBORS MARKET,1490 BATHURST ST None M5P 3G9,ambiguous
10848513.0,NEIGHBOURS COMMUNITY HOMES,550 Kingston Rd None M4E 3V6,ambiguous
10862266.0,NELLAS CANADA,145 Guildwood Pkwy None M1E 1P5,ambiguous
10793450.0,NENE CHICKEN,124 Chestnut St None M5G 1R3,likely_restaurant
10794411.0,NEO COFFEE BAR,61 Spadina Ave None M5V 2J2,likely_restaurant
10806116.0,NEO COFFEE BAR,130 King St W None M5X 1K7,likely_restaurant
10827906.0,NEO COFFEE BAR,12 GLOUCESTER ST None M4Y 1L5,likely_restaurant
10797137.0,NEON COMMISSARY,243 Wallace Ave None None,ambiguous
10839743.0,NEPAL INDIA CURRY HOUSE,167 Roncesvalles Ave None M6R 2L3,likely_restaurant
10812938.0,NESPRESSO,65 Front St W None M5J 1E6,ambiguous
10787516.0,NETTE'S CAFE,276 Wilson Ave Unit-0 M3H 1S8,likely_restaurant
10829134.0,NETTE'S CAFE,1646 Victoria Park Ave Unit-6 M1R 1P7,likely_restaurant
10836195.0,NETWORK CHILD CARE SERVICE - ST. BARTHOLOMEW SITE,51 Heather Rd None M1S 2E2,likely_not_restaurant
10862829.0,NEW AAFRIEN,55 Eglinton Ave E None M4P 1G8,ambiguous
10799442.0,NEW ARYANA AFGHAN STORE,232 Markham Rd None M1J 3C2,ambiguous
10818078.0,NEW ASAFO MARKET,1050 Albion Rd None M9V 1A7,ambiguous
10820350.0,NEW BITE INDIAN CUISINE,744 Browns Line None M8W 3W1,likely_restaurant
10786922.0,NEW CANTON KITCHEN,633 Silver Star Blvd Unit-F5 M1V 5N1,likely_restaurant
10840005.0,NEW DA FU SEAFOOD CUISINE,5651 Steeles Ave E Unit-1-5 M1V 5P6,likely_restaurant
10853446.0,NEW INDIA FRESH MARKET,"2626 ISLINGTON AVE, Bldg-_ None M9V 2X3",ambiguous
10776329.0,NEW JAZEERA CAFE,2007 Lawrence Ave W Unit-26 M9N 3V1,likely_restaurant
10853433.0,NEW MAKOLA MARKET,"48 REXDALE BLVD, Unit-A None M9W 5Z3",ambiguous
10776004.0,NEW MIRCHI DHABA,4810 Sheppard Ave E Unit-220 M1S 4N6,ambiguous
10822700.0,NEW MIRCHI DHABA,1646 Victoria Park Ave None M1R 1P7,ambiguous
10786803.0,NEW SPICELAND SUPER MARKET,5790 Sheppard Ave E None M1B 5J6,ambiguous
10832330.0,NEW TASTY,1222 KING ST W None M6K 1G4,ambiguous
10820040.0,NEW THAI LIME RESTAURANT,1551 DUPONT ST None M6P 3S5,likely_restaurant
10787486.0,NEW YORK FRIES,3401 Dufferin St Unit-FC10 M6A 2T9,likely_restaurant
10791815.0,NEW YORK FRIES,900 Dufferin St None M6H 4A9,likely_restaurant
10855315.0,NEWSERENAGRILLS,"3110 KINGSTON RD, Unit-2 None M1M 1P2",ambiguous
10782933.0,NEWTONBROOK SECONDARY SCHOOL-SNP,155 Hilda Ave None M2M 1V6,likely_not_restaurant
10842440.0,NGANDA,254 Adelaide St W None M5H 1X6,ambiguous
10812955.0,NGOGO,646 Queen St W Unit-646 M6J 1E4,ambiguous
10806819.0,NICAROMA CAFE,357 Oakwood Ave None M6E 2W1,likely_restaurant
10829437.0,NICHIBAN SUSHI 4 U,3517 Kennedy Rd Unit-3 M1V 4Y3,likely_restaurant
10390460.0,NICHOLBY'S BY I.C.S.,277 Front St W None M5V 2X4,ambiguous
10800726.0,NICKEL BROOK BREWING CO.,1589 The Queensway Unit-3 M8Z 5W9,likely_restaurant
10862830.0,NICKS NO FRILLS,75 THE ESPLANADE None None,likely_not_restaurant
10816912.0,NICOCA RAMEN,385 Silver Star Blvd None M1V 0E3,likely_restaurant
10832795.0,NIGERIA PALACE RESTAURANT,"1847 LAWRENCE AVE E, Bldg-1 None M1R 2Y3",likely_restaurant
10773840.0,NIJI JAPANESE RESTAURANT,1095 Ellesmere Rd None M1P 2W9,likely_restaurant
10854899.0,NIKKO FOODS,"83 DYNAMIC DR, Unit-5 None M1V 4C8",ambiguous
10837637.0,NINA'S BRUNCH,238 Augusta Ave None M5T 2L7,ambiguous
10810093.0,NINE TO FIVE EATS,4002 Sheppard Ave E Unit-104A M1S 4R5,likely_restaurant
10796447.0,NINO'S CONVENIENCE STORE,467 COSBURN AVE None M4J 2N6,likely_not_restaurant
10857660.0,NISHA'S CULINARY,5928 Finch Ave E Unit-3 M1B 5P8,ambiguous
10841031.0,NITRO ESPRESSO BAR CORP,20 BERMONDSEY RD None M4B 1Z5,likely_restaurant
10835711.0,NIUMA COFFEE- Basement Food Court,222 Spadina Ave Unit-28 M5T 3B3,likely_restaurant
10818829.0,NO CAP WINGS,4915 Steeles Ave E None M1V 4Z3,likely_restaurant
10816891.0,NO FRILLS,42 Hanna Ave None M6K 0C3,likely_not_restaurant
10829842.0,NO FRILLS,759 Mount Pleasant Rd None M4S 2N4,likely_not_restaurant
10844104.0,NO FRILLS,449 Parliament St None M5A 3A3,likely_not_restaurant
10826800.0,NO VACANCY,74 Ossington Ave None M6J 2Y7,ambiguous
10851873.0,NOBLE & SUPERIOR,237 DUNDAS ST E None M5A 1Z7,ambiguous
10780607.0,NOBLE MOMOS,2923 LAWRENCE AVE E None M1P 2S8,ambiguous
10815870.0,NOBU HOTEL AND RESTAURANT TORONTO,15 MERCER ST None M5V 1H2,likely_restaurant
10832818.0,NOLA EATERY & BAR,1161 Queen St E None M4M 1L3,likely_restaurant
10802640.0,NOME IZAKAYA,92 Fort York Blvd None M5V 4A7,ambiguous
10846703.0,NOMZ,140 Sunrise Ave None M4A 1B3,ambiguous
10828370.0,NONNA LIA,337 Oakwood Ave None M6E 2V8,ambiguous
10848851.0,NONNI CAFE AND BAKERY,430 King St W Bldg-4 M5V 1L5,likely_restaurant
10807517.0,NOODLEBOX,2295 Sheppard Ave W Unit-5 M9M 2X8,likely_restaurant
10817347.0,NOON MOMENT,654 Sheppard Ave W None M3H 2S5,ambiguous
10839470.0,NOOR FINE FOOD,"1 HIGH MEADOW PL, Unit-9 None None",ambiguous
10863075.0,NOOR FRIZE,825 EGLINTON AVE E None M4G 4G9,ambiguous
10811893.0,NORD LYON,486 Front St W Unit-WM41 M5V 0V2,ambiguous
10840094.0,NORD LYON,250 Queen St W None M5V 1Z7,ambiguous
10848185.0,NORM & LENORE CHOCOLATE CAFE,2743 Dundas St W None M6P 1Y1,likely_restaurant
10837729.0,NORTH ALBION COLLEGIATE INSTITUTE,2580 Kipling Ave Bldg-- M9V 3B2,likely_not_restaurant
10863334.0,NORTH AMERICAN IMPEX Q/A PROSPERITY FOODS,"4250 DUFFERIN ST, Unit-B None M3H 5W4",ambiguous
10802288.0,NORTH EAST SECONDARY ALTERNATIVE SCHOOL - STUDENT NUTRITION PROGRAM,2900 Don Mills Rd None M2J 3B6,likely_not_restaurant
10809355.0,NORTH KIPLING JNR MIDDLE SCHOOL  - AFTER SCHOOL PROGRAM,2 Rowntree Rd None M9V 5C7,likely_not_restaurant
10768615.0,NORTH OF BROOKLYN PIZZERIA,1728 Avenue Rd None M5M 3Y6,likely_restaurant
10831679.0,NORTH OF BROOKLYN PIZZERIA,"1180 THE QUEENSWAY, Bldg-= None M8Z 1R5",likely_restaurant
10838457.0,NORTH SPIRIT DISTILLERY INC.,2300 Finch Ave W Unit-44 M9M 2Y3,ambiguous
10815687.0,NORTH YORK BANQUET HALL/ PHO OXTAIL,1181 Finch Ave W Unit-1X M3J 2V8,ambiguous
10824069.0,NORTH YORK LITTLE PRINTS  DAYCARE (POPE FRANCIS),319 Ossington Ave None M6J 3A6,likely_not_restaurant
10811188.0,NORTHERN SECONDARY SCHOOL - STUDENT NUTRITION PROGRAM,851 MOUNT PLEASANT RD None M4P 2L5,likely_not_restaurant
10834919.0,NORTHERN TASTE,"1921 EGLINTON AVE E, Unit-203A None M1L 2L6",ambiguous
10800309.0,NORTHLEA ELEMENTARY AND MIDDLE SCHOOL,305 RUMSEY RD None M4G 1R4,likely_not_restaurant
10775374.0,NORTHVIEW HEIGHTS SECONDARY SCHOOL,550 Finch Ave W None M2R 1N6,likely_not_restaurant
10800141.0,NOSH BALLS,"101 OAKDALE RD, Unit-1 None M3N 1W3",ambiguous
10811601.0,NOT FRESH,3680 Victoria Park Ave Unit-6 M2H 3K1,ambiguous
10797404.0,NOTHING BUNDT CAKES,148 North Queen St Unit-G3 M9C 1A8,ambiguous
10863925.0,NOTRE DAME HIGH SCHOOL,12 MALVERN AVE None M4E 3E1,likely_not_restaurant
10807643.0,NOURISH MARKETING INC,201 Niagara St None M5V 1C9,ambiguous
10857841.0,NUDE NAIL SPA,5293 YONGE ST None M2N 5R3,likely_not_restaurant
10779097.0,NUGATEAU,176 YONGE ST None M5C 2L7,ambiguous
10819130.0,NUNU ETHIOPIAN FUSION,1178 QUEEN ST W None M6J 1J5,ambiguous
10841689.0,NUTBAR,102 Bloor St W None M5S 1M8,ambiguous
10860471.0,NUTBAR,127 Ossington Ave None M6J 2Z6,ambiguous
10860561.0,NUTBAR,425 Adelaide St W None M5V 3C1,ambiguous
10832133.0,NUTILICIOUS,3400 Midland Ave Unit-16 M1V 4Y4,ambiguous
10810338.0,NUTMENTO CARIBBEAN GRILL,936 GERRARD ST E None M4M 1Z2,likely_restaurant
10832895.0,NUTRITION BALANCE INC,65 Skyway Ave None M9W 6C7,ambiguous
10782638.0,NUTRITION HOUSE,"161 BAY ST, Unit-C50 None M5J 2S1",ambiguous
10796899.0,NUTTEA,637 Bloor St W None M6G 1K8,ambiguous
10819502.0,NYAD Mason Road,78 Mason Rd None M1M 3R2,ambiguous
10824650.0,NYAMEKYE,2965 Islington Ave Unit-15 M9L 2K8,ambiguous
10831756.0,New Nanthu's Kitchen,80 Nashdene Rd Unit-56 M1V 5E4,likely_restaurant
10846303.0,Noodle Box,3014 Bloor St W Unit-Rear M8X 1C4,likely_restaurant
10776610.0,O CONNOR'S MEAT MARKET,1100 O'Connor Dr Unit-1104 M4B 3L4,ambiguous
10798821.0,O'CONNOR PUBLIC SCHOOL STUDENT NUTRITION PROGRAM,1665 O'Connor Dr Rm-STAFF ROOM M4A 1W5,likely_not_restaurant
10805378.0,O'FRENCHY,163 John St None M5T 1X3,ambiguous
10859243.0,OAK HOUSE RESIDENCE,700 Spadina Ave Flr-2 M5S 2J2,ambiguous
10852295.0,OAKBERRY,333 Bay St Unit-F2 M5H 2R2,ambiguous
10793596.0,OAKBERRY ACAI,160 Marine Parade Dr None M8V 0J3,ambiguous
10844195.0,OAKBERRY ACAI,861 York Mills Rd Unit-10 M3B 1Y2,ambiguous
10840541.0,OAKDALE PARK PUBLIC SCHOOL LUNCH PROGRAM,315 Grandravine Dr None M3N 1J5,likely_not_restaurant
10862496.0,OAKRIDGE JUNIOR PS - SNP - AM,110 Byng Ave None M1L 3P1,ambiguous
10805036.0,OASIS ARTS AND SOCIAL CHANGE PROGRAM,20 Brant St Flr-3 M5V 2M1,ambiguous
10805136.0,OASIS SKATEBOARD FACTORY,707 Dundas St W None M5T 2W6,ambiguous
10811203.0,OASIS TRIANGLE PROGRAM - SNP,115 Simpson Ave None M4K 1A1,ambiguous
10786167.0,OBQ BURGERS,602 Browns Line None M8W 3V5,likely_restaurant
10830745.0,OCCHIOLINO PASTIFICIO,499 Bathurst St None M5S 2P8,ambiguous
10857624.0,OCEAN FARM,"131 FINCHDENE SQ, Unit-9 None M1X 1A6",ambiguous
10828761.0,OCEAN SALES GROUP - THE TOASTIE (RAWF 2024),100 PRINCES BLVD None M6K 3C3,ambiguous
10848854.0,OCHE,461 King St W Bldg-2 M5V 1K7,ambiguous
10817301.0,ODYSSEY,207 Queens Quay  W None M5J 1A7,ambiguous
10796774.0,OEB BREAKFAST CO.,20 Toronto St None M5C 2B8,likely_restaurant
10834145.0,OFFICE,1211 BATHURST ST None M5R 3H3,ambiguous
10851411.0,OFFICE PRO SPACE,128 CUMBERLAND ST None M5R 1A6,ambiguous
10805388.0,OGDEN JUNIOR PUBLIC SCHOOL,33 Phoebe St None M5T 1A8,likely_not_restaurant
10787990.0,OGUZ UYGHUR CUISINE,1110 Finch Ave W Unit-35A M3J 2T2,likely_restaurant
10776347.0,OHIRU CAFE,370 College St None M5T 1S6,likely_restaurant
10829605.0,OJA,23 Victoria St None M5C 2A1,ambiguous
10804283.0,OKEYA KYUJIRO INC.,26 Bellair St None M5R 2C7,ambiguous
10856601.0,OKLAHOMA BURGERS,762 Yonge St None M4Y 2B6,likely_restaurant
10845365.0,OL SKOOL SLICE PIZZA AND WINGS,2965 Islington Ave Unit-1 M9L 2K8,likely_restaurant
10791404.0,OLD.K CHICKEN BURGERS,310 College St None M5T 1S3,likely_restaurant
10785121.0,OLIVER & BONACINI CATERING KITCHEN (3RD FL.),1 York St None None,ambiguous
10771776.0,OLIVER COFFEE BAR,"852 PAPE AVE, Unit-3 None M4K 3T6",likely_restaurant
10844243.0,OM MA JOHN'S PIZZA & THAI EXPRESS,162 Main St None M4E 2V8,likely_restaurant
10840808.0,OMA'S GERMAN BAKERY,2182 DUNDAS ST W None M6R 1X3,likely_restaurant
10853429.0,OMAI RICE BAR,21 Baldwin St None M5T 1L1,likely_restaurant
10831806.0,OMIWOL,"229 CONSUMERS RD, Unit-119 None M2J 0E9",ambiguous
10787594.0,OMNI NOODLE,1800 Sheppard Ave E Unit-1103 M2J 5A7,likely_restaurant
10792749.0,OMNI NOODLE,115 Haynes Ave Unit-20 None,likely_restaurant
10817202.0,ON BAKE,5 Northtown Way Unit-14 M2N 7A1,likely_restaurant
10790146.0,ON/OFF,5463 Yonge St None M2N 5S1,ambiguous
10803614.0,ONE EYED JACK,287 Richmond St W None M5V 1X1,ambiguous
10800255.0,ONE LAST THING,1335 Danforth Ave None M4J 1N1,ambiguous
10818050.0,ONE MORE TIME,"5418 YONGE ST, Unit-16 None M2N 6X4",ambiguous
10861763.0,ONE STAR BAR,538 Queen St W None M5V 2B5,likely_restaurant
10859909.0,ONE STOP WAFFLE SHOP,3140 Dundas St W None M6P 2A1,ambiguous
10804871.0,ONE YORK FOOD HALL (5TH FL.),1 York St Flr-5 None,ambiguous
10826571.0,ONECHURCH.TO,2885 Kennedy Rd None M1V 1S8,ambiguous
10852977.0,ONEFIVESIX,1100 Queen St W Unit-101 M6J 1H9,ambiguous
10789070.0,ONO PIZZA,581 PAPE AVE None M4K 3R5,likely_restaurant
10801885.0,ONO POKE,"3 DUNDAS ST E, Bldg-1 None None",ambiguous
10803777.0,ONO POKE BAR,1353 St Clair Ave W None M6E 1C5,likely_restaurant
10810394.0,ONTARIO TEACHERS' PENSION PLAN,160 Front St W Flr-31-32 None,ambiguous
10847962.0,OODLES WOK,41 Lebovic Ave Unit-A117 None,ambiguous
10794508.0,OOPS ICE CREAM,261 Coxwell Ave None M4L 3B5,likely_restaurant
10826042.0,OPENFIELDS,1561 DUPONT ST None M6P 3S5,ambiguous
10781744.0,OPTEAQ,256 Queen St W Unit-256 M5V 1Z8,ambiguous
10858478.0,ORETTA CAFFE,160 Front St W None None,ambiguous
10859884.0,ORETTA DOWNTOWN,160 Front St W None None,ambiguous
10808212.0,ORFUS WRAP & GRILL,3240 Dufferin St Unit-3 M6A 2T3,likely_restaurant
10832991.0,ORGANIC BYTES INC,"4190 KINGSTON RD, Unit-5 None M1E 4W1",ambiguous
10809954.0,ORGANIC PRESS CAFE,708 Annette St None M6S 2E2,likely_restaurant
10779372.0,ORIENTAL CHOPSTICKS,825 Coxwell Ave Flr-FC-2 M4C 3E7,ambiguous
10836498.0,ORIGINAL SHAWARMA,1795 Victoria Park Ave None M1R 1T2,likely_restaurant
10789592.0,ORO CAFE & EATERY,2377 QUEEN ST E None M4E 1H2,likely_restaurant
10819617.0,OROSHI FISH,962 College St None M6H 1A5,ambiguous
10832448.0,OROSI CAFE,350 SHEPPARD AVE E None M2N 3B4,likely_restaurant
10851017.0,ORUMA MULTI CUISINE BISTRO,80 Ellesmere Rd Unit-5-6 M1R 4C2,likely_restaurant
9011420.0,OSGOODE HALL-CAFETERIA,130 Queen St W Unit-1 M5H 2N5,likely_restaurant
10775093.0,OSMOW'S,605 Rogers Rd Unit-B4 M6M 1B9,likely_restaurant
10789528.0,OSMOW'S,120 Adelaide St W Unit-FC6 M5H 1T1,likely_restaurant
10796874.0,OSMOW'S,1 Dundas St W Unit-F19 M5G 1Z3,likely_restaurant
10809737.0,OSMOW'S,145 Silver Reign Dr Unit-1103 M9W 0G5,likely_restaurant
10815613.0,OSMOW'S,165 East Liberty St None M6K 3K4,likely_restaurant
10844932.0,OSMOW'S,2439 Yonge St None M4P 2E7,likely_restaurant
10862473.0,OSMOW'S,1395 Yonge St None M4T 1Y4,likely_restaurant
10863460.0,OSMOW'S,2406 Bloor St W None M6S 1P9,likely_restaurant
10794594.0,OSMOW'S  (inside Market Place),1265 MILITARY TRL None M1C 1A4,likely_restaurant
10818206.0,OSMOW'S GRILL,351 College St None M5T 1S5,likely_restaurant
10822560.0,OSMOW'S SHAWARMA,1 William Kitchen Rd Unit-A5 M1P 5B7,likely_restaurant
10839656.0,OSMOW'S SHAWARMA,3025 Kingston Rd None M1M 1P1,likely_restaurant
10776995.0,OSMOWS,1780 Markham Rd Unit-110 M1B 2W2,likely_restaurant
10823593.0,OSMOWS,215 Queens Quay  E None M5A 0R6,likely_restaurant
10796953.0,OSPREY CAFE,1714 Queen St W None M6R 1B3,likely_restaurant
10831780.0,OSSTF CAFETERIA & CAFE,60 Mobile Dr None M4A 2P3,likely_restaurant
10860105.0,OSTERIA SPUNTINO,120 FENMAR DR None M9L 1M6,ambiguous
10843049.0,OSU TROPICAL MARKET,"3650 WESTON RD, Unit-20 None M9L 1W2",ambiguous
10829109.0,OTTO'S BERLIN DONER,505 Richmond St W Unit-K12 M5V 1Y3,ambiguous
10803406.0,OUR LADY OF LOURDES SNP,444 Sherbourne St Bldg-- M4X 1K2,ambiguous
10863897.0,OUR LADY OF PEACE CATHOLIC SCHOOL,70 MATTICE AVE None M9B 1T6,likely_not_restaurant
10802324.0,OUT OF THE COLD - EASTMINSTER UNITED CHURCH,310 DANFORTH AVE None M4K 1N6,likely_not_restaurant
10805334.0,OUT OF THE COLD-YORKMINSTER PARK BAPTIST CHURCH,1585 YONGE ST None M4T 1Z9,likely_not_restaurant
10792653.0,OUT OF THIS WORLD CAFE ON QUEEN,1051 Queen St W Unit-4 M6J 1H3,likely_restaurant
10808188.0,OVERPRESSURE CLUB,815 BLOOR ST W None M6G 1M1,ambiguous
10782071.0,OYABONG SUSHI,1976 Queen St E None M4L 1H8,likely_restaurant
10791835.0,PAAN CITY,2623 Lawrence Ave E None M1P 2S2,ambiguous
10858999.0,PAANDIAN VILAS,799 Brimley Rd None M1J 1C9,ambiguous
10806498.0,PABLO'S COFFEE HOUSE,32 Clock Tower Rd Bldg-H1 M3C 0G2,likely_restaurant
10787746.0,PADARIA TORONTO,5 Manor Rd E None M4S 1P7,ambiguous
10808905.0,PADMA RESTAURANT INC,3020 Danforth Ave None M4C 1M7,likely_restaurant
10851302.0,PAGING AFRICAN KITCHEN & LOUNGE,8 Westmore Dr Unit-N9 M9V 3Z7,likely_restaurant
10822783.0,PAINT CABIN,"219 DUFFERIN ST, Unit-2B AND 3B None M6K 3J1",ambiguous
10823792.0,PAK FOK FOOD PRODUCTS,"50 THORNMOUNT DR, Unit-23 None M1B 5P3",ambiguous
10852362.0,PALA 148,150 Cumberland St None M5R 1A8,ambiguous
10807922.0,PALETA KINGS,28 Vansco Rd None M8Z 5J4,ambiguous
10844870.0,PALMOCHI,15 Northtown Way Unit-31 M2N 7A2,ambiguous
10772769.0,PAMPANGUENA,"373 WILSON AVE, Bldg-0 None M3H 1T3",ambiguous
10805301.0,PANAGO PIZZA,120 Lynn Williams St Unit-104 M6K 3N6,likely_restaurant
10848612.0,PANAGO PIZZA,2224 Lake Shore Blvd W None None,likely_restaurant
10782630.0,PANCHO'S BAKERY,235 Augusta Ave None M5T 2M1,likely_restaurant
10843289.0,PANDA BUBBLE TEA & POKE BAR,4750 Yonge St Unit-164 M2N 5M6,likely_restaurant
10816097.0,PANEMOR,129 Queen St E None M5C 1S1,ambiguous
10848599.0,PANERA,253 College St None M5T 1R5,ambiguous
10788622.0,PANETTORINO FORNO ITALIANO,3797 Lake Shore Blvd W None M8W 1R2,ambiguous
10834882.0,PANG'S BBQ,"19B FINCH AVE W, Unit-B None M2N 7K4",likely_restaurant
10828364.0,PANGEA HOT POT,390 Silver Star Blvd Unit-132-137 M1V 0G5,likely_restaurant
10802647.0,PANPAN NOODLE BAR,"390 SILVER STAR BLVD, Unit-42 None M1V 0G5",likely_restaurant
10843964.0,PANTHEON RESTAURANT,407 Danforth Ave None M4K 1P1,likely_restaurant
10827695.0,PANTRY,613 King St W None M5V 1M5,ambiguous
10845529.0,PAPA JOHN PIZZA,538 EGLINTON AVE W None M5N 1B4,likely_restaurant
10777571.0,PAPA JOHN'S,4111 Steeles Ave W None M3N 1V7,ambiguous
10812785.0,PAPA JOHN'S,3551 Sheppard Ave E Unit-2 M1T 3K8,ambiguous
10839822.0,PAPA JOHN'S,858 The Queensway None M8Z 1N7,ambiguous
10860742.0,PAPA JOHN'S,166 Bennett Rd Unit-A M1E 3Y3,ambiguous
10802517.0,PAPA JOHN'S PIZZA,200 Dundas St E Unit-194B M5A 4R6,likely_restaurant
10860356.0,PAPA JOHN'S PIZZA,2244 Kingston Rd None M1N 1T9,likely_restaurant
10787567.0,PAPA JOHNS,4746 DUNDAS ST W None M9A 1A9,ambiguous
10796817.0,PAPA JOHNS,3289 Lake Shore Blvd W None M8W 1M8,ambiguous
10805370.0,PAPA JOHNS,653 College St None M6G 1B7,ambiguous
10844236.0,PAPA JOHNS,678D Sheppard Ave E None M2K 1B7,ambiguous
10791200.0,PAPA JOHNS PIZZA,1269 College St Unit-1 M6H 1C5,likely_restaurant
10803651.0,PAPA JOHNS PIZZA,423 Wilson Ave None M3H 1T5,likely_restaurant
10813964.0,PAPA'S BURGER,1165 ST CLAIR AVE W None M6E 1B2,likely_restaurant
10855826.0,PAPE CHILDREN HOUSE,540 Jones Ave None M4J 3G9,ambiguous
10798341.0,PAPE VILLAGE ORIGINAL GREEK RESTAURANT,942 Pape Ave None M4K 3V5,likely_restaurant
10827901.0,PAPER ROUTE  CAFE,462 KINGSTON RD None M4L 1V3,likely_restaurant
10858505.0,PAPI AND ROSITA,198 Ossington Ave None M6J 2Z7,ambiguous
10827770.0,PAR TEE PONG,26 Duncan St Flr-2 M5V 2B9,ambiguous
10780707.0,PARADISE WINERY INC.,218 Geary Ave None M6H 2C3,ambiguous
10817786.0,PARAISO LATINO,40 Carl Hall Rd Unit-FC 4 M3K 2C1,ambiguous
10823868.0,PARAMOUNT FINE FOODS,1585 The Queensway Bldg-~ M8Z 1T8,ambiguous
10844060.0,PARAMOUNT LEBANESE KITCHEN,181 Bay St Unit-C230 M5J 2T3,likely_restaurant
10819856.0,PARATHA KABAB HOUSE,1179 Brimley Rd None M1P 3G5,ambiguous
10785043.0,PARC AVE,"265 DAVENPORT RD, Flr-2ND None M5R 1J9",ambiguous
10787412.0,PARIS BAGUETTE,4841 Yonge St Unit-120 M2N 5X2,ambiguous
10824089.0,PARIS BAGUETTE,110 Bloor St W None M5S 2W7,ambiguous
10836293.0,PARIS BAGUETTE,"2401 YONGE ST, Unit-103 None M4P 3H1",ambiguous
10854274.0,PARIS BAGUETTE,171 North Queen St Unit-G2 M9C 1A7,ambiguous
10843726.0,PARIS STEAK,120 Atlantic Ave None M6K 1X9,ambiguous
10795807.0,PARIS TEXAS / SWEETHEART,461 King St W None M5V 1K7,ambiguous
10816039.0,PARK LANE PUBLIC SCHOOL,60 Park Lane Crcl None M3C 2N2,likely_not_restaurant
10814878.0,PARK LAWN JR MIDDLE SCHOOL - SNP,71 Ballacaine Dr None M8Y 4B6,likely_not_restaurant
10806629.0,PARK PLACE TUCK SHOP,"111 PACIFIC AVE, Unit-110 None M6P 2P2",ambiguous
10795037.0,PARKDALE FRUIT MARKET,1487 Queen St W None M6R 1A1,ambiguous
10811274.0,PARKSIDE ELEMENTARY SCHOOL,401 CEDARVALE AVE None M4C 4K7,likely_not_restaurant
10836647.0,PARKVIEW SMOKE& VARIETY PLUS INC,1712 QUEEN ST E None M4L 1G7,likely_not_restaurant
10846773.0,PARLIAMENT ICE CREAM SHOPPE,546 PARLIAMENT ST None M4X 1P6,likely_restaurant
10849722.0,PAROS,119 Yorkville Ave None M5R 1C4,ambiguous
10779949.0,PARQUET,97 Harbord St None M5S 1G4,ambiguous
10863318.0,PARS GRILL & LOUNGE,6114 Yonge St None M2M 3W7,likely_restaurant
10772822.0,PARSIAN FINE FOOD,125 QUEEN ST E None M5C 1S1,ambiguous
10829794.0,PASQUALE BROTHERS,"34 KERN RD, Unit-10 None M3B 1T1",ambiguous
10778238.0,PASSION +JUICE,"1700 WILSON AVE, Unit-41 None M3L 1B2",likely_restaurant
10835056.0,PASTABLE,372 Yonge St Bldg-3 M5B 1S6,ambiguous
10830264.0,PASTAIO,90 Signet Dr Unit-15 M9L 1T5,ambiguous
10843841.0,PASTEL BRASIL,995 Weston Rd Unit-10 M6N 3R9,ambiguous
10830511.0,PAT GARDEN MARKET,63 SPRING GARDEN AVE None None,ambiguous
10799755.0,PATAGONIA,1255 St Clair Ave W None M6E 1B8,ambiguous
10800376.0,PATRIA,478 KING ST W None M5V 1L7,ambiguous
10832702.0,PATTAYA CITY,1010 EGLINTON AVE W None M6C 2C5,ambiguous
10779344.0,PATTIES EXPRESS,65 Front St W Bsmt-CRU-435B M5J 1E6,ambiguous
10806357.0,PATTIES EXPRESS,300 Borough Dr Bldg-2 M1P 4P5,ambiguous
10828661.0,PAULINE JOHNSON SCHOOL AGE PROGRAM,35 Dunmurray Blvd None M1T 2K2,likely_not_restaurant
10798836.0,PAULS COFFEE,"88 PALACE PIER CRT, Unit-103 None M8V 4C2",likely_restaurant
10856891.0,PEACEFUL RESTAURANT,515 Bloor St W None M5S 1Y4,likely_restaurant
10807553.0,PEARL BAYVIEW CHINESE CUISINE,291 York Mills Rd None M2L 1L3,likely_restaurant
10791065.0,PEARL YORKVILLE CHINESE CUISINE,730 Yonge St Unit-5 M4Y 2B7,likely_restaurant
10806952.0,PEDAAL INC,168 Brunswick Ave None M5S 2M2,ambiguous
10777053.0,PEGGY'S CARIBBEAN CUISINE,402 Old Kingston Rd None M1C 1B6,likely_restaurant
10809769.0,PEGROLLS,3226 Lake Shore Blvd W None M8V 1M1,ambiguous
10828135.0,PEMAKO KITCHEN,2416 LAKE SHORE BLVD W None M8V 1C4,likely_restaurant
10858951.0,PEMBROKE LODGE,43 PEMBROKE ST None M5A 2N6,ambiguous
10850123.0,PENDAFRICA,509 OAKWOOD AVE None M6E 2W9,ambiguous
10850062.0,PENNIES,667 College St None M6G 1B9,ambiguous
10832329.0,PENTHOUSE 17,"19 TORONTO ST, Unit-300 None M5C 2R1",ambiguous
10837641.0,PEPE'S KITCHEN,382 Northcliffe Blvd None M6E 3L1,likely_restaurant
10834477.0,PEPPER HAKKA AND THAI CUISINE,80 Ellesmere Rd Unit-11 M1R 4C2,likely_restaurant
10772702.0,PERFECT MEAT BOWL,3272 Midland Ave Unit-D123 M1V 0C7,ambiguous
10857523.0,PERFECTAGE,1957 AVENUE RD None M5M 4A3,ambiguous
10803894.0,PERLAS DE PILIPINAS,1970 Eglinton Ave E None M1L 2M6,ambiguous
10829493.0,PERUVIAN DINING,40 Carl Hall Rd Unit-212 M3K 2C1,ambiguous
10784311.0,PETIT DELIGHTS,2130 Morningside Ave Unit-A1-A3 None,ambiguous
10818963.0,PETIT POTATO,1033 Bay St None M5S 3A5,ambiguous
10796236.0,PETITE BOUCHEE,28 Sousa Mendes St None M6P 0B2,ambiguous
10862298.0,PETITE LUMINARIES MONTESSORI,18 Four Seasons Pl Ste-200 M9B 6E7,ambiguous
10864019.0,PETRA AVENUE MARKET,150 Dundas St W Bldg-3 M5G 1C6,ambiguous
10788722.0,PETRO CANADA,2863 DUFFERIN ST None M6B 3S5,likely_not_restaurant
10800313.0,PETRO CANADA,2500 SHEPPARD AVE E None M2J 1X1,likely_not_restaurant
10800795.0,PETRO CANADA,90 The Queensway None M6S 1A5,likely_not_restaurant
10847888.0,PETRO CANADA,2265 DANFORTH AVE None M4C 1K5,likely_not_restaurant
10327775.0,PETRO CANADA HELLO NEIGHBOURS,5495 EGLINTON AVE W None M9C 5K5,likely_not_restaurant
10804642.0,PETRO CANADA SUPER STOP CONVENIENCE,2250 VICTORIA PARK AVE None M1R 1V9,likely_not_restaurant
10780855.0,PETRO CANADA/A&W,1021 Avenue Rd None M5P 2K9,ambiguous
10800077.0,PETRO//V PLUS,1587 JANE ST None M9N 2R8,ambiguous
10863170.0,PETROS82,900 York Mills Rd None M3B 3H2,ambiguous
10785790.0,PHANCY'S BODEGA,2473 Dundas St W None M6P 1X3,ambiguous
10798815.0,PHILTHY PHILLY'S,195 Carlingview Dr None M9W 5E8,ambiguous
10825043.0,PHILTHY PHILLY'S,"80 WESTON RD, Unit-H107 None M6N 3P4",ambiguous
10825479.0,PHILTHY PHILLY'S CHEESESTEAK & POUTINERIE,31 Rexdale Blvd Unit-3110-C3 M9W 1P1,ambiguous
10861725.0,PHIN CAFE BAR,3262 Midland Ave Unit-E105 M1V 0C6,likely_restaurant
10775634.0,PHO 88 RESTAURANT,5197 Yonge St None M2N 5P7,likely_restaurant
10820328.0,PHO 90 QUEEN,500 Queen St W Unit-500 M5V 2B3,likely_restaurant
10795830.0,PHO ANH VU,"3280 MIDLAND AVE, Unit-27-28 None M1V 4W9",likely_restaurant
10831467.0,PHO ANH VU,577 Yonge St Unit-2A M4Y 1Z2,likely_restaurant
10846477.0,PHO ANH VU SCARBOROUGH NORTH,4733 Steeles Ave E Unit-1 M1V 5N3,likely_restaurant
10839755.0,PHO CONCEPT,760 St Clair Ave W None M6C 1B5,likely_restaurant
10815293.0,PHO DAY,"1571 SANDHURST CRCL, Unit-159C None M1V 1V2",likely_restaurant
10823843.0,PHO DUONG,3791 Bathurst St None M3H 3N1,likely_restaurant
10825305.0,PHO GOLDEN STAR RESTAURANT,2532 St Clair Ave W None M6N 1L6,likely_restaurant
10857086.0,PHO HA NOI QUEEN,712 Queen St W None M6J 1E8,likely_restaurant
10863471.0,PHO HIEU,1235 Danforth Ave None M4J 1M8,likely_restaurant
10838696.0,PHO HUE,2190 Mcnicoll Ave Unit-101-102 M1V 0B3,likely_restaurant
10825023.0,PHO JUNCTION,394 Pacific Ave None M6P 2R1,likely_restaurant
10815552.0,PHO KIM,2231 Jane St None M3M 1A5,likely_restaurant
10847854.0,PHO MAMA,1325 Finch Ave W None M3J 2G5,likely_restaurant
10788693.0,PHO NGOC YEN II,1596 The Queensway Bldg------------ M8Z 1V1,likely_restaurant
10845419.0,PHO NGON DAT VIET,1761 Keele St None M6M 3W9,likely_restaurant
10803883.0,PHO PHUONG,1603 DUNDAS ST W None M6K 1T9,likely_restaurant
10810516.0,PHO SON,2319 Keele St Unit-100 - 101 M6M 4A1,likely_restaurant
10862023.0,PHO STREET,"633 SILVER STAR BLVD, Unit-F7 None M1V 5N1",likely_restaurant
10784693.0,PHO T&T EXPRESS,1675 BLOOR ST W None M6P 1A6,likely_restaurant
10830997.0,PHO TIEN PHAT,2133 Jane St Unit-1 M3M 1A2,likely_restaurant
10843741.0,PHO VALLEY,275 Dundas St W Unit-18 M5T 3K1,likely_restaurant
10809592.0,PHO XE LUA RESTAURANT,254 Spadina Ave Unit-FL2 M5T 2C2,likely_restaurant
10802002.0,PHOENIX CAFE,38 Forest Manor Rd Unit-G None,likely_restaurant
10832289.0,PHYLLO CAFFE,920 PAPE AVE None M4K 3V2,ambiguous
10806147.0,PI CO.,102 Danforth Ave None M4K 1N1,ambiguous
10831900.0,PI CO.,1800 Sheppard Ave E Unit-F 014 M2J 5A7,ambiguous
10806501.0,PI CO. PIZZA BAR,2862 Dundas St W None M6P 1Y8,likely_restaurant
10783352.0,PI-CO,"3401 DUFFERIN ST, Unit-FC17 None M6A 2T9",ambiguous
10840269.0,PIANO PIANO,1006 Bloor St W None M6H 1M2,ambiguous
10837395.0,PIANO PIANO LESLIEVILLE,1190 Dundas St E None M4M 0C5,ambiguous
10779005.0,PIASSA'S VARIETY,374 DUNDAS ST E None M5A 2A3,likely_not_restaurant
10788895.0,PICK A POT,45 Four Winds Dr Unit-B M3J 1K7,ambiguous
10807457.0,PICNIC CAFE& CATERING INC,550 Bayview Ave None M4W 3X8,ambiguous
10809230.0,PIDAPIPO GELATO,656 Yonge St None M4Y 2A6,ambiguous
10804773.0,PIEDRA ANGULAR COMMUNITY CENTRE,"3640 WESTON RD, Unit-1 None M9L 1W2",likely_not_restaurant
10836299.0,PIEROGI KING'S,147 RONCESVALLES AVE None M6R 2L2,ambiguous
10781424.0,PIGEON CAFE,337 King St W Flr-1 M5V 1J5,likely_restaurant
10806185.0,PIGEON CAFE,181 Bay St None M5J 2T3,likely_restaurant
10834896.0,PII NONG THAI EATERY,3321 Yonge St None M4N 2L9,likely_restaurant
10808843.0,PIK THAI RESTAURANT,414 Roncesvalles Ave None M6R 2N2,likely_restaurant
10828659.0,PIKA PIKA,486 Front St W None M5V 0V2,ambiguous
10769063.0,PILOT COFFEE ROASTERS,50 WAGSTAFF DR None M4L 3W9,likely_restaurant
10776455.0,PILOT COFFEE ROASTERS,431 Richmond St W None M5V 1X9,likely_restaurant
10795294.0,PILOT COFFEE ROASTERS,1 St Clair Ave E Unit-102 M4T 2V7,likely_restaurant
10829660.0,PINA FOOD LTD,2 St Andrews Blvd None M9R 1V8,ambiguous
10776670.0,PINE HOUSE CAFE,"149 RAVEL RD, Unit-B None M2H 1T1",likely_restaurant
10862065.0,PINE HOUSE CAFE,5441 Yonge St Flr-1 M2N 5S1,likely_restaurant
10839711.0,PINE TREE KOREAN RESTAURANT,6028 Yonge St None M2M 3W5,likely_restaurant
10813414.0,PINK ICE CREAM,666 St Clair Ave W Unit-103 M6C 1B1,likely_restaurant
10842620.0,PINKY SWEAR EATS,2901 Lake Shore Blvd W None M8V 1J3,likely_restaurant
10829101.0,"PINOCHIO CAFE, DESSERT & ICE CREAM",45 Abraham Welsh Rd Unit-B9 M9M 0G6,likely_restaurant
10845646.0,PINOKIO,2350 YONGE ST None M4P 2E6,ambiguous
10829619.0,PINOT'S PALETTE SCARBOROUGH,2361 Brimley Rd Unit-D4 M1S 3L6,ambiguous
10771419.0,PINOY HALO HALO,1571 SANDHURST CRCL None M1V 1V2,ambiguous
10813864.0,PINOY MINI STEP,794 WILSON AVE None M3K 1E2,ambiguous
10810511.0,PINTO MARKET,200 Front St W Unit-C005A M5V 3K2,ambiguous
10816713.0,PIONEER (ON THE RUN),2317 ST CLAIR AVE W None M6N 1K9,ambiguous
10849082.0,PIONEER GAS STATION,3660 DUFFERIN ST None M3K 1N8,ambiguous
10805423.0,PIRAGUA,893 QUEEN ST W None M6J 1G5,ambiguous
10834804.0,PISTACHIO BLEND,"6464 YONGE ST, Unit-109 None M2M 3X4",ambiguous
10771877.0,PITA AND HUMMUS,5280 DUNDAS ST W None M9B 1A9,ambiguous
10771495.0,PITA LAND,407A Bloor St E None M4W 1H7,ambiguous
10771938.0,PITA LAND,11 Industrial St Unit-2 M4G 1Z2,ambiguous
10782242.0,PITA LAND,720 Spadina Ave None M5S 2T9,ambiguous
10788609.0,PITA LAND,285 Rexdale Blvd Unit-2 M9W 1P7,ambiguous
10796693.0,PITA LAND,2300 Yonge St None M4P 1E4,ambiguous
10798835.0,PITA LAND,195 Carlingview Dr None M9W 5E8,ambiguous
10804214.0,PITA LAND,3155 Markham Rd Unit-D5 M1X 0B5,ambiguous
10824802.0,PITA LAND - HUMBER,115 Humber College Blvd Unit-1 M9V 0A9,ambiguous
10785737.0,PITA LITE,1440 Yonge St None M4T 1Y5,ambiguous
10828425.0,PITA LITE,5855 Leslie St None M2H 1J8,ambiguous
10833035.0,PITA LITE,2900 Warden Ave Unit-140 M1W 2S8,ambiguous
10839978.0,PITA LITE,34 King St E Unit-102 M5C 2X8,ambiguous
10860449.0,PITA LITE,644 Sheppard Ave W None M3H 2S1,ambiguous
10811345.0,PITA PIT,33 Bay St Unit-39B M5J 2Z3,ambiguous
10828107.0,PIZZA 2 GO,"5637 FINCH AVE E, Unit-2 None M1B 5K9",likely_restaurant
10860305.0,PIZZA BONO,675 Danforth Ave None M4J 1L2,likely_restaurant
10860469.0,PIZZA CANTINA,3011 Dundas St W None M6P 1Z4,likely_restaurant
10776718.0,PIZZA DEPOT,6210 Finch Ave W None M9V 0A1,likely_restaurant
10835063.0,PIZZA DEPOT,2013 Lawrence Ave W Unit-A4 M9N 0A3,likely_restaurant
10843570.0,PIZZA DEPOT,549 SAMMON AVE None M4J 2B3,likely_restaurant
10844176.0,PIZZA DEPOT,747 Don Mills Rd Unit-21B M3C 1T2,likely_restaurant
10848518.0,PIZZA DEPOT,4986 Dundas St W None M9A 1B7,likely_restaurant
10861600.0,PIZZA DEPOT,2118 QUEEN ST E None M4E 1E2,likely_restaurant
10852820.0,PIZZA FIAMMA,1063 Markham Rd Unit-102 M1H 2Y5,likely_restaurant
10854067.0,PIZZA FIAMMA,2382 Dundas St W None M6P 1W9,likely_restaurant
10785037.0,PIZZA FORNO,475 Unwin Ave OUTER MARINA M4M 3M2,likely_restaurant
10702124.0,PIZZA FORNO,2075 Bayview Ave None M4N 3M5,likely_restaurant
10809772.0,PIZZA HUT,1666 Jane St None M9N 2S1,likely_restaurant
10833131.0,PIZZA HUT,890 St Clair Ave W None M6C 1C5,likely_restaurant
10806804.0,PIZZA KARACHI,2761 Markham Rd None M1X 1M4,likely_restaurant
10837820.0,PIZZA KARACHI,55 Lebovic Ave Unit-104-105 None,likely_restaurant
10828326.0,PIZZA KARACHI TORONTO,465 Queen St W None M5V 2A9,likely_restaurant
10794960.0,PIZZA MARU,66 GERRARD ST E None M5B 1G3,likely_restaurant
10771728.0,PIZZA NOVA,6015 STEELES AVE E None None,likely_restaurant
10772213.0,PIZZA NOVA,645 Mount Pleasant Rd None M4S 2M9,likely_restaurant
10775900.0,PIZZA NOVA,365 Front St W None M5V 3R6,likely_restaurant
10808086.0,PIZZA NOVA,280 Viewmount Ave Unit-1 M6B 1V2,likely_restaurant
10809892.0,PIZZA NOVA,"603 DAVENPORT RD, Unit-2 None M5R 1L1",likely_restaurant
10837343.0,PIZZA NOVA,2201 Ellesmere Rd Unit-A M1G 3M6,likely_restaurant
10836200.0,PIZZA OLIVE,275 Dundas St W Unit-33 M5T 3K1,likely_restaurant
10771884.0,PIZZA PIZZA,85 Danforth Ave None M4K 1M9,likely_restaurant
10772428.0,PIZZA PIZZA,"1571 SANDHURST CRCL, Unit-102 None M1V 1V2",likely_restaurant
10774833.0,PIZZA PIZZA,2938 Finch Ave E Unit-A M1W 2R5,likely_restaurant
10778056.0,PIZZA PIZZA,558 Bloor St W None M6G 1K1,likely_restaurant
10787918.0,PIZZA PIZZA,45 Overlea Blvd None M4H 1C3,likely_restaurant
10792646.0,PIZZA PIZZA,5921 Leslie St None M2H 1J8,likely_restaurant
10796345.0,PIZZA PIZZA,1124 Queen St W None M6J 1J3,likely_restaurant
10804489.0,PIZZA PIZZA,2351 Brimley Rd None M1S 4A3,likely_restaurant
10805986.0,PIZZA PIZZA,200 King St E None M5A 3W8,likely_restaurant
10813513.0,PIZZA PIZZA,64 VAUGHAN RD None M6G 2N4,likely_restaurant
10819455.0,PIZZA PIZZA,1521 Yonge St None M4T 1Z2,likely_restaurant
10825963.0,PIZZA PIZZA,23 Lapsley Rd None M1B 1K1,likely_restaurant
10828127.0,PIZZA PIZZA,3850 Sheppard Ave E Unit-480 M1T 3L4,likely_restaurant
10832476.0,PIZZA PIZZA,1193 BLOOR ST W None M6H 1N4,likely_restaurant
10837886.0,PIZZA PIZZA,738 Sheppard Ave E None M2K 1C3,likely_restaurant
10840679.0,PIZZA PIZZA,140 La Rose Ave Unit-15 M9P 1B2,likely_restaurant
10842766.0,PIZZA PIZZA,3040 Don Mills Rd None M2J 3C1,likely_restaurant
10855117.0,PIZZA PIZZA,811 Dundas St W None M6J 1V4,likely_restaurant
10859923.0,PIZZA PIZZA,693 Mount Pleasant Rd None M4S 2N4,likely_restaurant
10785551.0,PIZZA SHAB,"155 DALHOUSIE ST, Unit-1015A None M5B 2P7",likely_restaurant
10809087.0,PIZZA THERAPY,2382 Lake Shore Blvd W None M8V 1C5,likely_restaurant
10800803.0,PIZZA VILLAGE & BURGERS,2397 EGLINTON AVE E None M1K 2M5,likely_restaurant
10771334.0,PIZZAIOLO,718 Browns Line None M8W 3W1,likely_restaurant
10774854.0,PIZZAIOLO,722 Queen St E None M4M 1H2,likely_restaurant
10775434.0,PIZZAIOLO,4335 Bloor St W 6 M9C 2A5,likely_restaurant
10775590.0,PIZZAIOLO,953 Eglinton Ave W None M6C 2C4,likely_restaurant
10775744.0,PIZZAIOLO,2277 Sheppard Ave W Unit-B2 M9M 0G6,likely_restaurant
10777950.0,PIZZAIOLO,1528 Danforth Ave None M4J 1N4,likely_restaurant
10778638.0,PIZZAIOLO,"1500 ISLINGTON AVE, Unit-1 None M9A 3L8",likely_restaurant
10784026.0,PIZZAIOLO,3180 Lake Shore Blvd W Unit-2 M8V 1L7,likely_restaurant
10785494.0,PIZZAIOLO,2879 Danforth Ave None M4C 1M3,likely_restaurant
10791413.0,PIZZAIOLO,51 Underhill Dr Unit-3 M3A 2J8,likely_restaurant
10793318.0,PIZZAIOLO,4920 YONGE ST None M2N 5N5,likely_restaurant
10800578.0,PIZZAIOLO,707 Yonge St None M4Y 2B2,likely_restaurant
10818051.0,PIZZAIOLO,334 DUNDAS ST W None M5T 1G5,likely_restaurant
10819122.0,PIZZAIOLO,1172 Queen St W None M6J 1J5,likely_restaurant
10819480.0,PIZZAIOLO,4700 Dufferin St None M3H 5S7,likely_restaurant
10830460.0,PIZZAIOLO,123 Spadina Ave None M5V 2K8,likely_restaurant
10830873.0,PIZZAIOLO,305 Port Union Rd Unit-1 M1C 2L5,likely_restaurant
10832375.0,PIZZAIOLO,756 Queen St W None M6J 1E9,likely_restaurant
10840106.0,PIZZAIOLO,1 Toronto St Unit-104 M5C 2V6,likely_restaurant
10774147.0,PIZZAVILLE,3601 Lawrence Ave E Unit-3 M1G 1P5,likely_restaurant
10774152.0,PIZZAVILLE,171 East Liberty St Unit-141 M6K 3P6,likely_restaurant
10793846.0,PIZZAVILLE,796 College St None M6G 1C6,likely_restaurant
10804348.0,PIZZAVILLE,81 Gerry Fitzgerald Dr Unit-A2 M3J 3N4,likely_restaurant
10822651.0,PIZZAVILLE,2141 Kipling Ave Unit-500 M9W 4K8,likely_restaurant
10828471.0,PIZZAVILLE,95 Laird Dr Unit-2 M4G 3T7,likely_restaurant
10830229.0,PIZZAVILLE,2600 Eglinton Ave E Unit-2600 M1K 2R9,likely_restaurant
10835334.0,PIZZAVILLE,"1730 BLOOR ST W, Unit-5A None M6P 1B3",likely_restaurant
10835482.0,PIZZAVILLE,190 QUEENS QUAY E None M5A 3Y4,likely_restaurant
10773985.0,PIZZERIA BADIALI,181 Dovercourt Rd None M6J 3C6,likely_restaurant
10771384.0,PIZZERIA CAROLINA,770 Dundas St W None None,likely_restaurant
10842554.0,PIZZERIA FORNACE,562 Bloor St W None M6G 1K1,likely_restaurant
10819252.0,PIZZERIA NO 900 BEACHES,1987 QUEEN ST E None M4L 1J1,likely_restaurant
10815980.0,PIZZERIA POPOLO,"499 RICHMOND ST W, Unit-R8-B None None",likely_restaurant
10847949.0,PIZZZA GIANT,4002 Sheppard Ave E Unit-102D M1S 4R5,ambiguous
10839453.0,PJ'S NO FRILLS,899 College St None M6H 1A1,likely_not_restaurant
10804981.0,PLACOS TACOS,21 Kensington Ave None M5T 2J8,likely_restaurant
10822060.0,PLANET PUNJAB,45 Four Winds Dr Unit-C M3J 1K7,ambiguous
10832846.0,PLANTASIA NATURAL FOODS,265 SCARLETT RD None M6N 4L1,ambiguous
10840332.0,PLASP CHILD CARE SERVICES - DIVINE MERCY,101 Van Horne Ave None M2J 2S8,likely_not_restaurant
10797242.0,PLASP CHILD CARE SERVICES - STS COSMAS AND DAMIEN  BEFORE & AFTERSCHOOL PROGRAM,111 DANESBURY AVE None M6B 3L3,likely_not_restaurant
10846025.0,PLASP CHILD CARE SERVICES-SUMMIT HEIGHTS P.S. BEFORE & AFTER SCHOOL PROGRAM,139 ARMOUR BLVD None M3H 1M1,likely_not_restaurant
10823757.0,PLASP HOLY ANGELS (BEFORE AND AFTER ),65 Jutland Rd None M8Z 2G6,ambiguous
10825321.0,PLASP LANOR JUNIOR MIDDLE SCHOOL,450 Lanor Ave None M8W 2S1,likely_not_restaurant
10825171.0,PLASP TWENTIETH STREET JUNIOR SCHOOL,3190 LAKE SHORE BLVD W None M8V 1L8,likely_not_restaurant
10854795.0,PLATO ROYAL,785 Danforth Ave None M4J 1L2,ambiguous
10832164.0,PLAYDIUM,1800 Sheppard Ave E Unit-2074 M2J 5A7,ambiguous
10816232.0,PLAYGROUND CAFE,16 Lower Jarvis St None None,likely_restaurant
10863553.0,PLEASANT VIEW MIDDLE SCHOOL,175 Brian Dr None M2J 3Y8,likely_not_restaurant
10808688.0,PLUS 84 CAFE,954 College St None M6H 1A5,likely_restaurant
10849521.0,PLUSH CAFE AND BAR,897 Queen St W None M6J 1G5,likely_restaurant
10796385.0,POKE EATS,1934 Queen St E None M4L 1H6,likely_restaurant
10798637.0,POKEWORKS,197 North Queen St None M9C 4Y1,ambiguous
10805861.0,POKEWORKS,486 Front St W Unit-WM22 M5V 0V2,ambiguous
10847546.0,POKEWORKS,65 Front St W None M5J 1E6,ambiguous
10802933.0,POKITO,2 St Clair Ave E Unit-C005 M4T 2T5,ambiguous
10860874.0,POLANKO,1002 St Clair Ave W None M6E 1A2,ambiguous
10816749.0,POOP-A-LICIOUS-CAFE,1355 St Clair Ave W None M6E 1C5,likely_restaurant
10802694.0,POPE FRANCIS CATHOLIC SCHOOL,319 Ossington Ave Rm-120 M6J 3A6,likely_not_restaurant
10794014.0,POPEYE'S,3740 Midland Ave None M1V 4V3,ambiguous
10775474.0,POPEYE'S LOUISIANA KITCHEN,666 Burnhamthorpe Rd 23 M9C 2Z4,likely_restaurant
10844990.0,POPEYES,400 Queen St W None M5V 2A6,likely_restaurant
10776105.0,POPEYES LOUISIANA KITCHEN,1000 Gerrard St E Unit-C13 M4M 3G6,likely_restaurant
10784044.0,POPEYES LOUISIANA KITCHEN,3931 Keele St None M3J 1N6,likely_restaurant
10784767.0,POPEYES LOUISIANA KITCHEN,553 Bloor St W None M5S 1Y6,likely_restaurant
10793842.0,POPEYES LOUISIANA KITCHEN,195 Carlingview Dr None M9W 5E8,likely_restaurant
10794832.0,POPEYES LOUISIANA KITCHEN,900 Dufferin St Unit-116 M6H 4A9,likely_restaurant
10810642.0,POPEYES LOUISIANA KITCHEN,2221 Bloor St W None M6S 1N7,likely_restaurant
10845265.0,POPEYES LOUISIANA KITCHEN,501 ST CLAIR AVE W None M5P 0A2,likely_restaurant
10846937.0,POPEYES LOUISIANA KITCHEN,674 Sheppard Ave W None M3H 2S5,likely_restaurant
10851872.0,POPEYES LOUISIANA KITCHEN,1877 Eglinton Ave W None M6E 2J5,likely_restaurant
10822723.0,POPOKI,"627 ST CLAIR AVE W, Unit-R None M6C 1A7",ambiguous
10775814.0,POPULAR PIZZA,680 Rexdale Blvd Unit-22 M9W 0B5,likely_restaurant
10775916.0,POPULAR PIZZA,41 Lebovic Ave Unit-113 None,likely_restaurant
10813838.0,POPULAR PIZZA,540 Evans Ave None M8W 2V4,likely_restaurant
10800896.0,POPYEYES LOUISIANA KITCHEN,2193 YONGE ST None M4S 2B2,likely_restaurant
10829492.0,PORTICI PIZZERIA,6 Scollard St Unit-101 M5R 1E9,likely_restaurant
10863248.0,PORTUGUESE INNOVATION FOOD,373 Oakwood Ave None M6E 2W1,ambiguous
10808797.0,PORZIA'S,319 Oakwood Ave Unit-A M6E 2V8,ambiguous
10816251.0,POSEIDON PLATES MEDITERRANEAN & SEAFOOD GRILL,349 Royal York Rd Unit-A M8Y 2R1,likely_restaurant
10840804.0,POTATO BAR,2068 Lawrence Ave E None M1R 2Z5,likely_restaurant
10860810.0,POTATO CORNER,300 Borough Dr Unit-63 M1P 4P5,ambiguous
10793928.0,POTLICIOUS,4188 Finch Ave E None M1S 4T6,ambiguous
10808784.0,POULET ROUGE,25 The West Mall None M9C 1B8,ambiguous
10823847.0,POULET ROUGE,220 Yonge St Unit-F008 M5B 2H1,ambiguous
10826189.0,POULET ROUGE,300 Borough Dr Bldg-1 M1P 4P5,ambiguous
10829112.0,POULET ROUGE,200 Front St W None M5V 3K2,ambiguous
10841643.0,POULET ROUGE,360 Queen St W None M5V 2A2,ambiguous
10810298.0,POUTINE HUB,181 PARLIAMENT ST None M5A 2Z4,ambiguous
10810218.0,POWER KITCHEN LTD,46 Hollinger Rd None M4B 3G5,likely_restaurant
10851652.0,POWPOW GELATO,459 Parliament St None M5A 3A3,ambiguous
10829225.0,PREGAME SOCIAL CLUB,"850 BATHURST ST, Flr-GROUND None M5R 3G1",ambiguous
10819548.0,PREMA COFFEE AND BAR,35 Mc Caul St None M5T 1V7,likely_restaurant
10826540.0,PREMIUM BANH,1980 St Clair Ave W None M6N 0A3,ambiguous
10838681.0,PREMIUM SHAWARMA & PIZZA,2871 KINGSTON RD None M1M 1N3,likely_restaurant
10861318.0,PREMIUM SHAWARMA & PIZZA,242 Parliament St None M5A 3A4,likely_restaurant
10773034.0,PREQUEL & CO APOTHECARY,1036 QUEEN ST W None M6J 1H7,ambiguous
10803552.0,PRESTIGE BY NIGHT,2400 Finch Ave W Unit-1 M9M 2C8,ambiguous
10802274.0,PRET A MANGER,90 Adelaide St W None M5H 3V9,ambiguous
10847839.0,PRETTY OCEAN INC,"100 HALSEY AVE, Unit-7 None M4B 1A9",ambiguous
10832481.0,PRETTY SWEET GELATO,"30 BERTRAND AVE, Unit-B201 None M1L 2P5",ambiguous
10849310.0,PRETTY SWEET GELATO,"110 SILVER STAR BLVD, Unit-116 None M1V 5A2",ambiguous
10819906.0,PRICE WAR,644 DANFORTH AVE None M4K 1R3,ambiguous
10861908.0,PRICE WAR,564 BLOOR ST W None M6G 1K1,ambiguous
10857542.0,PRIMADONNA,"600 KING ST W, Flr-4-5 None M5V 1M3",ambiguous
10783660.0,PRIME SUSHI,2323 Bloor St W Bldg-103 M6S 4W1,likely_restaurant
10796382.0,PRINCE STREET PIZZA CANADA,472 Front St W None M5V 0W1,likely_restaurant
10823198.0,PRIVILEGE T.O,1395 DANFORTH AVE None M4J 1N2,ambiguous
10832773.0,PROCTER & GAMBLE BISTRO,5160 Yonge St Flr-15 M2N 6L9,likely_restaurant
10817866.0,PRODIGY LEARNING CENTRE,1545 Jane St None M9N 2R3,ambiguous
10783287.0,PRODUCTION KITCHEN (FOR CASUAL & COPPERHORN),555 Rexdale Blvd None M9W 7G3,likely_restaurant
10840666.0,PROJECT SEOUL,355 Spadina Ave None M5T 2G3,ambiguous
10808705.0,PROPELLER COFFEE COMPANY,486 Front St W Unit-UG-4 M5V 0V2,likely_restaurant
10852044.0,PROPELLER COFFEE COMPANY,3401 Dufferin St None M6A 2T9,likely_restaurant
10773544.0,PROTEIN SPOT,1970 Eglinton Ave E Unit-1A M1L 2M6,ambiguous
10807615.0,PROTEIN SPOT 2 ( INSIDE LA FITNESS),33 William Kitchen Rd None M1P 5B7,likely_not_restaurant
10822409.0,PUBLIC GARDENS,577 King St W None M5V 1M1,ambiguous
10830925.0,PUFF PATTIES DELIGHT,85 Ellesmere Rd Unit-AF 1008A M1R 4B8,ambiguous
10845994.0,PULP &PAPERIE,1042 COXWELL AVE None M4C 3G5,ambiguous
10790490.0,PUMPERNICKEL'S,200 Wellington St W Unit-350 M5V 3C7,ambiguous
10802824.0,PUMPERNICKEL'S,333 Bay St None M5H 2R2,ambiguous
10843907.0,PUMPERNICKEL'S,351 King St E Unit-103B M5A 0L6,ambiguous
10850012.0,PUNJAABI CHAAP HOUSE / ROYAL PAAN,25 Woodbine Downs Blvd Unit-1-2 M9W 6N5,ambiguous
10789084.0,PUNJABI CHAAP CORNER,38 Elm St Bldg-1 M5G 2K5,ambiguous
10785913.0,PUNJABI HAVELI SWEETS AND RESTAURANT,6620 Finch Ave W Unit-2 M9V 5H7,likely_restaurant
10798034.0,PUNTA CANA HAUS LOUNGE,1902 Jane St None M9N 2T8,ambiguous
10809057.0,PUR & SIMPLE,636 Dixon Rd Unit-1 M9W 1J1,ambiguous
10835560.0,PUR & SIMPLE,2901 Bayview Ave Unit-105-106 M2K 1E6,ambiguous
10842176.0,PUR & SIMPLE,865 York Mills Rd Unit-3 M3B 1Y6,ambiguous
10808792.0,PURPEL,486 Front St W Unit-WM M5V 0V2,ambiguous
10809139.0,PURPEL,65 Front St W Unit-CRU331 M5J 1E6,ambiguous
10810750.0,PURPEL LIBERTY VILLAGE,61 Hanna Ave Unit-B01004A M6K 3N7,ambiguous
10860616.0,PUWAN CONVENIENCE  STORE,551 SAMMON AVE None M4J 2B3,likely_not_restaurant
10808016.0,Pai,274 Parliament St None M5A 3A4,ambiguous
10831387.0,Q - FARM,5070 Dundas St W None M9A 1B9,ambiguous
10772588.0,Q MARKET,"201 LLOYD MANOR RD, Unit-5 None M9B 6H6",ambiguous
10856496.0,QAHWAH CAFE & LOUNGE,6 DIXON RD None M9P 2L1,likely_restaurant
10861361.0,QAHWAH CAFE AND SHISHA LOUNGE,3411 LAKE SHORE BLVD W None M8W 1N2,likely_restaurant
10856159.0,QI JI TRADING CO,160 DYNAMIC DR None M1V 5A5,likely_not_restaurant
10778145.0,QING SHU SPICY HOTPOT,5195 Yonge St None M2N 5P7,ambiguous
10856787.0,QINGZHEN'S BAO,384 Yonge St Bsmt-56 M5B 1S8,ambiguous
10825982.0,QOBA BAKERY,74 Hymus Rd None M1L 2C9,likely_restaurant
10797983.0,QUANTUM COFFEE,486 Front St W None M5V 0V2,likely_restaurant
10861786.0,QUE BIRRIA TAQUERIA,2350 Yonge St None M4P 2E6,likely_restaurant
10832810.0,QUEEN ELIZABETH THEATRE,190 PRINCES BLVD None M6K 3C3,ambiguous
10777007.0,QUEEN GARDEN CAFE,771 Queen St E None M4M 1H5,likely_restaurant
10797326.0,QUEEN STREET CHILDCARE CENTRE,10 White Squirrel Way None M6J 1H4,ambiguous
10808000.0,QUEEN'S CROSS FOOD HALL (MAIN KITCHEN),220 Yonge St None M5B 2H1,likely_restaurant
9062997.0,QUEENS FRUIT MARKET,564 QUEEN ST W None M5V 2B5,ambiguous
10849511.0,QUEENS HARBOUR,245 Queens Quay  W None M5J 2K9,ambiguous
10800489.0,QUESADA,92 King St E Unit-120 M5C 2V8,likely_restaurant
10858409.0,QUESADA BURRITOS & TACOS,900 Warden Ave Unit-E2 M1L 4W6,likely_restaurant
10784832.0,QUESADA BURRITOS & TACOS - ST. MICHAEL'S HOSPITAL,30 Bond St None M5B 1W8,ambiguous
10842740.0,QUESADA BURRITOS& TACOS / PITA-PIT,1121 Castlefield Ave Unit-18 M6B 1E8,likely_restaurant
10830507.0,QUICK CARIBBEAN VARIETY STORE,1985 DAVENPORT RD None M6N 1C5,likely_not_restaurant
10830312.0,QUICKCART CONVENIENCE,1726 Queen St W None M6R 1B3,likely_not_restaurant
10820749.0,R&R VYBZ BAR AND RESTAURANT,1662 Jane St None M9N 2S1,likely_restaurant
10836955.0,R.CHANG FOOD LTD,380 Tapscott Rd Unit-3 M1B 2Y8,ambiguous
10834009.0,RABAGO BAKERY & CAFE,341 Jane St None M6S 3Z3,likely_restaurant
10822119.0,RABBA FINE FOOD,695 Bay St Bldg-1 M5G 0C3,likely_not_restaurant
10778432.0,RABBA FINE FOODS,2687 Kipling Ave Unit-13 M9V 5G6,likely_not_restaurant
10800624.0,RABBA FINE FOODS,171 FRONT ST E None M5A 4H3,likely_not_restaurant
10843596.0,RABBA FINE FOODS,85 VICTORIA ST None M5C 2B1,likely_not_restaurant
10848481.0,RABBA FINE FOODS,4869 Dundas St W None M9A 1B2,likely_not_restaurant
10858553.0,RABBA FINE FOODS,256 Jarvis St None M5B 2J4,likely_not_restaurant
10775901.0,RABBA MARCHE,361 Front St W None M5V 3R5,likely_not_restaurant
10780766.0,RACHEL'S COFFEE HOUSE,2011 YONGE ST None M4S 1Z8,likely_restaurant
10842502.0,RADHUNI PIZZA & GRILL,3096 Danforth Ave None M1L 1B1,likely_restaurant
10846053.0,RADICI PROJECT,588 COLLEGE ST None M6G 1B3,ambiguous
10786878.0,RAGING SPOON,1658 Queen St W None M6R 1B2,ambiguous
10826066.0,RAGU SCRATCH PASTA,934 The Queensway Bldg-_ M8Z 1P4,ambiguous
10862692.0,RAHMI GROCERY N' FRUIT,3468 Danforth Ave None M1L 1E1,ambiguous
10790340.0,RAID GALLERY & CAFE,1720 Queen St W None M6R 1B3,likely_restaurant
10428815.0,RAILS AND ALES,1106 Danforth Ave None M4J 1M3,ambiguous
10821889.0,RAJA SWEETS AND FAST FOOD,3000 Danforth Ave None M4C 1M7,ambiguous
10814051.0,RAJBHOG,3222 Eglinton Ave E None M1J 2H6,ambiguous
10820884.0,RAJDHANI SWEETS AND RESTAURANT,795 Markham Rd None M1H 2Y5,likely_restaurant
10835320.0,RAL INC,3005 Islington Ave Unit-A M9L 2K9,ambiguous
10811316.0,RALPH THORNTON CENTRE - STUDENT NUTRITION PROGRAM,765 Queen St E None M4M 1H3,likely_not_restaurant
10793080.0,RAMEN MISOYA,81 Bay St Unit-9 M5E 1Z8,likely_restaurant
10808564.0,RAMEN RYU,486 Front St W Unit-WM M5V 0V2,likely_restaurant
10842737.0,RAMEN TABETAI,154 Cumberland St None M5R 1A8,likely_restaurant
10843568.0,RAMEN X REMIX,424 Queen St W None M5V 2A7,likely_restaurant
10829210.0,RAMENHOUZZ REMINISCENCE OF ESSENCE POKE ARTS,"20 LOCKPORT AVE, Bldg-118 None M8Z 2R7",likely_restaurant
10805629.0,RAMONA'S,1089 QUEEN ST W None M6J 1H3,ambiguous
10781796.0,RAMONA'S KITCHEN,1608 Bayview Ave None M4G 3B7,likely_restaurant
10859887.0,RAMONA'S KITCHEN,913 QUEEN ST E None M4M 1J4,likely_restaurant
10783658.0,RANCHO RELAXO,735 Kipling Ave Bldg-- M8Z 5G6,ambiguous
10821219.0,RANDY'S PATTIES,1569 EGLINTON AVE W None M6E 2G9,ambiguous
10790823.0,RANDY'S ROTI & DOUBLES - HPS - CNE 2025,100 PRINCES BLVD None M6K 3C3,likely_restaurant
10846550.0,RANIK MARKET,510 King St E Unit-6 M5A 1M1,ambiguous
10849039.0,RASTA PASTA,505 Richmond St W None M5V 1Y3,ambiguous
10859860.0,RATELIER,9 TRINITY PARK LANE None M6K 0E6,ambiguous
10823056.0,STARBUCKS (RETAIL HUB),205 Humber College Blvd None M9W 5L7,likely_restaurant
10843238.0,RAVEN GALLERY,333 YONGE ST None M5B 1R7,ambiguous
10849108.0,RAYAH,507 PARLIAMENT ST None M4X 1P3,ambiguous
10802565.0,RAYOAK PLACE,1340 York Mills Rd None M3A 3R1,ambiguous
10795071.0,RCHIVE,780 KING ST W None M5V 1N6,ambiguous
10843169.0,REAL DEAL JUICE,"50 SILVER STAR BLVD, Unit-221 None M1V 3L3",likely_restaurant
10828112.0,REAL FOOD FOR REAL KIDS - DISTRIBUTION CENTRE,66 SIX POINT RD None M8Z 2X2,ambiguous
10775737.0,REAL FRUIT BUBBLE TEA,2181 Steeles Ave W Unit-B16 M3J 3N2,likely_restaurant
10792723.0,REAL FRUIT BUBBLE TEA,25 The West Mall Unit-1055 M9C 1B8,likely_restaurant
10797977.0,REAL FRUIT BUBBLE TEA,2300 Yonge St None M4P 1E4,likely_restaurant
10800413.0,REAL FRUIT BUBBLE TEA,218 Yonge St Unit-H017 M5B 2H6,likely_restaurant
10814115.0,REAL FRUIT BUBBLE TEA,300 Borough Dr Unit-1 M1P 4P5,likely_restaurant
10823052.0,REAL FRUIT BUBBLE TEA,2650 Lawrence Ave E Unit-A01003A M1P 2S1,likely_restaurant
10825826.0,REAL FRUIT BUBBLE TEA,4525 Kingston Rd Unit-4B M1E 2P1,likely_restaurant
10831948.0,REAL FRUIT BUBBLE TEA,10 Dundas St E Unit-346 M5B 2G9,likely_restaurant
10835763.0,REAL FRUIT BUBBLE TEA,2863 Ellesmere Rd Unit-214A M1E 5E9,likely_restaurant
10805402.0,REAL GREEK GYROS,731 Queen St E None M4M 1H1,ambiguous
10829132.0,REAL PINOY TASTE,1150 Morningside Ave Unit-113 M1B 3A4,ambiguous
10851863.0,REC ROOM CHILD CARE,69 Long Branch Ave None M8W 3J5,likely_not_restaurant
10810254.0,REC ROOM CHILD CARE @MIMICO,46 Mimico Ave None M8V 1R1,likely_not_restaurant
10782499.0,RECONNECT COMMUNITY HEALTH SERVICES (MEALS ON WHEELS),"2562 EGLINTON AVE W, Flr-MAIN None M6M 1T4",ambiguous
10802631.0,RED & WHITE MEDITERRANEAN CUISINE,"1635 LAWRENCE AVE W, Unit-10 None M6L 3C9",likely_restaurant
10859741.0,RED APPLE DAY CARE-ROUGE VALLEY,8450 Sheppard Ave E None M1B 5R4,likely_not_restaurant
10817642.0,RED CONTAINER,639 Queen St E Unit-REAR M4M 1G4,ambiguous
10784261.0,RED MOON BAKERY,2864 Lake Shore Blvd W None M8V 1H9,likely_restaurant
10853613.0,RED ROCKET COFFEE,484 Danforth Ave None M4K 1P6,likely_restaurant
10807998.0,RED SAUCE,220 Yonge St None M5B 2H1,ambiguous
10860623.0,RED SWAN PIZZA,1788 Jane St None M9N 2T2,likely_restaurant
10800597.0,RED TAPE BREWERY,159 MAIN ST None M4E 2V9,likely_restaurant
10840364.0,REFUEL JUICERY,300 Borough Dr Unit-56 M1P 4P5,likely_restaurant
10814872.0,REGAL ROAD JUNIOR PUBLIC SCHOOL,95 REGAL RD None M6H 2J6,likely_not_restaurant
10829832.0,REGENT PARK COMMUNITY CENTRE,402 Shuter St None M5A 1X6,likely_not_restaurant
10814566.0,REGION,475 Front St E None M5A 1G9,ambiguous
10846286.0,REGION FOOD + WINE + BAR,4208 DUNDAS ST W None M8X 1Y6,likely_restaurant
10808650.0,REN SUSHI,486 Front St W Unit-WM56 M5V 0V2,likely_restaurant
10809312.0,RENAISSANCE PIZZA,809 Dundas St W None M6J 1V2,likely_restaurant
10780772.0,RENARD AND COMPANY,134 TYRREL AVE None M6G 2G5,ambiguous
10821078.0,REPUBLIKA RESTOBAR AND GRILL,288 Wilson Ave None M3H 1S8,likely_restaurant
10856911.0,RESTAURANTE REQUINTE,1480 St Clair Ave W Unit-1 M6E 1C7,likely_restaurant
10800574.0,RESURRECTION RESTAURANT,5096 Dundas St W None M9A 1C2,likely_restaurant
10809855.0,REVERY TORONTO DOWNTOWN,92 Peter St None None,ambiguous
10780351.0,REVITASIZE,1012 Coxwell Ave None M4C 3G5,ambiguous
10829473.0,REVIVAL,783 College St None M6G 1C5,ambiguous
10859581.0,REVOLVER PIZZA,27 Coronet Rd Unit-17 M8Z 2L8,likely_restaurant
10832343.0,REVOLVER PIZZA CO.,968 St Clair Ave W None M6E 1A1,likely_restaurant
10863349.0,REXALL PHARMACIES,700 LAWRENCE AVE W None M6A 3B4,likely_not_restaurant
10798148.0,REXALL PHARMACY,3030 LAWRENCE AVE E None M1P 2T7,likely_not_restaurant
10804335.0,REXALL PHARMACY,600 University Ave None M5G 1X5,likely_not_restaurant
9073952.0,REXDALE BOWLERAMA,115 Rexdale Blvd None M9W 1P1,ambiguous
10814457.0,RICHVIEW COLLEGIATE INSTITUTE - STUDENT NUTRITION PROGRAM - A.M.,1738 Islington Ave None M9A 3N2,likely_not_restaurant
10830427.0,RICK'S GOOD EATS,3155 Markham Rd Unit-2 M1X 0B5,likely_restaurant
10806522.0,RICKY+OLIVIA,996 Queen St E None M4M 1K1,ambiguous
10824982.0,RIGHT FIELD MARKET - 109,1 BLUE JAYS WAY None M5V 1J4,ambiguous
10845615.0,RINGO'S,4 TIMES RD None M6E 3B7,ambiguous
10796751.0,RISE UP FOODS,1545 Dundas St W None M6K 1T6,ambiguous
10858212.0,RIU PLAZA - LOBBY BAR,30 Widmer St None None,likely_restaurant
10858210.0,RIU PLAZA TORONTO RESTAURANT,30 Widmer St None None,likely_restaurant
10814736.0,RIVERCREST JUNIOR SCHOOL STUDENT NUTRITION,30 HAREFIELD DR None M9W 4C9,likely_not_restaurant
10772105.0,RIVERDALE COLLEGIATE INSTITUTE- SNP,1094 Gerrard St E None M4M 2A1,likely_not_restaurant
10813382.0,RIVI'S GUILT FREE COOKIES,300 Supertest Rd Unit-8B M3J 2M2,likely_restaurant
10778241.0,RIZ GLUTEN- FREE,3471 Yonge St Unit-A M4N 2N3,ambiguous
10862344.0,ROBOT BOIL HOUSE SEAFOOD BOIL RESTAURANT,1500 Royal York Rd Unit-20 - 21 M9P 3B6,likely_restaurant
10778161.0,ROBYN'S COOKIE,953 MOUNT PLEASANT RD None M4P 2L7,ambiguous
10776255.0,ROCCOS PIZZA & PASTA,972 The Queensway Bldg-- M8Z 1P6,likely_restaurant
10845533.0,ROCKCLIFFE MARKET,905 Jane St None M6N 4C6,ambiguous
10850626.0,ROGERS STADIUM BIRKENSTOCK LOUNGE,105 Carl Hall Rd None M3K 2C1,ambiguous
10850191.0,ROGERS STADIUM EAST POD 1 - BBQ'D,105 Carl Hall Rd None M3K 2C1,likely_restaurant
10850182.0,ROGERS STADIUM EAST POD 1 KITCHEN #1,105 Carl Hall Rd None M3K 2C1,likely_restaurant
10850089.0,ROGERS STADIUM EAST POD 1 KITCHEN #2,105 Carl Hall Rd None M3K 2C1,likely_restaurant
10850328.0,ROGERS STADIUM EAST POD 3 - Specialty Eats,105 Carl Hall Rd None M3K 2C1,likely_restaurant
10849853.0,ROGERS STADIUM EAST POD 3 KITCHEN #1,105 Carl Hall Rd None M3K 2C1,likely_restaurant
10849842.0,ROGERS STADIUM EAST POD 4 - IN THE MIX,105 Carl Hall Rd None M3K 2C1,ambiguous
10849866.0,ROGERS STADIUM EAST POD 4 - PIT STOP,105 Carl Hall Rd None M3K 2C1,ambiguous
10849998.0,ROGERS STADIUM OUTER BOWL - CUT WATER BAR (NORTHWEST),105 Carl Hall Rd None M3K 2C1,likely_restaurant
10850001.0,ROGERS STADIUM OUTER BOWL - SNACK N' #2 (WEST),105 Carl Hall Rd None M3K 2C1,ambiguous
10849873.0,ROGERS STADIUM WEST POD 1 - BBQ'D 1,105 Carl Hall Rd None M3K 2C1,likely_restaurant
10850090.0,ROGERS STADIUM WEST POD 1 - BBQ'D 2,105 Carl Hall Rd None M3K 2C1,likely_restaurant
10849874.0,ROGERS STADIUM WEST POD 1 - IN THE MIX 1,105 Carl Hall Rd None M3K 2C1,ambiguous
10850113.0,ROGERS STADIUM WEST POD 1- IN THE MIX 3,105 Carl Hall Rd None M3K 2C1,ambiguous
10850099.0,ROGERS STADIUM WEST POD 1- PIT STOP 2,105 Carl Hall Rd None M3K 2C1,ambiguous
10850237.0,ROGERS STADIUM WEST POD 2 KITCHEN #1,105 Carl Hall Rd None M3K 2C1,likely_restaurant
10850138.0,ROGERS STADIUM-LOCAL CATERING,105 Carl Hall Rd None M3K 2C1,likely_not_restaurant
10850136.0,ROGERS STADIUM-LOCAL CATERING PREP,105 Carl Hall Rd None M3K 2C1,likely_not_restaurant
10777759.0,ROL SAN RESTAURANT,388 Spadina Ave None M5T 2G5,likely_restaurant
10815437.0,ROLL ME UP,31 Rexdale Blvd Unit-3109 M9W 1P1,ambiguous
10829843.0,ROLL N BOWL,1157 Ellesmere Rd Unit-6 M1P 2X6,ambiguous
10827478.0,ROLLIN PLUS,"3278 MIDLAND AVE, Unit-D107 None M1V 0C9",ambiguous
10825947.0,ROLLNBOX,115 Richmond St E Unit-1 M5C 3H6,ambiguous
10800246.0,ROLLTATION,758 Yonge St None M4Y 2B6,ambiguous
10837436.0,ROLLTATION,40 King St W Rm-K5A M5H 3Y2,ambiguous
10840088.0,ROLLTATION,56 Wellesley St W None M5S 2S3,ambiguous
10836820.0,ROLLY POLLY COW,70 CORDOVA AVE None None,ambiguous
10830461.0,ROLLZ ICE CREAM & DESSERTS,5631 Steeles Ave E Unit-6 M1V 5P6,likely_restaurant
10794080.0,ROMANTIC BAKERY,"240 ALTON TOWERS CRCL, Unit-A11 None M1V 4P2",likely_restaurant
9013048.0,ROMERO BEARS CHILD CARE CENTRE,99 Humber Blvd None M6N 2H4,likely_not_restaurant
10782658.0,ROMI'S,744 St Clair Ave W None M6C 1B5,ambiguous
10859958.0,ROMINAS ITALIAN FOOD,8 Westmore Dr Unit-S3 M9V 3Z7,ambiguous
10803776.0,RONCESVALLES FRUIT MARKET,630 Queen St W Unit-628 M6J 1E4,ambiguous
10815514.0,RONCESVALLES UNITED CHURCH,240 Roncesvalles Ave None None,likely_not_restaurant
10816994.0,RONCY'S APOTHECARY & CLINIC,409 Roncesvalles Ave None M6R 2N1,likely_not_restaurant
10776850.0,ROOF TOP ON COLLEGE,20 College St Flr-2 M5G 1K2,likely_not_restaurant
10852972.0,ROOH COFFEE,2470 YONGE ST None M4P 2H5,likely_restaurant
10845782.0,ROOH INDIAN KITCHEN AND BAR,633 COLLEGE ST None M6G 1B5,likely_restaurant
10814724.0,ROOMS COFFEE,17 Baldwin St None M5T 1L1,likely_restaurant
10843604.0,ROOTS BAR,630 Vaughan Rd None M6E 2Y3,likely_restaurant
10855169.0,ROOZAMOON CAFE,398 Queen St E None M5A 1T3,likely_restaurant
10811698.0,ROSA'S,1067 ST CLAIR AVE W None M6E 1A6,ambiguous
10799435.0,ROSALU SNACKBAR,228 Christie St None M6G 3B7,ambiguous
10834839.0,ROSARIO'S MEXICAN CUISINE & FIESTA,3030 Dundas St W None M6P 1Z3,likely_restaurant
10801766.0,ROSENBAUM'S BUTCHER & DELI,75 Underhill Dr None M3A 2J8,ambiguous
10807072.0,ROSIE'S BURGERS,486 Front St W Unit-WM 25 M5V 0V2,likely_restaurant
10843578.0,ROSIE'S BURGERS,1542 Avenue Rd None M5M 3X5,likely_restaurant
10849264.0,ROSIE'S BURGERS,1090 Don Mills Rd Unit-G10 M3C 3R6,likely_restaurant
10797247.0,ROUND TABLE TAVERN,2624 Eglinton Ave E None M1K 2S3,likely_restaurant
10797189.0,ROWDYS INDIAN AND HAKKA,4352 Kingston Rd Rm-9 M1E 2M8,ambiguous
10855831.0,ROXTON PUBLIC HOUSE,1112 Dundas St W None M6J 1X2,ambiguous
10829456.0,ROY WOODS,"598 BAY ST, Bldg-1 None M5G 1M5",ambiguous
10855186.0,ROYAL BAITHAK,755 Queen St E None M4M 1H3,ambiguous
10850631.0,ROYAL FLAVOURS,1850 Ellesmere Rd None M1H 2V5,ambiguous
10369964.0,ROYAL FOOD SERVICE,388 Carlaw Ave None M4M 2T4,ambiguous
10853201.0,ROYAL H. CONVENIENCE STORE,1325 DANFORTH AVE None M4J 1M8,likely_not_restaurant
10777099.0,ROYAL HAKKA CHINESE RESTAURANT,"735 MIDDLEFIELD RD, Unit-4-5 None M1V 3S2",likely_restaurant
10780181.0,ROYAL KING EVENT CENTRE,181 REXDALE BLVD None M9W 1P7,ambiguous
10841373.0,ROYAL KING PASTA & SANDWICHES,3450 Bathurst St None M6A 2C4,likely_restaurant
10798393.0,ROYAL PAAN,41 Lebovic Ave 119-120 None,ambiguous
10841284.0,ROYAL TAKEOUT,328 Passmore Ave Unit-45 M1V 5J5,ambiguous
10775189.0,ROYAL YORK CHILD CARE CENTRE,74 Royal York Rd None M8V 2T6,likely_not_restaurant
10784028.0,ROYWOOD PUBLIC SCHOOL,11 Roywood Dr Rm-STAFF ROOM M3A 2C7,likely_not_restaurant
10779506.0,ROYWOODS,"3401 DUFFERIN ST, Unit-FC 20 None M6A 2T9",ambiguous
10821072.0,RUCHY,1370 ST CLAIR AVE W None M6E 1C4,ambiguous
10823897.0,RUDY,168 Eglinton Ave E None M4P 1A6,ambiguous
10824333.0,RUDY,3397 Yonge St None M4N 2M8,ambiguous
10773115.0,RUELO PATISSERIE,463 Mcnicoll Ave None M2H 2C9,ambiguous
10850756.0,RUI'S BBQ,448 Rogers Rd None M6M 1A7,likely_restaurant
10858736.0,RUMBLE PONTIAC,197 Baldwin St None M5T 1M1,ambiguous
10836235.0,RUMELI,4700 Dufferin St Unit-6 M3H 5S7,ambiguous
10813939.0,RUNAWAY CAFE,102 LAKESHORE AVE None M5J 1X9,likely_restaurant
10853023.0,RUNNYMEDE LTC,621 Runnymede Rd None M6S 3A3,ambiguous
10829097.0,RUNNYMEDE UNITED CHURCH,432 Runnymede Rd None M6S 2Y8,likely_not_restaurant
10819139.0,RUPOSHI BANGLA,2680 Lawrence Ave E Unit-5 M1P 4Y4,ambiguous
10809015.0,RUTH'S CATERING & TAKEOUT,2398 Eglinton Ave E None M1K 2P3,likely_not_restaurant
10816079.0,RUTH'S PIZZA PLUS,1349 Danforth Rd Bldg-1 M1J 1G7,likely_restaurant
10800353.0,RUUMORS RESTO LOUNGE,3466 Dundas St W Unit-6 M6S 2S1,ambiguous
10846375.0,S-CONVENIENCE,486 Queen St W Unit-486.5 M5V 2B3,likely_not_restaurant
10815319.0,S.MOTIRAM SWEETS & RESTAURANT,2598 Eglinton Ave E Unit-2608 M1K 2R9,likely_restaurant
10828187.0,SABROSON,"8 WESTMORE DR, Unit-16 None M9V 3Z7",ambiguous
10863411.0,SACRED HEART CATHOLIC SCHOOL - SNP -MORNING SNACK,75 HUPFIELD TRL None M1B 4S3,likely_not_restaurant
10793212.0,SADELLES/ TREATS,"78 YORKVILLE AVE, Flr-2ND FLOOR None M5R 1B9",ambiguous
10849694.0,SAFFRON HALAL MEAT & GROCERY,2640 DANFORTH AVE None M4C 1L7,ambiguous
10862777.0,SAFFRON MAHAL INDIAN CUISINE,865 York Mills Rd Unit-7 M3B 1Y6,likely_restaurant
10824312.0,SAHIBI KABOB,"69 LEBOVIC AVE, Unit-D110 None None",ambiguous
10838168.0,SAI DHAM FOOD BANK,31 STEINWAY BLVD None M9W 6N3,likely_not_restaurant
10794957.0,SAI EESAN SUPERMARKET,621 Mccowan Rd None M1J 1K2,likely_not_restaurant
10788398.0,SAIGON MIA,1980 ST CLAIR AVE W None M6N 0A3,ambiguous
10803496.0,SAIGON PAI,610 GERRARD ST E None M4M 1Y3,ambiguous
10826660.0,SAIGONESE VIET KITCHEN,1911 Finch Ave W Bldg-31D M3N 2V2,likely_restaurant
10842751.0,SAINT GERMAIN,220 Yonge St Unit-202 M5B 2H1,ambiguous
10842887.0,SAINT GERMAIN,220 Yonge St Unit-18 M5B 2H1,ambiguous
10804301.0,SAINT JOHN TAVERN (SNUG),121 John St None M5V 2E2,likely_restaurant
10807537.0,SAINTS SMASH KITCHEN,515 East Ave None M1C 2X1,likely_restaurant
10862478.0,SAK'S FINE FOODS,165 MAIN ST None M4E 2V9,ambiguous
10847878.0,SAKE BAR KUSHI,257 Eglinton Ave W None M4R 1B1,likely_restaurant
10787004.0,SAKE SUSHI,1662 Eglinton Ave W None M6E 2H2,likely_restaurant
10546776.0,SAKU,478 Queen St W None M5V 2B2,ambiguous
10863786.0,SAKU,20 Edward St Bldg-1 M5G 1C9,ambiguous
10844386.0,SAKURA LOUNGE,33 Mercer St None M5V 1H2,ambiguous
10804389.0,SALAD BAR / TIM HORTONS (FOOD EMPORIUM),205 HUMBER COLLEGE BLVD None M9W 5L7,likely_restaurant
10834703.0,SALAD DAYS,81 Bay St None M5E 1Z8,ambiguous
10823925.0,SALERNO TRATTORIA,70 Plunkett Rd Unit-7 M9L 2J5,ambiguous
10772441.0,SALON DANIEL,120 Cumberland St Unit-A M5R 1A6,likely_not_restaurant
10848209.0,SALONIKA ESTIATORIO,402 Danforth Ave None M4K 1P3,likely_not_restaurant
10852771.0,SALSA ST. MEXICAN GRILL,1077 Wilson Ave Unit-8 M3K 1G7,likely_restaurant
10784132.0,SALT + MUSTARD,335 Jane St None M6S 3Z3,ambiguous
10779202.0,SALUS FRESH FOODS,115 Haynes Ave Unit-C3-130 None,ambiguous
10829258.0,SALUS FRESH FOODS,3401 Dufferin St Unit-FC02 M6A 2T9,ambiguous
10854251.0,SALUS FRESH FOODS,130 King St W Unit-CUFC6 M5X 1K7,ambiguous
10844232.0,SALVATION ARMY GATEWAY,107 Jarvis St None M5C 2H4,ambiguous
10813361.0,SAM JAMES COFFEE BAR,"500 KEELE ST, Unit-102 None M6N 3C9",likely_restaurant
10833737.0,SAM MAY BBQ,8 GLEN WATFORD DR None M1S 2C1,likely_restaurant
10845995.0,SAM'S FOOD STORE,236 SHERBOURNE ST None M5A 2R7,ambiguous
10791634.0,SAMANTHA ROTI AND DOUBLES,"1139 MORNINGSIDE AVE, Bldg-23 None M1B 0A7",likely_restaurant
10787759.0,SAMBA BRAZIL EATERY,2109 Yonge St None M4S 2A4,likely_restaurant
10853809.0,SAMBAL,463 Danforth Ave None M4K 1P1,ambiguous
10843342.0,SAMMARCO,33 Yonge St Unit-102 M5E 1G4,ambiguous
10811759.0,SAMMI,862 Danforth Ave None M4J 1L7,ambiguous
10855927.0,SAMMIE'S SANDWICHES,594 Bloor St W None M6G 1K4,likely_restaurant
10863199.0,SAMMON CONVENIENCE,346 SAMMON AVE None M4J 2A3,likely_not_restaurant
10861605.0,SAMOSA EXPRESS,100 King St W None M5X 1K7,ambiguous
10779283.0,SAMOSA WORLD,1571 Sandhurst Crcl Unit-404 M1V 1V2,ambiguous
10857508.0,SAMPOORAN SWEETS AND RESTAURANT,1770 Albion Rd Unit-43 M9V 1C2,likely_restaurant
10840021.0,SAN CAFE,165 Augusta Ave None M5T 2L4,likely_restaurant
10836624.0,SAN JOSE MEXICAN FOODS,2393 ST CLAIR AVE W None M6N 1K9,ambiguous
10852350.0,SAN VITO BAKERY,110 Marine Parade Dr Bldg-8 M8V 0B6,likely_restaurant
10818351.0,SAN WICH,616 Gladstone Ave None M6H 3J2,ambiguous
10859455.0,SANA,211 GEARY AVE None M6H 2C1,ambiguous
10771736.0,SANAGAN'S MEAT LOCKER,515 Annette St None M6P 1S1,ambiguous
10841034.0,SANDRA CRAFT,1289 GERRARD ST E None M4L 1Y5,ambiguous
10802164.0,SANDY'S  RESTAURANT,2093 DANFORTH AVE None M4C 1K1,likely_restaurant
10809911.0,SANDY'S INDEPENDENT GROCERY,2266 Queen St E None M4E 1G4,ambiguous
10784278.0,SANG-JI FRIED BAO,3 Charles St E None M4Y 1R9,ambiguous
10795160.0,SANGEETA RASOI,"545 KEELE ST, KTCHN 102 (105) None M6N 3E4",ambiguous
10813799.0,SANGEETHA VEG,3601 Lawrence Ave E Unit-1 M1G 1P5,ambiguous
10811727.0,SANKALP,8130 Sheppard Ave E None M1B 3W3,ambiguous
10834116.0,SANOFI,1755 STEELES AVE W None M2R 3T4,ambiguous
10806955.0,SANOK DELI,773 The Queensway Unit-N M8Z 6A9,likely_restaurant
10796241.0,SANQIN RESTAURANT,4750 Yonge St Unit-138 M2N 5M6,likely_restaurant
10819768.0,SANSOTEI RAMEN,300 Borough Dr Unit-R002 M1P 4P5,likely_restaurant
10855902.0,SANSOTEI RAMEN,30 Adelaide St E Unit-102 M5C 3G8,likely_restaurant
10858400.0,SANSOTEI RAMEN EGLINTON,"2131 YONGE ST, Unit-3 None M4S 2A7",likely_restaurant
10779641.0,SANTA MARTA BAR Y TAPAS,869 DUNDAS ST W None M6J 1V6,likely_restaurant
10778153.0,SANTA RITA LATIN PRODUCTS,"705 LAWRENCE AVE W, Unit-A None M6A 1B4",ambiguous
10798518.0,SANTA'S BBQ - DWV 2024,55 MILL ST None M5A 3C4,likely_restaurant
10775821.0,SANUKI UDON,20 Carlton St Bldg-MAIN M5B 2H5,ambiguous
10807629.0,SAPORE PIZZA AND SHAWARMA,85 Ellesmere Rd Unit-F9 M1R 4B8,likely_restaurant
10775911.0,SARANG KITCHEN,1056 Bloor St W None M6H 1M3,likely_restaurant
10826244.0,SARANG KITCHEN,774 Danforth Ave None M4J 1L5,likely_restaurant
10805785.0,SARI-SARI STORE,3044 BATHURST ST None M6B 4K2,ambiguous
10818260.0,SARVI INDIAN CUISINE,464 Sherbourne St Bldg-- M4X 1K2,likely_restaurant
10837814.0,SASS,180 Shaw St Flr-LL M6J 2W5,ambiguous
10806840.0,SAVA CREPES & COFFEE,221 Roncesvalles Ave None M6R 2L6,likely_restaurant
10786390.0,SAVOR,1226 ST CLAIR AVE W None M6E 1B4,ambiguous
10808215.0,SAVOURY SAMOSA,16 Mallard Rd Unit-A203 M3B 0A7,ambiguous
10854956.0,SAWFT,1006 Bloor St W None M6H 1M2,ambiguous
10804039.0,SCADDABUSH ITALIAN KITCHEN & BAR,1090 Don Mills Rd Bldg-G1-G4 M3C 3R6,likely_restaurant
10817730.0,SCARBOROUGH CAFE,"740 PROGRESS AVE, Bldg-1 None M1H 2X3",likely_restaurant
10773452.0,SCARBOROUGH HEALTH NETWORK - CENTENARY HOSPITAL,2867 Ellesmere Rd None M1E 4B9,likely_not_restaurant
10796333.0,SCARBOROUGH PROGRESS CENTRE,705 Progress Ave Bldg-F M1H 2X1,ambiguous
10804040.0,SCENIC,1060 Gerrard St E None M4M 1Z8,ambiguous
10815948.0,SCOOPED BY DEMETRES,505 Richmond St W Unit-K17 M5V 1Y3,ambiguous
10826195.0,SCORE ON QUEEN,298 Queen St W None M5V 2A1,ambiguous
10834113.0,SCORE PIZZA,"4525 KINGSTON RD, Unit-H10/108 None M1E 2P1",likely_restaurant
10773817.0,SCOTIABANK CONFERENCE & EXECUTIVE DINING (ARAMARK),40 Temperance St Flr-10 None,ambiguous
10828275.0,SCOTT MISSION FOOD BANK,502R Spadina Ave None M5S 2H1,likely_not_restaurant
10807962.0,SCOTTY BONS CARIBBEAN GRILL,501 Rogers Rd None M6M 1B4,likely_restaurant
10806789.0,SCOTTYBONS,8 Rexdale Blvd None M9W 1N6,ambiguous
10850021.0,SCOTTYBONS CARIBBEAN GRILL,4502 Kingston Rd None M1E 2N8,likely_restaurant
10859404.0,SCRUFFY MURPHY'S IRISH PUB,225 The East Mall Unit-12 M9B 6J1,likely_restaurant
10856399.0,SEA MOSS BLENDS,753 QUEEN ST E None M4M 1H3,ambiguous
10833721.0,SEAFOOD PRINCESS,3601 Victoria Park Ave Unit-101-105 M1W 3Y3,ambiguous
10856196.0,SEAHORSE RESTAURANT,1226 Yonge St None M4T 1W3,likely_restaurant
10815216.0,SEASONED CATERER,120 Old Colony Rd None M2L 2K2,ambiguous
10786783.0,SECOND CUP,179 College St Unit-179 M5T 1P7,likely_restaurant
10791791.0,SECOND CUP,55 St George St None M5S 2E5,likely_restaurant
10804848.0,SECOND CUP,81 Bay St None M5E 1Z8,likely_restaurant
10840544.0,SECOND CUP,5095 Yonge St None M2N 6Z4,likely_restaurant
10841934.0,SECOND CUP,27 ST ALBANS RD None None,likely_restaurant
10863219.0,SECOND CUP,"5150 YONGE ST, Unit-F8 None M2N 6L8",likely_restaurant
10796567.0,SECOND CUP - CHOCOLATO,1881 Yonge St Unit-102 M4S 3C4,likely_restaurant
10802673.0,SECOND CUP CAFE,695 Wilson Ave None M3K 1E3,likely_restaurant
10826073.0,SECOND CUP CAFE,340 College St None M5T 1S5,likely_restaurant
10831393.0,SECOND CUP CAFÉ,2340 Bloor St W None M6S 1P3,likely_restaurant
10832460.0,SECOND CUP COFEE & CO.,1 Dundas St W Unit-D102 M5G 1Z3,likely_restaurant
10792012.0,SECOND CUP COFFEE,415 Spadina Rd None M5P 2W3,likely_restaurant
10803310.0,SECOND CUP COFFEE CO,4841 Yonge St Unit-1K M2N 5X2,likely_restaurant
10852856.0,SECOND CUP/ CHOCOLATO,170 Emmett Ave None M6M 2E6,likely_restaurant
10780185.0,SECOND MILE CLUB GARDEN,25 Brunswick Ave None M5S 2L9,ambiguous
10811439.0,SECORD ELEMENTARY SCHOOL- SNP,101 Barrington Ave None M4C 4Y9,likely_not_restaurant
10859081.0,SECRET FOOD FUSION,2761 Kingston Rd None M1M 1M8,ambiguous
10828990.0,SELAM VARIETY SPICES AND INJERA,240 WELLESLEY ST E None M4X 1G5,likely_not_restaurant
10783714.0,SENATOR O'CONNOR COLLEGE SCHOOL BREAKFAST CLUB,60 Rowena Dr Rm-130 M3A 3R2,ambiguous
10843952.0,SENGYO SUSHI,3887 Don Mills Rd None None,likely_restaurant
10849415.0,SENLA VIETNAMESE,133 Richmond St W Unit-101 M5H 2L3,ambiguous
10848636.0,SEOUL GAMJATANG,475 Yonge St None M4Y 1X7,ambiguous
10809820.0,SEVEN MYSTERY,50 Weybright Crt Unit-13 M1S 5A8,ambiguous
10823942.0,SEVENDAY MART,"64 CORDOVA AVE, Unit-2 None M9A 2H5",likely_not_restaurant
10834038.0,SHAAD,3003 Danforth Ave None M4C 1M9,ambiguous
10833923.0,SHAAH JI FOOD (Crave Food Hub K1) (Shared Kitchen),1275 Morningside Ave Unit-7 M1B 3W1,likely_restaurant
10847957.0,SHAAZ INDIAN CUISINE,2043 Eglinton Ave E None M1L 2M9,likely_restaurant
10863901.0,SHAGHF CAFE,170 University Ave Unit-102 M5H 3B3,likely_restaurant
10860800.0,SHAGHF CAFE SCARBOROUGH,55 Lebovic Ave Unit-C111 None,likely_restaurant
10821852.0,SHAHI MANJIL,3820 Victoria Park Ave None M2H 3H7,ambiguous
10812765.0,SHAKE SHACK,10 Dundas St E Unit-100 M5B 2G9,likely_restaurant
10831023.0,SHAKE SHACK,65 Front St W None M5J 1E6,likely_restaurant
10837993.0,SHAKE SHACK,3401 Dufferin St Unit-R03 M6A 2T9,likely_restaurant
10851079.0,SHAKE SHACK,1121 Castlefield Ave None M6B 1E8,likely_restaurant
10859261.0,SHAKE SHACK,40 Eglinton Ave E None M4P 3A2,likely_restaurant
10811375.0,SHAKE THERAPY,486 Front St W Unit-WM M5V 0V2,ambiguous
10859218.0,SHAKECHILY'S,268 DUNDAS ST E None M5A 1Z9,ambiguous
10856460.0,SHAKES N SHAWARMA,656 Spadina Ave None M5S 2H7,likely_restaurant
10817593.0,SHAMBHU'S COFFEE BAR,1530 Albion Rd Unit-97 M9V 1B4,likely_restaurant
10847264.0,SHAMEFUL TIKI ROOM,777 QUEEN ST W None M6J 1G1,ambiguous
10802556.0,SHANNON'S PUB,4650 Eglinton Ave W None None,likely_restaurant
10829870.0,SHASHI FOODS INC,55 ESANDAR DR None M4G 4H2,ambiguous
10830886.0,SHATKORA FINE FOODS INC,155 Morningside Ave Unit-3 M1E 3C8,ambiguous
10815452.0,SHATTER ABBAS,218 Queens Quay  W None M5J 2Y6,ambiguous
10811424.0,SHATTER ABBAS PERSIAN CUISINE,804 Sheppard Ave E None M2K 1C3,likely_restaurant
10810715.0,SHAUGHNESSY PUBLIC SCHOOL - STUDENT NUTRITION PROGRAM,30 Shaughnessy Blvd None M2J 1H5,likely_not_restaurant
10816609.0,SHAVE&SHEARS,1609 Bayview Ave None M4G 3B5,ambiguous
10803675.0,SHAWARBITE,16 Mallard Rd Unit-A210 M3B 0A7,ambiguous
10799836.0,SHAWARMA  ROYALE,250 Eglinton Ave E None M4P 1K2,likely_restaurant
10852255.0,SHAWARMA CLUB,323 Burnhamthorpe Rd None M9B 2A2,likely_restaurant
10844005.0,SHAWARMA DADDY,729 Bloor St W None M6G 1L5,likely_restaurant
10786239.0,SHAWARMA DAY,1608 Queen St E None M4L 1G2,likely_restaurant
10829495.0,ISRAA SHAWARMA,40 Carl Hall Rd None M3K 2C1,likely_restaurant
10807293.0,SHAWARMA N' FRIES(HALAL),1105 Victoria Park Ave None M4B 2K2,likely_restaurant
10799276.0,SHAWARMA ROX,3581 Sheppard Ave E None M1T 3K8,likely_restaurant
10776167.0,SHAWARMA ROYALE,5435 Dundas St W Bldg-B M9B 1B5,likely_restaurant
10820834.0,SHAWARMA ROYALE,671 Danforth Ave None M4J 1L3,likely_restaurant
10831310.0,SHAWARMA ROYALE,1195 The Queensway Bldg-_ M8Z 1R2,likely_restaurant
10832664.0,SHAWARMA ROYALE,3201 Yonge St None M4N 2K9,likely_restaurant
10846098.0,SHAWARMA ROYALE,565 Queen St W None M5V 2B6,likely_restaurant
10864009.0,SHAWARMA STYLE,281 Scarborough Rd None M4E 3M9,likely_restaurant
10781599.0,SHAWARMA ZORONA,3227 Eglinton Ave E Unit-125 M1J 3M5,likely_restaurant
10858908.0,SHAZZIES CATERING,30 Via Bagnato None M6A 0B4,likely_not_restaurant
10799120.0,SHELBY'S LEGENDARY SHAWARMA,551 Bloor St W None M5S 1Y6,likely_restaurant
10823070.0,SHELBY'S LEGENDARY SHAWARMA,297 King St W None M5V 1J5,likely_restaurant
10829205.0,SHELBY'S LEGENDARY SHAWARMA,4410 Kingston Rd Unit-2 M1E 2N5,likely_restaurant
10836999.0,SHELBY'S LEGENDARY SHAWARMA,357 YONGE ST None M5B 1S1,likely_restaurant
10788667.0,SHELBY'S SHAWARMA,416 Queen St W None M5V 2A7,likely_restaurant
10806895.0,SHELBY'S SHAWARMA - BLOOR WEST,2202 Bloor St W None M6S 1N4,likely_restaurant
10831005.0,SHELISS BAKESHOP,1154 St Clair Ave W Unit-C M6E 1B3,likely_restaurant
10773396.0,SHELL,230 LLOYD MANOR RD None M9B 5K7,likely_not_restaurant
10782939.0,SHELL,627 DIXON RD None M9W 1H7,likely_not_restaurant
10800871.0,SHELL,5445 STEELES AVE E None M1V 5C2,likely_not_restaurant
10813879.0,SHELL,2562 WESTON RD None M9N 2A8,likely_not_restaurant
10824341.0,SHELL,1586 BATHURST ST None M5P 3H3,likely_not_restaurant
10843852.0,SHELL,"1670 MCCOWAN RD, Unit-1670 None M1S 3L5",likely_not_restaurant
10851117.0,SHELL,548 RICHMOND ST E None M5A 1R5,likely_not_restaurant
10855957.0,SHELL,1575 Warden Ave None M1R 2S9,likely_not_restaurant
10863452.0,SHELL,3401 SHEPPARD AVE E None M1T 3K5,likely_not_restaurant
10834470.0,SHELL SELECT,705 Don Mills Rd None M3C 1S1,likely_not_restaurant
10782917.0,SHELL SELECT/FRESHII,4722 YONGE ST None M2N 5M4,ambiguous
10857540.0,SHENG'S TCM HEALTH MANAGEMENT INC,"2351 KENNEDY RD, Unit-118 None M1T 3G9",ambiguous
10826076.0,SHENGLONG PIE,"3833 MIDLAND AVE, Unit-9B None M1V 5L6",ambiguous
10776373.0,SHEPPARD WEST CONVENIENCE,234A SHEPPARD AVE W None M2N 1N1,likely_not_restaurant
10816380.0,SHERBOURNE HEALTH FOOD FOR GOOD CAFE,333 Sherbourne St Flr-1 M5A 2S5,likely_restaurant
10827912.0,SHERRY'S CAFE,11 Tippett Rd Unit-3 M3H 2V1,likely_restaurant
10816110.0,SHERYL'S CARIBBEAN CUISINE,558 Queen St W Unit-- M5V 2B5,likely_restaurant
10779249.0,SHIBUI SUSHI JAPANESE EATERY,600 Mount Pleasant Rd None M4S 2M8,likely_restaurant
10838847.0,SHIKO POT,5315 Yonge St None M2N 5R4,ambiguous
10844931.0,SHIKSHAS CAKE RUSH,1005 Albion Rd Bldg-- M9V 1A6,ambiguous
10835677.0,SHILVI STREET FOOD,2291 Kipling Ave Unit-111 M9W 4L6,ambiguous
10306801.0,SHINING GOLD IMPORT & EXPORT PRODUCTS,542 Dundas St W None M5T 1H3,ambiguous
10809434.0,SHIRIN MAHAL BAKERY& SWEETS,25 Overlea Blvd Unit-5A M4H 1P9,likely_restaurant
10853851.0,SHIRLEY RESTAURANT,2783 DANFORTH AVE None M4C 1L9,likely_restaurant
10846054.0,SHIVA'S COFFEE & SNACKS,3867 Lawrence Ave E None M1G 1R2,likely_restaurant
10851743.0,SHIZUKU,2950 Kennedy Rd None M1V 1T1,ambiguous
10804005.0,SHODO (SUSHI),3720 Midland Ave Unit-107-108 M1V 4V3,likely_restaurant
10800521.0,SHOP SHOP CONVENIENCE,52 BATHURST ST None M5V 2P7,likely_not_restaurant
10774241.0,SHOPPERS DRUG MART,500 Lake Shore Blvd W None None,likely_not_restaurant
10786464.0,SHOPPERS DRUG MART,45 OVERLEA BLVD None M4H 1C3,likely_not_restaurant
10791709.0,SHOPPERS DRUG MART,728 Yonge St None None,likely_not_restaurant
10800278.0,SHOPPERS DRUG MART,260 Queen St W None M5V 1Z8,likely_not_restaurant
10808702.0,SHOPPERS DRUG MART,486 Front St W Unit-LG12 M5V 0V2,likely_not_restaurant
10810470.0,SHOPPERS DRUG MART,463 COLLEGE ST None M6G 4C1,likely_not_restaurant
10814582.0,SHOPPERS DRUG MART,18 LOWER JARVIS ST None M5E 1N1,likely_not_restaurant
10832074.0,SHOPPERS DRUG MART,3366 YONGE ST None M4N 2M7,likely_not_restaurant
10832512.0,SHOPPERS DRUG MART,390 Queens Quay  W None M5V 3A6,likely_not_restaurant
10835458.0,SHOPPERS DRUG MART,"415 THE WESTWAY, Unit-1A None M9R 1H5",likely_not_restaurant
10856793.0,SHOPPERS DRUG MART,"1473 QUEEN ST W, Flr-1 None M6R 1A1",likely_not_restaurant
10860074.0,SHOPPERS DRUG MART,666 BURNHAMTHORPE RD None M9C 2Z4,likely_not_restaurant
10863459.0,SHOPPERS DRUG MART,2355 WARDEN AVE None M1T 1V7,likely_not_restaurant
10863881.0,SHOPPERS DRUG MART,"2900 WARDEN AVE, Unit-156 None M1W 2S8",likely_not_restaurant
10811249.0,SHOWCASE,"500 REXDALE BLVD, Unit-A17 None M9W 6K5",ambiguous
10848994.0,SHREE SWAMI SAMARTHA VADAPAV,4172 Kingston Rd Unit-6 M1E 2M4,ambiguous
10792136.0,SHUNOKO,3220 Yonge St None M4N 2L2,ambiguous
10800361.0,SHUYI TEALICIOUS,394 Spadina Ave None M5T 2G5,ambiguous
10854967.0,SI BUBBLE TEA,"3020 DANFORTH AVE, Unit-A None M4C 1M7",likely_restaurant
10791704.0,SI ESPRESSO BAR,748 Broadview Ave None M4K 2P1,likely_restaurant
10806886.0,SIBEL,1997 AVENUE RD None M5M 4A3,ambiguous
10777481.0,SICK KIDS CCMH,114 Maitland St Bldg-1 M4Y 1E1,ambiguous
10777200.0,SICKKIDS CCMH EARLY ON,1645 SHEPPARD AVE W None M3M 2X4,ambiguous
10852378.0,SIGNET CAFE-APOTEX,150 Signet Dr None M9L 1T9,likely_restaurant
10780349.0,SILENT H,461 King St W None M5V 1K7,ambiguous
10839510.0,SILHOUETTE CAFE,253 BROADVIEW AVE None M4M 2G6,likely_restaurant
10839169.0,SILK 111 BAKERY & CAFE,689 St Clair Ave W None M6C 1B2,likely_restaurant
10798993.0,SILVERSMITH BREWING CO,"75 HORNER AVE, Unit-1 None M8Z 4X5",likely_restaurant
10811352.0,SILVERTHORN COLLEGIATE INSTITUTE,291 Mill Rd None M9C 1Y5,likely_not_restaurant
10856085.0,SIMBA'S HOT CHICKEN,"2761 MARKHAM RD, Unit-B7 None M1X 1M4",likely_restaurant
10711147.0,SIMI AFRICAN FOOD MARKET,3877 LAWRENCE AVE E None M1G 1R2,ambiguous
10819779.0,SIMIT & CHAI,1114 QUEEN ST E None M4M 1K8,ambiguous
10799287.0,SIMONA,59 Merchants Wharf None M5A 0R6,ambiguous
10793379.0,SIMPL CAFE,799 College St Unit-101 M6G 1C7,likely_restaurant
10860578.0,SIMPLE BURGER,374 Bathurst St None M5T 2S6,likely_restaurant
10806370.0,SIMPLE EATS,970 Lawrence Ave W Unit-101 M6A 3B6,likely_restaurant
10850425.0,SIMPLY CHOPS - SUYA CITY,1354 Weston Rd None M6M 4R8,ambiguous
10827476.0,SIMPLY SOUTH,2901 Markham Rd Unit-18 M1X 0B6,ambiguous
10782205.0,SINALOA FACTORY,181 Augusta Ave None M5T 2L4,ambiguous
10813692.0,SINJEON FINCH,5 Byng Ave None M2N 0E6,ambiguous
10825967.0,SINJEON TOPOKKI & POCHA BLOOR,712 Bloor St W None M6G 1L4,ambiguous
10857091.0,SIP & SAVOUR BROTH CO,"105 VANDERHOOF AVE, Unit-8 None M4G 2H7",ambiguous
10814632.0,SIPS ON 7,33 Dundas St W Flr-7 None,ambiguous
10863717.0,SIR SAMUEL B STEELE JR. P.S. - STUDENT NUTRITION PROGRAM,131 Huntsmill Blvd None M1W 2Y2,likely_not_restaurant
10784186.0,SIR WILLIAM OSLER HIGH SCHOOL BREAKFAST CLUB,1050 Huntingwood Dr None M1S 3H5,ambiguous
10860694.0,SISTER SISTER COFFEE BAR,49 Spadina Ave Unit-M100 M5V 2J1,likely_restaurant
10853202.0,SIXTYEIGHT,40 King St W Unit-68 M5H 3Y2,ambiguous
10831788.0,SK QUALITY MEATS,93 Front St E None M5E 1C3,ambiguous
9014154.0,SKF,40 Executive Crt None M1S 4N4,ambiguous
10807525.0,SKY CAFE,2150 Islington Ave None M9P 3V4,likely_restaurant
10856553.0,SKY EXPRESS,"285 MILLIKEN BLVD, Unit-5 None M1V 3H4",ambiguous
10843274.0,SKYLINE CONVENIENCE,3236 EGLINTON AVE E None M1J 2H6,likely_not_restaurant
10844893.0,SKYWAY FOODS,120 SKYWAY AVE None M9W 4Y9,ambiguous
10839577.0,SLAY FRUITS,3276 Midland Ave Unit-C-119 M1V 0C8,ambiguous
10862024.0,SLAY FRUITS,2 Wellesley St W Unit-2A M4Y 1E7,ambiguous
10785489.0,SLEEPY PETE'S,69 Kensington Ave None M5T 2K2,ambiguous
10784602.0,SLICE BABY SLICE,19 Waterman Ave Unit-106 M4B 1Y2,ambiguous
10805229.0,SLICE OF LIFE,409 COLLEGE ST None M5T 1T1,ambiguous
10841300.0,SLIDER BYTE,50 GERRARD ST E None M5B 1G3,ambiguous
10796022.0,SLIDER STATION,80 Ellesmere Rd Unit-2 M1R 4C2,ambiguous
10769822.0,SLOANE PUBLIC SCHOOL,110 Sloane Ave None M4A 2B1,likely_not_restaurant
10842915.0,SLOW BITE,45 Sheppard Ave E Unit-102 M2N 5W9,ambiguous
10858358.0,SMALL TALK,110 Ossington Ave None M6J 2Z4,ambiguous
10771639.0,SMART AND MORRIS JAMAICAN TAKEOUT,854 Bathurst St None M5R 3G3,ambiguous
10808681.0,SMART CONVENIENCE,958 College St None M6H 1A5,likely_not_restaurant
10788763.0,SMASH SMASH,"2889 ST CLAIR AVE E, Unit-3A None M4B 1N5",ambiguous
10794511.0,SMOKE'S POUTINERIE,588 Danforth Ave None M4K 1R1,ambiguous
10822363.0,SMOOTHIE BAR/ ALTEA ACTIVE,25 Ordnance St None None,likely_restaurant
10771677.0,SMOQUE N BONES,30 Baldwin St None M5T 1L3,ambiguous
10857491.0,SNACKETERIA,95 Barber Greene Rd None M3C 3E9,ambiguous
10853453.0,SNAPBACK COFFEE,4679 Kingston Rd Unit-10 M1E 2P8,likely_restaurant
10794313.0,SNOW DAY,681 Bloor St W None M6G 1L3,ambiguous
10811128.0,SNOWDAY BINGSU & DESSERT CAFE,449 Church St None M4Y 2C5,likely_restaurant
10859281.0,SO DAAM,1564 QUEEN ST W None M6R 1A6,ambiguous
10805889.0,SO HUNGARY  DELICATESSEN,249 Sheppard Ave E None M2N 3A8,ambiguous
10794947.0,SO'S FAST KITCHEN,2900 Warden Ave Unit-240 M1W 2S8,likely_restaurant
10792603.0,SOCIAL 7 BAR AND GRILL,360 Old Kingston Rd None M1C 1B6,likely_restaurant
10844823.0,SOCIAL LLAMA CAFE,2107 Yonge St None M4S 2A4,likely_restaurant
10512652.0,SODEXO,2180 Yonge St None M4S 2B9,ambiguous
10816939.0,SOI THAIFOON,499 Richmond St W Unit-K 14-16 None,ambiguous
10842477.0,SOL NASCENTE RESTAURANT,2075 DUFFERIN ST None M6E 3R3,likely_restaurant
10863828.0,SOLARIS COFFEE,198 Queen St W None M5V 1Z2,likely_restaurant
10773275.0,SOLKATT,679 Lansdowne Ave None M6H 3Y9,ambiguous
10823741.0,SOLMAZ BAKLAVA LOKUM PATISSERIE,25 The West Mall Unit-1108 M9C 1B8,ambiguous
10789739.0,SOLUNA RESTAURANT + ROOFTOP TERRACE,312 QUEEN ST W None M5V 2A2,likely_restaurant
10805888.0,SOM TUM JINDA,76 Gerrard St E None M5B 1G6,ambiguous
10849074.0,SOM TUM JINDA,1800 Sheppard Ave E None M2J 5A7,ambiguous
10820261.0,SOMA BONE BROTH CO.,676 PAPE AVE None M4K 3S5,ambiguous
10777175.0,SOMAR PATISSERIE,2075 Lawrence Ave E Unit-B M1R 2Z4,ambiguous
10779223.0,SON OF A BUTCHER,195 Geary Ave None M6H 2C1,likely_not_restaurant
10788057.0,SONNDR CAFE,1068 Dundas St W None M6J 1W8,likely_restaurant
10784076.0,SOON SAL CHICKEN,620 Bloor St W None M6G 1K7,likely_restaurant
10778703.0,SORENTO ITALIAN KITCHEN,900 Don Mills Rd None M3C 1V6,likely_restaurant
10835778.0,SORRY I'VE GOT PLANTS,333 Bay St None M5H 2R2,ambiguous
10804353.0,SOSO TACOS & BREWS,"680 REXDALE BLVD, Unit-23 None M9W 0B5",likely_restaurant
10797266.0,SOUL CHOCOLATE,20 WAGSTAFF DR None M4L 3W9,ambiguous
10775021.0,SOUL MADE,385 Spadina Ave Flr-1 M5T 2G6,ambiguous
10851273.0,SOUL OF MALAYALI,181 PARLIAMENT ST None M5A 2Z4,ambiguous
10859723.0,SOUL PROVISIONS,"68 TYCOS DR, Bldg-9 None M6B 1V9",ambiguous
10841153.0,SOUL TEA,5425 Yonge St None M2N 5R6,likely_restaurant
10806984.0,SOUP IN CASSEROLE,3 FINCH AVE E None M2N 4P9,ambiguous
10823664.0,SOUPER HOT POT (TDT),470 Yonge St Bldg-1 M4Y 1X5,likely_restaurant
10775066.0,SOUPERLICIOUS,190 Queens Plate Dr None M9W 6Y9,ambiguous
10793447.0,SOUPERLICIOUS,3300 Dufferin St Unit-F M6A 2T5,ambiguous
10843319.0,SOUPERLICIOUS,2349 Finch Ave W Unit-B M9M 2W8,ambiguous
10803481.0,SOUPS R UP,555 University Ave Bldg-1 M5G 1X8,ambiguous
10847064.0,SOUTH INDIAN STREET BITES,"4465 SHEPPARD AVE E, Unit-46 None M1S 5H9",ambiguous
10802323.0,SOUTH ST BURGER,743 ST CLAIR AVE W None M6C 1B4,likely_restaurant
10786447.0,SOUTH TEA,"3300 MIDLAND AVE, Unit-34 None M1V 4A1",likely_restaurant
10818353.0,SOUTHERN AROMA ON THE GO,10 Melford Dr Unit-17A M1B 2G1,ambiguous
10826224.0,SOUVLAKI & PANINI,6 FAIRLAWN AVE None M5M 1S7,ambiguous
10848685.0,SOUVLAKI EXPRESS,484 Parliament St None M4X 1P2,ambiguous
10794798.0,SOUVLAKI HUT,5304 Dundas St W Bldg-- M9B 1B2,ambiguous
10850950.0,SOUVLAKI HUT,2100 Queen St E None M4E 1E1,ambiguous
10806387.0,SOUVLAKI HUT RUNNYMEDE,2184 Bloor St W None M6S 1N3,ambiguous
10799319.0,SOUVLAKI PLACE,495 Bloor St W None M5S 1Y2,ambiguous
10777873.0,SOUVLIKE,217 Roncesvalles Ave None M6R 2L6,ambiguous
10802725.0,SOWJIS INDIAN CUISINE,3095 Eglinton Ave E Unit-6 M1J 2E9,likely_restaurant
10863436.0,SOY BOYS,1056 Queen St E None M4M 1K5,ambiguous
10805471.0,SPACE COFFEE,5463 Yonge St Flr-2 M2N 5S1,likely_restaurant
10782878.0,SPANISH PIG,77 Roncesvalles Ave None M6R 2K6,ambiguous
10828486.0,SPARK SHOP AND COFFEE,917 YONGE ST None M4W 2H2,likely_restaurant
10827393.0,SPECIAL COFFEE COLOMBIA,1980 ST CLAIR AVE W None M6N 0A3,likely_restaurant
10498056.0,SPEEDWAY PUMP (HASTY MARKET),5455 STEELES AVE W None M9L 1S7,ambiguous
10857663.0,SPICE IS RITE EXPRESS INC,1872 Kennedy Rd None M1P 2L8,ambiguous
10835816.0,SPICE LANE,"1375 DANFORTH RD, Unit-5 None M1J 1G7",ambiguous
10839564.0,SPICE N BITES,2428 Islington Ave Bldg-107 M9W 3X8,ambiguous
10855748.0,SPICY INDIAN FLAVOURS,605 Rogers Rd None M6M 1B9,ambiguous
10848095.0,SPICY KITCHEN,1275 Morningside Ave Unit-7 M1B 3W1,likely_restaurant
10790015.0,SPIRITHOUSE TORONTO,16 Trinity St None M5A 3C4,ambiguous
10854652.0,SPOTATO,2471 Yonge St None M4P 2H6,ambiguous
10779416.0,SPREZZATURA,1166 Dundas St W None M6J 1X4,ambiguous
10836292.0,SPRINTER CATES,110 St George St None None,ambiguous
10797352.0,SPROUTY,1062 Gerrard St E None M4M 1Z8,ambiguous
10810733.0,SPUNTINI STREET EATS,514 Annette St None M6P 1S3,likely_restaurant
10830367.0,SQUARE NOODLE,"3250 MIDLAND AVE, Unit-G109 None M1V 4W9",likely_restaurant
10862123.0,SQUIRLY'S,807 Queen St W None M6J 1G1,ambiguous
10808015.0,SR-EXPRESS COMPOSITE FOOD MARKET,"497 CHURCH ST, Bldg-1 None M4Y 2C6",ambiguous
10859277.0,SSF EATS,1750 Finch Ave E Bldg-A-3RD FL M2J 2X5,likely_restaurant
10854884.0,SSK VARIETY & GROCERY STORE,2203 KINGSTON RD None M1N 1T7,ambiguous
10808100.0,ST  AMBROSE CATHOLIC SCHOOL,20 COULES CRT None M8W 2N9,likely_not_restaurant
10832156.0,ST ANDREW JUNIOR H. CAFETERIA,131 Fenn Ave None M2P 1X7,likely_restaurant
10835613.0,ST CLAIR AV FRUIT MARKET,790 St Clair Ave W None M6C 1B6,ambiguous
10814486.0,ST CLARE CATHOLIC SCHOOL,124 NORTHCLIFFE BLVD None M6E 3K4,likely_not_restaurant
10802470.0,ST CLEMENTS SCHOOL CAFETERIA,21 ST CLEMENTS AVE None M4R 1G8,ambiguous
10800410.0,ST FRANCIS DE SALES - LUNCH PROGRAM,333 Firgrove Cres None M3N 1K9,ambiguous
10860811.0,ST JANE FRANCES STUDENT NUTRITION PROGRAM,2745 Jane St None M3L 2E8,likely_not_restaurant
10801611.0,ST JEROME CATHOLIC SCHOOL STUDENT NUTRITION PROGRAM,111 Sharpecroft Blvd None M3J 1P5,likely_not_restaurant
10798540.0,ST JOHNS PANTRY,431 St Johns Rd None M6S 2L1,ambiguous
10861589.0,ST KEVIN CATHOLIC SCHOOL STUDENT NUTRITION ROOM,15 Murray Glen Dr Rm-SNC M1R 3J6,likely_not_restaurant
10814740.0,ST MARKS CATHOLIC SCHOOL - SNP,45 Cloverhill Rd None M8Y 1T4,likely_not_restaurant
10804019.0,ST MARY CATHOLIC ACADEMY,66 DUFFERIN PARK AVE None M6H 1J6,likely_not_restaurant
10794930.0,ST RAPHAEL CATHOLIC SCHOOL,3 Gade Dr None M3M 2K2,likely_not_restaurant
10834677.0,ST THOMAS'S ANGLICAN CHURCH - KITCHEN,383 Huron St None M5S 2G5,ambiguous
10803179.0,ST WILFRID'S STUDENT NUTRITION PROGRAM,1685 Finch Ave W None M3J 2G8,likely_not_restaurant
10795580.0,ST.  BARTHOLOMEW BEFORE AND AFTER SCHOOL PROGRAM,51 Heather Rd None M1S 2E2,likely_not_restaurant
10804003.0,ST. ANTHONY CATHOLIC SCHOOL,130 Shanly St None M6H 1L9,likely_not_restaurant
10862535.0,ST. BARBARA - SNP - MORNING MEAL AM,25 Janray Dr Rm-205 M1G 1Y2,ambiguous
10774428.0,ST. BARNABAS CHILD CARE CENTRE,30 Washburn Way None M1B 1H3,likely_not_restaurant
10853627.0,ST. BARTHOLOMEW'S CHILDREN'S CENTRE,38 Regent St None M5A 3N7,ambiguous
10806857.0,ST. BASILS CHURCH,50 St Joseph St None None,likely_not_restaurant
10815273.0,ST. BONAVENTURE CATHOLIC SCHOOL,1340 Leslie St None M3C 2K9,likely_not_restaurant
10811283.0,ST. CATHERINE CATHOLIC SCHOOL - STUDENT NUTRITION PROGRAM,30 Roanoke Rd Rm-106 M3A 1E9,likely_not_restaurant
10832293.0,ST. CLAIR BAR & GRILL,1080 VICTORIA PARK AVE None M4B 2K3,likely_restaurant
10862636.0,ST. EDMUND CAMPION - SNP - MORNING MEAL,"30 HIGHCASTLE RD, Rm-112B None M1E 4N1",ambiguous
10861711.0,ST. EDWARD CATHOLIC SCHOOL-SNP,1 BOTHAM RD None M2N 2J5,likely_not_restaurant
10863888.0,ST. ELIZABETH,5 REDCAR AVE None M9B 1J8,ambiguous
10777626.0,ST. GABRIEL LALEMANT SNACK PROGRAM,160 Crow Trl None M1B 1Y3,ambiguous
10862960.0,ST. GERALD CATHOLIC SCHOOL,200 OLD SHEPPARD AVE None M2J 3L9,likely_not_restaurant
10818054.0,ST. JANE FRANCES CHILD CARE CENTRE,2745 Jane St None M3L 2E8,likely_not_restaurant
10814990.0,ST. JOHN BOSCO CATHOLIC SCHOOL,75 HOLMESDALE RD None M6E 1Y2,likely_not_restaurant
10837715.0,ST. JOHN XXIII CATHOLIC SCHOOL STUDENT NUTRITION PROGRAM,175 Grenoble Dr None M3C 3E7,likely_not_restaurant
10810702.0,ST. JOSEPH'S MORROW PARK CATHOLIC SECONDARY SCHOOL,3338 Bayview Ave None M2M 3R9,likely_not_restaurant
10811275.0,ST. KATERI KEKAKWITHA CATHOLIC SCHOOL,70 Margaret Ave None M2J 4C5,likely_not_restaurant
10833341.0,ST. LAWRENCE CONVENIENCE & SUPPLEMENTS,105 FRONT ST E None M5A 4S5,likely_not_restaurant
10853598.0,ST. LEO'S YMCA CHILD CARE,271 Royal York Rd None M8V 2V8,likely_not_restaurant
10829997.0,ST. LOUIS BAR & GRILL,11 ST CLAIR AVE W None M4V 1K6,likely_restaurant
10863634.0,ST. LOUIS BAR & GRILL,313 Bremner Blvd Bldg-1 M5V 3V3,likely_restaurant
10802700.0,ST. LUIGI CATHOLIC SCHOOL - SNP,2 Ruskin Ave None M6P 3P8,likely_not_restaurant
10794900.0,ST. MARGARET C.S,85 CARMICHAEL AVE None M5M 2X1,ambiguous
10809305.0,ST. MARGARET NEW TORONTO,156 Sixth St None M8V 3A5,ambiguous
10863021.0,ST. MARIA GORETTI CS - SNP - AM,21 Kenmark Blvd None M1K 3N8,ambiguous
10805267.0,ST. MARTIN CATHOLIC SCHOOL - SNP,55 Salisbury Ave None M4X 1C5,likely_not_restaurant
10784528.0,ST. PAUL THE APOSTLE MALTESE CANADIAN PARISH,3224 Dundas St W None M6P 2A3,ambiguous
10814322.0,ST. PAUL VI CATHOLIC SCHOOL - SNP,270 Laughton Ave None M6N 2X8,likely_not_restaurant
10780100.0,ST. RICHARD CATHOLIC SCHOOL - SNP,960 Bellamy Rd N None M1H 1H1,likely_not_restaurant
10802779.0,ST. RITA CATHOLIC SCHOOL - SNP,178 Edwin Ave 105 M6P 3Z9,likely_not_restaurant
10811496.0,ST. ROBERT CATHOLIC SCHOOL,70 BAINBRIDGE AVE None M3H 2K2,likely_not_restaurant
10777277.0,ST. ROSE OF LIMA BREAKFAST CLUB (3216) AND SNACK PROGRAM (3220),3220 Lawrence Ave E None M1H 1A4,likely_restaurant
10804629.0,ST. SEBASTIAN CATHOLIC SCHOOL,717 Brock Ave None M6H 3P1,likely_not_restaurant
10779798.0,ST. THOMAS AQUINAS FOOD BANK,640 GLENHOLME AVE None M6E 3G9,likely_not_restaurant
10815403.0,ST. URSULA CATHOLIC SCHOOL,215 LIVINGSTON RD None M1E 1L8,likely_not_restaurant
10781368.0,ST. VICTOR BEFORE & AFTER SCHOOL PROGRAM,20 Bernadine St None M1P 4M2,likely_not_restaurant
10815684.0,ST.JOHN HENRY NEWMAN CHS - SNP - AM,100 Brimley Rd S None M1M 3X4,ambiguous
10803622.0,STACK'D DELI KITCHEN,93 Front St E None M5E 1C3,likely_restaurant
10809942.0,STACKED,460 Renforth Dr Unit-15 M9C 2N2,ambiguous
10850411.0,STACKED,3030 BATHURST ST None M6B 3B6,ambiguous
10841309.0,STACKED PANCAKE & BREACKFAST HOUSE,91 Rylander Blvd Unit-1013 M1B 5M5,likely_restaurant
10819680.0,STACKED PANCAKE & BREAKFAST HOUSE,2181 Steeles Ave W Unit-B5 M3J 3N2,likely_restaurant
10843278.0,STACKED PANCAKE & BREAKFAST HOUSE,605 Rogers Rd Unit-D7-A M6M 1B9,likely_restaurant
10861209.0,STACKED PANCAKE & BREAKFAST HOUSE,85 Ellesmere Rd Unit-A01002A M1R 4B8,likely_restaurant
10820247.0,STACKED PANCAKE & BREAKFAST HOUSE ETOBICOKE,2200 Islington Ave Unit-4007 M9W 3W5,likely_restaurant
10796867.0,STACKED PANCAKE AND BREAKFAST HOUSE,394 Queen St W Unit-394 M5V 2A6,likely_restaurant
10849299.0,STACKT PROPERTIES/MONDAYS OFF,28 Bathurst St None None,ambiguous
10788029.0,STAFF OF LIFE FOOD BANK,65 Grand Marshall Dr None M1B 5N6,likely_not_restaurant
10829265.0,STANDARD TIME,"165 GEARY AVE, Unit-2 None M6H 2B8",ambiguous
10813234.0,STAPLES,"2131 YONGE ST, Unit-202 None M4S 2A7",ambiguous
10772450.0,STARBUCKS,301 Moore Ave None M4G 1E1,likely_restaurant
10773039.0,STARBUCKS,610 University Ave None M5G 2M9,likely_restaurant
10773290.0,STARBUCKS,125 The Queensway INSIDE-SOBEYS M8Y 1H6,likely_restaurant
10774512.0,STARBUCKS,2235 Yonge St None M4S 2B1,likely_restaurant
10780640.0,STARBUCKS,1 Blue Jays Way None M5V 1J4,likely_restaurant
10786633.0,STARBUCKS,100 King St W None M5X 1K7,likely_restaurant
10787835.0,STARBUCKS,326 King St W None M5V 1J2,likely_restaurant
10794555.0,STARBUCKS,155 Wellington St W None M5V 3H1,likely_restaurant
10797708.0,STARBUCKS,120 Adelaide St W None M5H 1T1,likely_restaurant
10805308.0,STARBUCKS,869 QUEEN ST E None M4M 1J2,likely_restaurant
10806114.0,STARBUCKS,220 Yonge St LEVEL 2 B209A M5B 2H1,likely_restaurant
10806874.0,STARBUCKS,10 Lower Jarvis St None M5E 1Z2,likely_restaurant
10810080.0,STARBUCKS,170 Evans Ave None M8Z 1J7,likely_restaurant
10810904.0,STARBUCKS,218 Yonge St Bldg-2111 M5B 2H6,likely_restaurant
10812024.0,STARBUCKS,859 Eglinton Ave W None M6C 2B9,likely_restaurant
10813182.0,STARBUCKS,200 Bay St None M5J 2H0,likely_restaurant
10827835.0,STARBUCKS,14 STRACHAN AVE None M6K 3N8,likely_restaurant
10835364.0,STARBUCKS,2877 Bayview Ave None M2K 2S3,likely_restaurant
10845142.0,STARBUCKS,4242 Dundas St W None M8X 1Y6,likely_restaurant
10862572.0,STARBUCKS,55 Reading Crt None M9W 7K7,likely_restaurant
10777345.0,STARBUCKS,585 Queen St W None M5V 2B7,likely_restaurant
10800044.0,STARBUCKS 81991,1235 Wilson Ave Flr-1 M3M 0B2,likely_restaurant
10780946.0,STARBUCKS COFFEE,123 Front St W None M5J 2M2,likely_restaurant
10796810.0,STARBUCKS COFFEE,"3401 DUFFERIN ST, Unit-601B None M6A 2T9",likely_restaurant
10805307.0,STARBUCKS COFFEE,16 York St None M5J 2Z2,likely_restaurant
10824925.0,STARBUCKS COFFEE,219 Queen St W None None,likely_restaurant
10846815.0,STARBUCKS COFFEE,350 Bay St None M5H 2S6,likely_restaurant
10822364.0,STARBUCKS/ALTEA ACTIVE,25 Ordnance St None None,likely_restaurant
10777247.0,STARFISH CARIBBEAN MARKET,1721 Jane St Bldg-- M9N 2S3,ambiguous
10858554.0,STARI GRAD/ SOLERO MEDITERRANEAN BAKERY,3029 Dundas St W None M6P 1Z4,likely_restaurant
10860028.0,STATE & MAIN KITCHEN + BAR,396 The East Mall None M9B 6L5,likely_restaurant
10824631.0,STEFANO'S DINER,1265 Dundas St W None M6J 1X6,likely_restaurant
10847063.0,STELLA BOREALIS,176 Cherry St Unit-36 M5A 3L1,ambiguous
10814870.0,STELLA MARIS CATHOLIC SCHOOL,31 ASCOT AVE None M6E 1E6,likely_not_restaurant
10820107.0,STELLA'S KITCHEN,182 DUPONT ST None M5R 2E6,likely_restaurant
10831050.0,STEPHEN LEACOCK COLLEGIATE INSTITUTE CAFETERIA,2450 Birchmount Rd None M1T 2M5,ambiguous
10801243.0,STEPPING STONES MONTESSORI SCHOOL,342 Runnymede Rd None M6S 2Y6,likely_not_restaurant
10805867.0,STEVE'S NO FRILLS,460 Renforth Dr None M9C 2N2,likely_not_restaurant
10857074.0,STEVEN TRAN CHOCOLATIER,476 Roncesvalles Ave None M6R 2N5,ambiguous
10779833.0,STILECROFT PUBLIC SCHOOL STUDENT NUTRITION PROGRAM,50 Stilecroft Dr Bldg-0 M3J 1A7,likely_not_restaurant
10827800.0,STONEMILL BAKEHOUSE,93 Front St E None M5E 1C3,likely_restaurant
10799413.0,STOP VARIETY,868 DANFORTH AVE None M4J 1L7,likely_not_restaurant
10863510.0,STORY TORONTO,214 ADELAIDE ST W None M5H 1W7,ambiguous
10845302.0,STRAWBELLA,95 GREENLAW AVE None M6H 3V8,ambiguous
10830956.0,STREATERY,38 Forest Manor Rd Unit-C None,ambiguous
10859939.0,STREET FOOD/HONEYMOON DESSERT  Bento & Poke Bowl,460 Spadina Ave None M5T 2G8,likely_restaurant
10791839.0,STREET GRILL,3555 Don Mills Rd Unit-11 M2H 3N3,likely_restaurant
10851732.0,STREET GRILL BAR,20 Baldwin St None M5T 1L2,likely_restaurant
10799451.0,STREET MOMOS PORT UNION,271 Old Kingston Rd Unit-103 M1C 1B4,ambiguous
10834908.0,STUBBE CHOCOLATES,653 ST CLAIR AVE W None M6C 1A7,ambiguous
10834753.0,STUDENT TASTY BIRYANI,2516 Finch Ave W None M9M 2G3,likely_restaurant
10846705.0,STUDIO CHARM CAFE,621 The Queensway Unit-B M8Y 1K4,likely_restaurant
10861040.0,SUAVE KORNER KAFE,2200 Eglinton Ave E Unit-103 M1L 2N3,ambiguous
10803434.0,SUBTRACTION KITCHEN,222 Spadina Ave Unit-BF9 M5T 3B3,likely_restaurant
10403383.0,SUBWAY,"142 KENDAL AVE, Unit-144 None M5R 1M3",ambiguous
10772207.0,SUBWAY,671 Danforth Ave Flr-1 - FLR-2 M4J 1L3,ambiguous
10773032.0,SUBWAY,275 Dundas St W Unit-12 M5T 3K1,ambiguous
10773754.0,SUBWAY,1160 Morningside Ave Unit-A M1B 3A4,ambiguous
10775291.0,SUBWAY,120 Eringate Dr Unit-4 M9C 3Z8,ambiguous
10777369.0,SUBWAY,300 Borough Dr Unit-FC-03 M1P 4P5,ambiguous
10778237.0,SUBWAY,2848 Ellesmere Rd None M1E 4B8,ambiguous
10786527.0,SUBWAY,1571 Sandhurst Crcl Unit-106B M1V 1V2,ambiguous
10787823.0,SUBWAY,3316 Keele St None M3M 2H7,ambiguous
10788537.0,SUBWAY,1171 Bloor St W None M6H 1M9,ambiguous
10789243.0,SUBWAY,2555 Victoria Park Ave Unit-3B M1T 1A3,ambiguous
10793783.0,SUBWAY,1717 Bloor St W None M6P 1B2,ambiguous
10799283.0,SUBWAY,220 Yonge St None M5B 2H1,ambiguous
10806950.0,SUBWAY,5919 Leslie St None None,ambiguous
10823332.0,SUBWAY,785 Steeles Ave W None M2R 3W9,ambiguous
10825834.0,SUBWAY,6135 Finch Ave E Unit-3 M1X 0C9,ambiguous
10826131.0,SUBWAY,1082 Queen St W None M6J 1H8,ambiguous
10834224.0,SUBWAY,3030 Don Mills Rd E Unit-27 M2J 3C1,ambiguous
10840116.0,SUBWAY,"222 THE ESPLANADE, Unit-1B None M5A 4M8",ambiguous
10844371.0,SUBWAY,78 Dundas St E None M5B 1C9,ambiguous
10844760.0,SUBWAY,170 Sumach St Unit-5 M5A 0C3,ambiguous
10850367.0,SUBWAY,200 Front St W Unit-C-004 M5V 3K2,ambiguous
10811506.0,SUBWAY ACADEMY ONE - STUDENT NUTRITION PROGRAM,16 Phin Ave Flr-3RD M4J 3T2,likely_not_restaurant
10804235.0,SUBWAY SANDWICHES,2430 Bloor St W None M6S 1P9,likely_restaurant
10819079.0,SUDDEN SUMMER CAFE,3700 Midland Ave Unit-122 M1V 4V3,likely_restaurant
10814752.0,SUFIA SUPERMARKET,3333 DANFORTH AVE None M1L 1C7,likely_not_restaurant
10843417.0,SUGAR & SEASON BAKEHOUSE,71 Underhill Dr None M3A 2J8,likely_restaurant
10794245.0,SUGAR DADDY DOUGHNUTS,1221 Dundas St W None M6J 1X3,likely_restaurant
10864142.0,SUGAR DADDY DOUGHNUTS,100 PRINCES BLVD None M6K 3C3,likely_restaurant
10817572.0,SUGAR DADDY DOUGHNUTS UNION STATION,65 Front St W None M5J 1E6,likely_restaurant
10844673.0,SUGAR N SPICE,1750 MIDLAND AVE None M1P 3C2,ambiguous
10793057.0,SUGAR OINK OINK (BANH MI CAFE),2635A Eglinton Ave W None M6M 1T6,likely_restaurant
10860491.0,SUGAR SWEET CAFE,4911 Steeles Ave E Unit-2 M1V 4Z3,likely_restaurant
10829998.0,SUGO CAFE,1281 Bloor St W None M6H 1N7,likely_restaurant
10818666.0,SUITE SHOP-HOMEWOODS SUITES,5515 EGLINTON AVE W None M9C 5K5,ambiguous
10797780.0,SUKHOTHAI,460 Front St E None M5A 0E6,ambiguous
10779824.0,SULTAN OF SAMOSAS INC.,251 Bartley Dr Unit-1 M4A 2N7,ambiguous
10777649.0,SULTAN'S MEDITERRANEAN GRILL,100 Wellington St W Unit-WS006 None,likely_restaurant
10799182.0,SULTAN'S MEDITERRANEAN GRILL,200 Front St W None M5V 3K2,likely_restaurant
10813275.0,SULTAN'S MEDITERRANEAN GRILL,130 King St W Unit-CUFC10 M5X 1K7,likely_restaurant
10837248.0,SULTAN'S MEDITERRANEAN GRILL,199 Bay St Unit-C162 M5L 1E7,likely_restaurant
10837289.0,SULTAN'S MEDITERRANEAN GRILL,120 Bremner Blvd None None,likely_restaurant
10839753.0,SULTAN'S MEDITERRANEAN GRILL,25 Adelaide St E Unit-101 M5C 3A1,likely_restaurant
10863492.0,SUMAC COMMUNITY FOOD CENTRE,340 Gerrard St E None M5A 2G7,ambiguous
10853434.0,SUMMERHILL MARKET,3609 Dundas St W None M6S 2T2,ambiguous
10853506.0,SUMNOMNOMS BAKERY,"105 VANDERHOOF AVE, Unit-8 None M4G 2H7",likely_restaurant
10856031.0,SUN CHINESE CUISINE,25 Spring Garden Ave None M2N 3G1,likely_restaurant
10847304.0,SUN STAR CHINESE CUISINE,636 Finch Ave E None M2K 2E6,likely_restaurant
10817707.0,SUNDAYS PASTA LAB,28 Bathurst St Unit-4-104 None,ambiguous
10858120.0,SUNDAYS PASTA LAB,171 East Liberty St Unit-125 M6K 3P6,ambiguous
10813191.0,SUNFLOWER DEVELOPMENTAL SERVICES,1970 Ellesmere Rd Bldg-1 M1H 2W1,ambiguous
10820050.0,SUNKRIS DESSERT PALACE,2950 Birchmount Rd Unit-5D M1W 3G5,likely_restaurant
10778823.0,SUNNY TAIWANESE FOOD INC,915 Bay St Unit-1 M5S 3L6,ambiguous
10824845.0,SUNNY VIEW JR. & SR. PUBLIC SCHOOL,450 BLYTHWOOD RD None M4N 1A9,likely_not_restaurant
10838331.0,SUNNYSIDE - KEELE,236 Keele St None M6P 2K3,ambiguous
10784137.0,SUNRISE CAFE,178 Rexdale Blvd None M9W 1R3,likely_restaurant
10816963.0,SUNRISE CARIBBEAN RESTAURANT,1285 York Mills Rd None M3A 1Z4,likely_restaurant
10830668.0,SUNRISE CARIBBEAN RESTAURANT,1949 Finch Ave W Unit-B M3N 2V3,likely_restaurant
10860559.0,SUNRISE CARIBBEAN RESTAURANT,1700 Wilson Ave Unit-195 M3L 1B2,likely_restaurant
10861386.0,SUNRISE FORGIVES,545 King St W Unit-101 M5V 1M1,ambiguous
10833622.0,SUNSET GRILL,120 Bloor St E None M4W 1B7,likely_restaurant
10846992.0,SUNSHINE BAR & COFFEE INC,522 Oakwood Ave None M6E 2X1,likely_restaurant
10832093.0,SUPER BOWLS,279 Roncesvalles Ave None M6R 2M3,ambiguous
10859361.0,SUPER CHICKEN,790 Military Trl Unit-1A M1E 4P7,likely_restaurant
10835442.0,SUPER CHICKEN DT,628 Yonge St None M4Y 1Z8,likely_restaurant
10829067.0,SUPER DISCOUNT VARIETY,310 Rustic Rd None M6L 1W5,likely_not_restaurant
10835968.0,SUPER EATER,"376 YONGE ST, Bldg-1 None M5B 1S6",ambiguous
10863587.0,SUPER SAMOSA SNACKS AND SWEETS,837 Albion Rd Unit-- M9V 1A3,ambiguous
10815139.0,SUPER SERVE,562 Dundas St W None M5T 1H5,ambiguous
10820506.0,SUPER UNIQUE,2085 Yonge St None M4S 2A4,ambiguous
10789235.0,SUPREME JUICE BAR,10 EASTWOOD RD None M4L 2C3,likely_restaurant
10777292.0,SUPREME TASTE,351 Broadview Ave None M4M 2H1,ambiguous
10777373.0,SUPREMNUTS,40 Carl Hall Rd Unit-459 M3K 2C1,ambiguous
10791383.0,SURREAL SWEETS,3513 Bathurst St None M6A 2C5,ambiguous
10823795.0,SURTI PAAN & FOODS,11 Westmore Dr Unit-5 M9V 3Y6,ambiguous
10827392.0,SUSAN CAFE,150 Emmett Ave Flr-MAIN FLOOR M6M 2E6,likely_restaurant
10829145.0,SUSHI AMAI,28 Finch Ave W Unit-113 M2N 2G7,likely_restaurant
10847495.0,SUSHI GEN,2584 Yonge St None M4P 2J3,likely_restaurant
10825690.0,SUSHI HUB/ BORSCHT Kitchen/ Hokku Sushi,74 Lippincott St None M5S 2P1,likely_restaurant
10775301.0,SUSHI ICHIBAN ELLESMERE,80 Ellesmere Rd None M1R 4C2,likely_restaurant
10827144.0,SUSHI INN,120 Cumberland St None M5R 1A6,likely_restaurant
10837363.0,SUSHI KIWAMI,599 YONGE ST None M4Y 1Z4,likely_restaurant
10839611.0,SUSHI KOMBU,3276 Midland Ave Unit-C-118 M1V 0C8,likely_restaurant
10771352.0,SUSHI LEGEND,"11 RAVEL RD, Unit-3 None None",likely_restaurant
10831158.0,SUSHI MOMO,1122 QUEEN ST W None M6J 1H9,likely_restaurant
10837798.0,SUSHI ON BAY,1105 Bay St None M5S 2B3,likely_restaurant
10818775.0,SUSHI ROCK,2425 Yonge St None M4P 2E7,likely_restaurant
10841347.0,SUSHI ROCK,48 St Clair Ave E None M4T 1M9,likely_restaurant
10842605.0,SUSHI SHOP,65 Front St W Unit-473 M5J 1E6,likely_restaurant
10830666.0,SUSHI UMI,41 Charles St W None M4Y 2R4,likely_restaurant
10792571.0,SUSHI YUGEN,150 York St Unit-115 M5H 3S5,likely_restaurant
10788643.0,SUSHI ZONE,1992 Yonge St Unit-101 M4S 1Z7,likely_restaurant
10817125.0,SUSHI-Q COMMERCE COURT,199 Bay St Unit-C104 M5L 1E7,likely_restaurant
10841942.0,SUSIE'S RISE & DINE,539 College St None M6G 1A9,ambiguous
10836749.0,SUSU SIAM,"390 SILVER STAR BLVD, Unit-124-128 None M1V 0G5",ambiguous
10851991.0,SUVARI COFFEE,3378 Lake Shore Blvd W None M8W 1M9,likely_restaurant
10844707.0,SUYA CITY EXPRESS,778 Dundas St W None M6J 1V1,ambiguous
10839758.0,SWAAGAT,36 King St E Unit-100 M5C 2L9,ambiguous
10816136.0,SWAD XPRESS,2893 Lawrence Ave E Bldg-11 M1P 2S8,ambiguous
10808111.0,SWANKY BURGER,220 Yonge St None M5B 2H1,likely_restaurant
10814570.0,SWANSEA PUBLIC SCHOOL - SNP,207 Windermere Ave None M6S 3J9,likely_not_restaurant
10799412.0,SWEAT & TONIC,486 Front St W None M5V 0V2,ambiguous
10840839.0,SWEET ADDICTIONS,563 DANFORTH AVE None M4K 1P9,ambiguous
10840081.0,SWEET STUFF INC,3440 Lake Shore Blvd W None M8W 1N3,ambiguous
10807122.0,SWEET THRILLS,367 Roncesvalles Ave None M6R 2M8,ambiguous
10774047.0,SWEETIE PIE,3308 Yonge St None M4N 2M4,ambiguous
10774290.0,SWEETIE PIE,100 King St W Unit-CN0147 M5X 1K7,ambiguous
10791798.0,SWEETIE PIE,36 Colville Rd None M6M 2Y4,ambiguous
10800319.0,SWEETIE PIE,525 UNIVERSITY AVE None M5G 2L3,ambiguous
10862127.0,SWEETS N BITS CREATIONS,227 TAVISTOCK RD None M3M 2P8,ambiguous
10799920.0,SWIFT CAFE,"245 FAIRVIEW MALL DR, Unit-101 None M2J 4T1",likely_restaurant
10773295.0,SWISS CHALET,900 Don Mills Rd None M3C 1V6,likely_restaurant
10789934.0,SWISS CHALET,2955 Bloor St W None M8X 1B8,likely_restaurant
10795072.0,SWISS CHALET,3150 Dufferin St Unit-102 M6A 2T1,likely_restaurant
10842784.0,SWISS CHALET,722 Pape Ave None M4K 3S7,likely_restaurant
10832510.0,SWISS CHALET / HARVEY'S,266 Queens Quay  W None M5J 1B5,likely_restaurant
10856018.0,SWISS CHALET ROTISSERIE &GRILL,4211 Yonge St None M2P 2A9,likely_restaurant
10811236.0,SZECHUAN,486 Front St W Unit-WM39 M5V 0V2,ambiguous
10776774.0,SZECHUAN EXPRESS,3401 Dufferin St Unit-FC16 M6A 2T9,ambiguous
10863596.0,SZECHUAN NOODLE BOWL,1030 Bloor St W None M6H 1M2,likely_restaurant
10846301.0,Second Cup,3014 Bloor St W Unit-front M8X 1C4,likely_restaurant
10848814.0,Shahira Indian Multi Cuisine,1370 Kennedy Rd Unit-1 M1P 2L7,likely_restaurant
10778717.0,T & T SUPERMARKET,1800 Sheppard Ave E Unit-1115 M2J 5A7,likely_not_restaurant
10836988.0,T & T SUPERMARKET,26 Edward St Bldg-1 M5G 1C9,likely_not_restaurant
10788519.0,T. O. DICKENS RESTAURANT,276 Augusta Ave None M5T 2L9,likely_restaurant
10853319.0,TA CON TOCHO,1698 EGLINTON AVE W None M6E 2H5,ambiguous
10847635.0,TABERNA LX,1161 Dundas St W None M6J 1X3,ambiguous
10841417.0,TABERNA NACIONAL BREWHOUSE,928 College St None M6H 1A4,likely_restaurant
10843920.0,TABERNA SOCIAL,40 Wellington St E None M5E 1C7,ambiguous
10792402.0,TACHI CENTRAL KITCHEN,3328 Yonge St Unit-A M4N 2M4,likely_restaurant
10799697.0,TACO BELL,1090 Bloor St W None M6H 1M6,likely_restaurant
10811716.0,TACO BELL,257 College St None M5T 1R5,likely_restaurant
10814221.0,TACO BELL,65 Front St W Unit-CRU481 M5J 1E6,likely_restaurant
10832290.0,TACO BELL,609 Danforth Ave None M4K 1R2,likely_restaurant
10834808.0,TACO BELL,3401 Dufferin St Unit-FC11 M6A 2T9,likely_restaurant
10841582.0,TACO FUEGO,571 Vaughan Rd None M6C 2R4,likely_restaurant
10808433.0,TACO LOCO,160 Baldwin St Unit-73 M5T 3K7,likely_restaurant
10840613.0,TACO LOVE,214 Augusta Ave None M5T 2L6,likely_restaurant
10815963.0,TACO LUPITA,497 Richmond St W None None,likely_restaurant
10775646.0,TACONTENTO,2603 Eglinton Ave W None M6M 1T3,likely_restaurant
10863447.0,TACORRIENDO MEXICAN FOOD,2917 DUFFERIN ST None M6B 3S7,likely_restaurant
10793628.0,TACOS  MORAS,523 Danforth Ave None M4K 1P7,likely_restaurant
10781287.0,TACOS CASA SONORA,1688 Dufferin St None M6E 3P1,likely_restaurant
10795302.0,TACOZ A PATA,2013 Lawrence Ave W Unit-5 M9N 0A3,likely_restaurant
10850203.0,TADKA MARUN,4379 Kingston Rd Unit-4 AND 5 M1E 2M9,ambiguous
10775426.0,TAGPUAN,2806 Victoria Park Ave None M2J 4A9,ambiguous
10803140.0,TAGPUAN 4,376 College St None M5T 1S6,ambiguous
10846522.0,TAGPUAN 5,335 Yonge St None M5B 1R7,ambiguous
10777459.0,TAHINI,2261 Islington Ave None M9W 3W6,ambiguous
10785914.0,TAHINI'S,343 King St W Unit-3 None,ambiguous
10818643.0,TAHINI'S,"2151 ST CLAIR AVE W, Unit-104 None M6N 1K5",ambiguous
10824665.0,TAHINI'S,215 Church St Unit-4 M5B 1Y7,ambiguous
10831547.0,TAHINI'S,175 Bloor St E Unit-R1-S M4W 3T5,ambiguous
10835612.0,TAHINI'S,32 Downes St None M5E 1E6,ambiguous
10841257.0,TAHINI'S,325 King St E Unit-170 M5A 1L1,ambiguous
10856550.0,TAHINI'S,1660 Queen St W None M6R 1B2,ambiguous
10857477.0,TAHINI'S,134 Atlantic Ave None M6K 1X9,ambiguous
10857687.0,TAHINI'S,690 Dundas St E Unit-6 M5A 0W6,ambiguous
10862265.0,TAHINI'S,890 Bloor St W None M6G 1M5,ambiguous
10795947.0,TAHINI'S RESTAURANT,233 College St None M5T 1R4,likely_restaurant
10837696.0,TAIWAN BEEF NOODLE HOUSE,3280 Midland Ave Unit-22 M1V 4W9,likely_restaurant
10843552.0,TAKIMI SUSHI ASIAN CUISINE HAPPY FRUIT BUBBLE TEA,150 Rimrock Rd None M3J 3A6,likely_restaurant
10805447.0,TAKJA BBQ,962 College St None M6H 1A5,likely_restaurant
10816742.0,TAKSIM DONER,5906 Yonge St None M2M 3T3,ambiguous
10858960.0,TAKUMI JAPANESE BBQ,125 Ravel Rd None M2H 1T1,likely_restaurant
10787513.0,TALINE,1276 Yonge St None M4T 1W5,ambiguous
10855386.0,TALK OF THE TOWN SPORTS BAR,636 Vaughan Rd None M6E 2Y3,likely_restaurant
10830517.0,TAM O'SHANTER GOLF COURSE,2481 BIRCHMOUNT RD None M1T 2M6,ambiguous
10849347.0,TAMADA,3421 Yonge St None M4N 2N1,ambiguous
10857270.0,TAMMY'S YOUR INDEPENDENT GROCER,123 Guildwood Pkwy None M1E 4V2,likely_restaurant
10831013.0,TAN DINH QUAN RESTAURANT,2428 St Clair Ave W None M6N 1L2,likely_restaurant
10823469.0,TANDOORI FEAST,670 Coronation Dr Unit-6 M1E 4V8,ambiguous
10853868.0,TANDOORI HAVEN,2644 Islington Ave Bldg-. M9V 2X5,ambiguous
10850074.0,TANGHULU,126 Cumberland St None M5R 1A6,ambiguous
10830463.0,TANGHULU TANGHULU,486 Front St W None M5V 0V2,ambiguous
10860815.0,TANGHULU TANGHULU,300 Borough Dr Unit-25B8 M1P 4P5,ambiguous
10862109.0,TANGHULU TANGHULU,322 Queen St W None M5V 2A2,ambiguous
10858963.0,TANGSSANT VIENNOISERIE,193 CHURCH ST None M5B 1Y7,ambiguous
10814589.0,TANING LEMON TEA,5 Northtown Way Unit-13 M2N 7A1,likely_restaurant
10819888.0,TANING LEMON TEA,"3250 MIDLAND AVE, Unit-G120 None M1V 4W9",likely_restaurant
10833661.0,TANTXO STEAK BAR,499 Richmond St W None None,likely_restaurant
10796709.0,TAQUERIA EL PASTORCITO,1160 BLOOR ST W None M6H 1N1,likely_restaurant
10826695.0,TAQUERIA EL PASTORCITO,1174 St Clair Ave W None M6E 1B4,likely_restaurant
10829139.0,TAQUERIA EL PASTORCITO,544 Yonge St Bldg-1 M4Y 1Y8,likely_restaurant
10863477.0,TAQUERIA EL PASTORCITO,988 Danforth Ave None M4J 1L9,likely_restaurant
10785850.0,TAQUERIA EL VALIENTE,216 Ossington Ave None M6J 2Z9,likely_restaurant
10787297.0,TAQUERIA TINGA KIM,1182 Queen St E None M4M 1L4,likely_restaurant
10820045.0,TAQUERIA VEGANA,1543 DUPONT ST None M6P 3S5,likely_restaurant
10829689.0,TAROU DON,4675 Steeles Ave E Unit-2FC8 M1V 4S5,ambiguous
10776464.0,TASTE BENDER ORIGINALS,316 College St None M5T 1S3,ambiguous
10809114.0,TASTE OF ALLEY,428 DUNDAS ST W None M5T 1G7,ambiguous
10789199.0,TASTE OF COLOMBO,1071 Danforth Rd Unit-7 M1J 1E4,ambiguous
10813717.0,TASTE OF HONG KONG,"2301 BRIMLEY RD, Unit-132 None M1S 5B8",ambiguous
10781616.0,TASTE OF VIETNAM RESTAURANT AND BAR,1 Whitehorse Rd Unit-19 M3J 3G8,likely_restaurant
10795518.0,TASTY AUTHENTIC FLAVOURS,384 Yonge St Bldg-1 M5B 1S8,ambiguous
10804717.0,TASTY HOUSE,240 Alton Towers Crcl Unit-5 M1V 4P2,ambiguous
10796172.0,TASTY SLICE PIZZA,"3930 LAWRENCE AVE E, Unit-2 None M1G 1R7",likely_restaurant
10830038.0,TATER TOT WONDERLAND - DWV 2025,55 Mill St None M5A 3C4,ambiguous
10837386.0,TATSURO'S,1378 Queen St E None M4L 1C9,ambiguous
10781952.0,TAVERNE TAMBLYN,1426 DANFORTH AVE None M4J 1N4,likely_restaurant
10814277.0,TAVOLA CULINARY,16 Sheffield St Unit-8 M6M 3E6,ambiguous
10843477.0,TAWA KITCHEN / PIZZA CHEF 1313,3430 Weston Rd None None,likely_restaurant
10802857.0,TCSCC - FAMILY BISTRO,141 Wilson Ave Flr-1 M5M 3A3,likely_restaurant
10802856.0,TCSCC - SPORTS GRILL,141 Wilson Ave Flr-1 M5M 3A3,likely_restaurant
10838241.0,TD - BOREALIS,160 Front St W Flr-47TH None,ambiguous
10818023.0,TEA TIME,3905 Don Mills Rd None M2H 2S7,likely_restaurant
10785573.0,TEAKO,1279 GERRARD ST E None M4L 1Y5,ambiguous
10765281.0,TEAMENDOUS,10 KARL FRASER RD None M3C 0E8,ambiguous
10777328.0,TED'S KIOSK,55 Dundas St W Flr-3RD M5G 2C3,ambiguous
10806613.0,TEDDY BEAR ACADEMY(OP: MVG VENTURES LTD.),167 High Park Ave None M6P 2S3,likely_not_restaurant
10815697.0,TEDDY BEER,928 Bloor St W None M6H 1L4,ambiguous
10801385.0,TEE TIME GOLF,16 WILLIAM SYLVESTER DR None M2J 0E9,ambiguous
10842255.0,TEHRANTO RESTAURANT,5625 Yonge St None M2M 3S9,likely_restaurant
10803161.0,TENDERCARE - HARBOUR LIGHT,1020 Mcnicoll Ave Flr-4 EAST M1W 2J6,ambiguous
10838274.0,TENNIS CANADA,1 Shoreham Dr Unit-100 M3N 3A6,ambiguous
10847321.0,TENON VEGAN SUSHI,486 Bloor St W None M5S 1X8,likely_restaurant
10801370.0,TERIMA COFFEE + PANTRY BAR,233 COLLEGE ST None M5T 1R4,likely_restaurant
10840169.0,TERIMA COFFEE + PANTRY BAR,78 Queen'S Park None M5S 2C5,likely_restaurant
10800252.0,TERRA BRASIL MARKET,2100 EGLINTON AVE W None M6E 2K7,ambiguous
10799009.0,TERRAVIEW-WILLOWFIELD EXTENDED DAY CARE,95 Pachino Blvd None M1R 4K1,likely_not_restaurant
10836182.0,TESLA 369,"385 THE WEST MALL, Unit-6 None M9C 1E7",ambiguous
10846941.0,THAI BARN NA,127 Jefferson Ave None M6K 3E4,ambiguous
10803107.0,THAI EXPRESS,65 Front St W Unit-485 M5J 1E6,ambiguous
10822539.0,THAI EXPRESS,21 Rexdale Blvd Unit-4002 M9W 5Z3,ambiguous
10824269.0,THAI EXPRESS,250 The East Mall Bldg-162 M9B 3Y8,ambiguous
10838286.0,THAI FUSION RESTAURANT,461 Pharmacy Ave None M1L 3G7,likely_restaurant
10846216.0,THAI MART,496 Yonge St None M4Y 1X9,likely_not_restaurant
10777254.0,THAI ON ROCK,1911 Ellesmere Rd Unit-A M1H 2W5,ambiguous
10805457.0,THAI ROOM,43 Milner Ave Unit-D1 M1S 3P6,ambiguous
10797129.0,THAI SQUARE,277 Port Union Rd None M1C 2L3,ambiguous
10849478.0,THAMEL TORONTO,1522 QUEEN ST W None M6R 1A4,ambiguous
10800017.0,THAO NHI KARAOKE,825 RUNNYMEDE RD None M6N 3V8,ambiguous
10822263.0,THAT LOCAL GIRL,2030 Weston Rd None M9N 1X4,ambiguous
10783690.0,THAY BAR,690 EUCLID AVE None M6G 2T9,likely_restaurant
10855170.0,THE ACME BURGER COMPANY,735 The Queensway None M8Z 1M8,likely_restaurant
10838156.0,THE ALEXANDRA HOTEL,77 Ryerson Ave None M5T 2V4,ambiguous
10779818.0,THE ALLEY,65 Front St W None M5J 1E6,ambiguous
10839236.0,THE ANNEX - RESTAURANT/RAFFAELLA,296 Brunswick Ave None M5S 2M7,likely_restaurant
10783364.0,THE ANNEX- Coffee and Bar,296 Brunswick Ave None M5S 2M7,likely_restaurant
10814288.0,THE AREPA REPUBLIC,76 DENSLEY AVE None M6M 2R3,ambiguous
10816092.0,THE AREPA REPUBLIC,499 Richmond St W Unit-K1 None,ambiguous
10785902.0,THE ARTFUL CHILD,214 WRIGHT AVE None M6R 1L3,ambiguous
10784191.0,THE AVENUE ROAD FOOD BANK,240 Avenue Rd Flr-MAIN M5R 2J4,likely_not_restaurant
10775876.0,THE BAGEL STOP,222 Bay St Unit-E3B M5K 2J7,ambiguous
10833371.0,THE BAGEL STOP,243 Consumers Rd None M2J 4W8,ambiguous
10855738.0,THE BAGEL STOP,686 Bay St Bldg-2 None,ambiguous
10839154.0,THE BALDEV PAAN AND SNACKS,1399 Gerrard St E None M4L 1Z5,ambiguous
10805906.0,THE BALLROOM BOWL YORKVILLE,1 Bloor St E Unit-6 M4W 1A9,ambiguous
10779282.0,THE BAR JOKBAL NIGHT MARKET,639 YONGE ST None M4Y 1Z9,likely_restaurant
10826572.0,THE BASE KITCHEN AND BAR,3482 Lawrence Ave E Bldg-1 M1H 3E5,likely_restaurant
10787845.0,THE BEAT/R&BEAN,333 Bloor St E Flr-2 M4W 1G9,ambiguous
10829252.0,THE BELL AND BEACON,1648 QUEEN ST W None M6R 1B2,ambiguous
10821783.0,THE BERCZY TAVERN,69 Front St E None M5E 1B5,likely_restaurant
10790013.0,THE BESPOKE WELLNESS GROUP/GREEN HOUSE,"1 YORKVILLE AVE, Unit-110 None M4W 1L1",likely_not_restaurant
10778444.0,THE BHAIS SHAWARMA & GRILL,222 The Esplanade Unit-3 M5A 4M8,likely_restaurant
10813829.0,THE BHOJ FINE INDIAN CUISINE,673 Spadina Ave None M5S 2H9,likely_restaurant
10827799.0,THE BIG SLICE PIZZA AND CHICKEN,"226 MARKHAM RD, Bldg-1 None M1J 3C2",likely_restaurant
10779203.0,THE BIRYANI WALA,643 Bloor St W None M6G 1L1,likely_restaurant
10775371.0,THE BIRYANI WALLA,3241 Yonge St None M4N 2L5,likely_restaurant
10791177.0,THE BLACK CANARY ESPRESSO BAR,900 KINGSTON RD None M4E 1S5,likely_restaurant
10842445.0,THE BLACKHORN STEAKHOUSE,251 Ellesmere Rd None M1R 4E4,ambiguous
10852617.0,THE BOLLYWOOD TACOS,422 College St None M5T 1T3,likely_restaurant
10836736.0,THE BOTHY COFFEE,2249 Gerrard St E None M4E 2C9,likely_restaurant
10793154.0,THE BREAK CAFE,"15 LIBRARY LANE, Unit-101 None M3J 2S5",likely_restaurant
10798627.0,THE BRICK ROOM,181 Bay St Unit-C60 M5J 2T3,ambiguous
10863597.0,THE BRICK ROOM,9 Temperance St Flr-GRND M5H 1Y6,ambiguous
10827641.0,THE BROCKTON HAUNT,1158 College St None M6H 1B6,ambiguous
10772521.0,THE BULL BBQ PIT,2790 DUNDAS ST W None M6P 1Y5,likely_restaurant
10786417.0,THE BURGER BROS,1028 Danforth Ave None M4J 1M2,likely_restaurant
10857257.0,THE BURGER SHOP,960 Queen St W None M6J 1G8,likely_restaurant
10771739.0,THE BURGER'S PRIEST,900 Warden Ave None M1L 4W6,likely_restaurant
10805832.0,THE BURGER'S PRIEST,1922 QUEEN ST E None M4L 1H5,likely_restaurant
10837883.0,THE BURGER'S PRIEST,579 King St W None M5V 1M1,likely_restaurant
10843317.0,THE BURGER'S PRIEST,1120 Queen St W None M6J 1H9,likely_restaurant
10844806.0,THE BURGER'S PRIEST,860 York Mills Rd Unit-2 M3B 1Y4,likely_restaurant
10844925.0,THE BURGER'S PRIEST,351 King St E Unit-120D M5A 0L6,likely_restaurant
10788990.0,THE BURRITO BROS,320 Richmond St E 107 M5A 1P9,ambiguous
10802862.0,THE BURRITO BROS,359 Eglinton Ave W None M5N 1A3,ambiguous
10777256.0,THE BUTCHER BOUTIQUE,5377 YONGE ST None M2N 5R6,likely_not_restaurant
10821894.0,THE BUTCHER'S BBQ - COMMISSARY,1 Glen Scarlett Rd None M6N 1P5,ambiguous
10844763.0,THE CARBON SNACK BAR,460 King St W None M5V 1L7,likely_restaurant
10844979.0,THE CARVERY,486 Front St W None M5V 0V2,ambiguous
10857125.0,THE CASTLE ON QUEEN,884 Queen St E None M4M 1J3,ambiguous
10822547.0,THE CHARTROOM BAR & LOUNGE,1 Harbour Sq None M5J 1A6,likely_restaurant
10775148.0,THE CHASE,10 Temperance St Flr-5 M5H 1Y4,ambiguous
10838479.0,THE CHINESE BLOCK,28 Finch Ave W Unit-109 M2N 2G7,ambiguous
10835687.0,THE CHOCOLATE ROOM,2652 Islington Ave Bldg-- M9V 2X5,ambiguous
10779460.0,THE CHOCOLATERIA,361 Roncesvalles Ave None M6R 2M8,ambiguous
10788369.0,THE CHULO,394 Bloor St W None M5S 1X4,ambiguous
10772173.0,THE CLOVER SCHOOL - HIGH PARK ANNETTE CAMPUS,250 Annette St None M6P 1R1,likely_not_restaurant
10838171.0,THE COFFEE,901 King St W Unit-109 M5V 3H5,likely_restaurant
10852523.0,THE COFFEE,150 Bloor St W None M5S 2X9,likely_restaurant
10841813.0,THE COFFEE 387 FRONT STREET,387 Front St W None M5V 3S8,likely_restaurant
10855850.0,THE COFFEE SPOT,3850 Sheppard Ave E 210 M1T 3L4,likely_restaurant
10806012.0,THE COMMON TABLE AT THE CHURCH OF THE REDEEMER,162 Bloor St W None M5S 1M4,likely_not_restaurant
10809333.0,THE COMMONS - SCOTIA BANK,44 King St W Flr-4 M5H 1H1,ambiguous
10772327.0,THE COMMONS NORTH 3rd Fl (ARAMARK),40 Temperance St Flr-3 None,ambiguous
10794077.0,THE COMPANY WE KEEP,634 St Clair Ave W None M6C 1A9,ambiguous
10783256.0,THE CONSTANCE,"220 YONGE ST, Unit-02A None M5B 2H1",ambiguous
10773126.0,THE CORNER STORE CONVENIENCE,2013 Lawrence Ave W None M9N 0A3,likely_not_restaurant
10777582.0,THE COTTAGE CHEESE,64 Oxford St None M5T 1P1,ambiguous
10791174.0,THE CUPS,314 College St None M5T 1S3,ambiguous
10862683.0,THE CURE BY TMA,19 Mercer St None M5V 1H2,ambiguous
10861609.0,THE DAPPER DOUGHNUT,40 King St W None M5H 3Y2,likely_restaurant
10843021.0,THE DILL BANH MI,32 Colville Rd None M6M 2Y4,ambiguous
10831893.0,THE DOPAMINE LOUNGE,"2415 YONGE ST, Flr-1 None M4P 2E7",ambiguous
10807511.0,THE DORSET,455 Wellington St W None M5V 1E7,ambiguous
10788661.0,THE DRAFT ROOM,395 KEELE ST None M6P 2K9,ambiguous
10857490.0,THE DUKE LIVE,1225 Queen St E None M4M 1L6,ambiguous
10846321.0,THE DUM SPOT,615 Queen St W None M5V 2B7,ambiguous
10809947.0,THE DUMBIRYANI.CA,"20 LOCKPORT AVE, Unit-- None M8Z 2R7",ambiguous
10840799.0,THE EAT LOCKER,"545 KEELE ST, Unit-119 None M6N 3E4",ambiguous
10862435.0,THE EATERY AT CMCC,6100 Leslie St None M2H 3J1,likely_restaurant
10815550.0,THE EGG EATERY,1348 KENNEDY RD None M1P 2L7,likely_restaurant
10848674.0,THE FAIRWAY,1660 Bayview Ave None M4G 3C2,ambiguous
10773570.0,THE FARE FOOD CO,300 King St E UNIT-200 M5A 1K4,ambiguous
10814201.0,THE FEATHERS PUB,962 Kingston Rd None M4E 1S7,likely_restaurant
10776985.0,THE FEDERAL,1438 Dundas St W None M6J 1Y6,ambiguous
10798142.0,THE FLIGHT PATH BAR & GRILL,135 Carlingview Dr None M9W 5E7,likely_restaurant
10834440.0,THE FOX AND FALCON PUB AND WING HOUSE,831 Dundas St W None M6J 1V4,likely_restaurant
10851274.0,THE FREDERICK/THE CHASE,10 Temperance St None M5H 1Y4,ambiguous
10777631.0,THE FRY,524 Bloor St W None M5S 1Y3,ambiguous
10848085.0,THE GARDEN BAR AND BODEGA,1173 Dundas St E Unit-128 M4M 3P1,likely_restaurant
10846975.0,THE GENERAL STORE -GIFT SHOP,825 Coxwell Ave None M4C 3E7,likely_not_restaurant
10810064.0,THE GRAND INDIAN DINING,507 Queen St W None M5V 2B4,ambiguous
10832070.0,THE GREAT CANADIAN BAGEL,112 Elizabeth St None M5G 1P5,ambiguous
10831042.0,THE GREAT GREEK MEDITERRANEAN GRILL & CATERING,2171 YONGE ST None M4S 2A9,ambiguous
10832190.0,THE GREENWOOD,1374 Queen St E None M4L 1C9,ambiguous
10816281.0,THE GRILL ON JANE,425 Jane St Unit-2-3 M6S 3Z7,likely_restaurant
10828003.0,THE GRILLFATHER SUYA VILLAGE INDOOR & OUTDOOR CATERING & EVENTS,236 PELLATT AVE None M9N 2P6,ambiguous
10583009.0,THE GRIND,200 Bay St Flr-2 M5J 2H0,ambiguous
10803873.0,THE GROVE COMMUNITY SCHOOL - SNP - SNACK PROGRAM,108 Gladstone Ave None M6J 3L2,likely_not_restaurant
10849646.0,THE HAKKA SPOT,557 Dixon Rd 131 M9W 6K1,ambiguous
10816021.0,THE HALAL GUYS,8 Wellesley St E None M4Y 3B2,ambiguous
10860866.0,THE HALAL STOP,4205 Keele St Unit-18 M3J 3T8,ambiguous
10840803.0,THE HAND ROLL SUSHI BAR,717 Bay St Bldg-D M5G 2J9,likely_restaurant
10837242.0,THE HARMONY CAFE,75 Nassau St None M5T 1M6,likely_restaurant
10813296.0,THE HAVEN CAFE,2256 Queen St E None M4E 1G2,likely_restaurant
10657815.0,THE HEALING SOURCE PHARMACY,2209 BLOOR ST W None M6S 1N5,likely_not_restaurant
10860614.0,THE HIVE BY HONEY SOUL FOOD,907 Dundas St W None M6J 1V9,ambiguous
10814944.0,THE HONEST BUTCHER,130 Manville Rd None M1L 4J5,likely_not_restaurant
10863478.0,THE HUNGER SPOT,"236 SHERBOURNE ST, Unit-4 None M5A 2R7",ambiguous
10833325.0,THE HUT,2528 YONGE ST None M4P 2H7,ambiguous
10828700.0,THE ICON CUISINE & LOUNGE,"1988 AVENUE RD, Flr-2 None M5M 4A4",likely_restaurant
10779456.0,THE INDIAN CANTEEN,100 Yonge St None M5C 2W1,ambiguous
10808012.0,THE ISLANDS CARIBBEAN COOKSHOP,486 Front St W None M5V 0V2,ambiguous
10848683.0,THE J.ARTHUR,1044 Gerrard St E None M4M 1Z8,ambiguous
10861360.0,THE JALSA INDIAN CUISINE,2258 Kingston Rd None M1N 1T9,likely_restaurant
10855801.0,THE JAR PICKLEBALL CLUB,"900 CALEDONIA RD, Unit-5 None M6B 3Y1",ambiguous
10796604.0,THE JONESES RESTAURANT & BAR,33 Yonge St Unit-100 M5E 1G4,likely_restaurant
10775443.0,THE KABOB GUYS,147 Spadina Ave Flr-1 M5V 2L7,ambiguous
10792896.0,THE KELLY CAFE,113 St Joseph St None M5S 3C2,likely_restaurant
10802435.0,THE KING'S KURRY,3038 Bloor St W None M8X 1C4,ambiguous
10787123.0,THE KINGSTON HOUSE,676 Kingston Rd None M4E 1R4,ambiguous
10802731.0,THE KITCHENSTEAD,105 Vanderhoof Ave Unit-8 M4G 2H7,likely_restaurant
10805820.0,THE LAKEVIEW RESTAURANT,1132 Dundas St W None M6J 1X2,likely_restaurant
10807173.0,THE LATIN WORLD,823 Bloor St W None M6G 1M1,ambiguous
10788717.0,THE LC CAFE,3290 Midland Ave None M1V 3Z9,likely_restaurant
10843502.0,THE LEARNING NEST ACADEMY - JUNCTION,51 Vine Ave None M6P 1V6,likely_not_restaurant
10830360.0,THE LINX LOUNGE,205 HUMBER COLLEGE BLVD None M9W 5L7,ambiguous
10824531.0,THE LOST LAND,146 Yonge St None M5C 1X6,ambiguous
10846952.0,THE LUNCH LADY,93 Ossington Ave None M6J 2Z2,ambiguous
10842098.0,THE MAD STACKER,704 The Queensway Unit-A M8Y 1L3,ambiguous
10774957.0,THE MAGPIE CAKERY COFFEE AND BAKESHOP,1125 Gerrard St E None M4L 1Y1,likely_restaurant
10839553.0,THE MARKET,135 CARLINGVIEW DR None M9W 5E7,ambiguous
10777242.0,THE MEATHEAD STORE,1210 Markham Rd Unit-9-10 M1H 3B3,ambiguous
10855925.0,THE MIDYE,2862 Keele St None M3M 2G8,ambiguous
10823073.0,THE MODERN CRUMB,235 Carlaw Ave Unit-LL100B M4M 2S1,ambiguous
10837564.0,THE MOMO HOUSE,1416 Queen St W None M6K 1L9,ambiguous
10832122.0,THE MOMO STATION-2,633 Markham Rd None M1H 2A4,ambiguous
10831492.0,THE MONTESSORI SCHOOLHOUSE,290 Runnymede Rd None M6S 2Y6,likely_not_restaurant
10826220.0,THE MUNCHKIN MANOR EARLY LEARNING CENTRE,525 Bloor St E None M4W 1J1,ambiguous
10813930.0,THE NANGLO,2817 Eglinton Ave E None M1J 2E1,ambiguous
10773611.0,THE NEIGHBORHOOD GROUP CANOE LANDING BEFORE AND AFTER PROGRAM,20 Brunel Crt None M5V 0R5,ambiguous
10800221.0,THE NEIGHBORHOOD GROUP DOWNSVIEW CHILD CARE,2829 Keele St Rm-100 - 103 M3M 2G7,likely_not_restaurant
10774478.0,THE NEIGHBOURHOOD GROUP HARBOURFRONT CHILD CARE CENTRE,650 Queens Quay  W Unit-101 M5V 3N2,likely_not_restaurant
10816356.0,THE NICE GUY,"5775 YONGE ST, Unit-30 None M2M 4J1",ambiguous
10861479.0,THE NICE SLICE,196 Borden St None M5S 2N3,ambiguous
10829300.0,THE NIGHT BAKER,5361 Yonge St None M2N 5R6,likely_restaurant
10799390.0,THE NOODLE BAR,3280 MIDLAND AVE None M1V 4W9,likely_restaurant
10816121.0,THE NOSH - BAYCREST,3560 Bathurst St None M6A 2E1,ambiguous
10801245.0,THE OASIS BISTRO,8 The Donway  E None M3C 3R7,likely_restaurant
10790653.0,THE OLD YORK TAVERN,167 Niagara St None M5V 1C9,likely_restaurant
10863029.0,THE ONDA,750 ST CLAIR AVE W None M6C 1B5,ambiguous
10831790.0,THE ONE CAVIAR,1 YORKVILLE AVE None M4W 1L1,ambiguous
10793748.0,THE ORCHARD MONTESSORI SCHOOL,375 Dovercourt Rd None M6J 3E5,likely_not_restaurant
10814597.0,THE OVEN FRESH,3430 Sheppard Ave E None M1T 3K4,ambiguous
10822094.0,THE PALACE OF FRUIT AND PASSION,"45 FOUR WINDS DR, Unit-E None M3J 1K7",ambiguous
10863914.0,THE PARROTS NEST RESTAURANT,1931-1933 Sheppard Ave W None M3L 1Y8,likely_restaurant
10798909.0,THE PEACHY,5650 Yonge St Bsmt-14B M2M 4G3,ambiguous
10845466.0,THE PEACHY,618 Yonge St None M4Y 1Z3,ambiguous
10828733.0,THE PEOPLE'S MARKET,230 Nugget Ave Unit-4 M1S 3J2,ambiguous
10838106.0,THE PERI PERI SHACK,191 Sheppard Ave E None M2N 3A8,ambiguous
10862199.0,THE PIE COMMISSION,919 Oxford St None M8Z 5T3,ambiguous
10805860.0,THE PIER BAR AT THE MARKET,486 Front St W Unit-59 M5V 0V2,likely_restaurant
10840441.0,THE PLACE LATIN PRODUCTS,2965 Islington Ave Unit-13 M9L 2K8,ambiguous
10844148.0,THE PLAY BOOK COMMONS,111 Princes Blvd None M6K 3C3,ambiguous
10853293.0,THE PLAYSCAPE,30 Dean Park Rd Unit-21 M1B 3H1,ambiguous
10774904.0,THE PORTUGUESE CHICKEN GUYS,16 Newbridge Rd Bldg-- M8Z 2L7,likely_restaurant
10844487.0,THE POT HOME,5287 Yonge St None M2N 5R3,ambiguous
10810125.0,THE PRINCESS MARGARET LODGE,545 Jarvis St None M4Y 2H8,ambiguous
10853585.0,THE PURPLE BAKESHOP,1090 Don Mills Rd Unit-3A M3C 3R6,likely_restaurant
10844216.0,THE QUEEN SEAFOOD CUISINE,900 Don Mills Rd Unit-2 M3C 1V6,likely_restaurant
10781302.0,THE QUEEN'S HEAD PUB,1042 St Clair Ave W None M6E 1A5,likely_restaurant
10807111.0,THE QUEEN'S HEAD PUB,1214 Queen St E None M4M 1L7,likely_restaurant
10863768.0,THE QUEENSHEAD PUB,2555 Victoria Park Ave Unit-1 M1T 1A3,likely_restaurant
10792567.0,THE REAL MCCOY,3300 Lawrence Ave E Unit-6 M1H 1A6,ambiguous
10770999.0,THE RED SCALE BAKE SHOP,626 VAUGHAN RD None M6E 2Y3,likely_restaurant
10861877.0,THE RED TRUCK,120 St George St None M5S 0C1,ambiguous
10862840.0,THE ROSEBUD,498 KING ST E None M5A 1M1,ambiguous
10789332.0,THE ROSEMOUNT CAFE,46 Rosemount Ave Bldg-- M9N 3B3,likely_restaurant
10798932.0,THE ROY PUBLIC HOUSE,894 Queen St E None M4M 1J3,ambiguous
10800171.0,THE ROYAL BBQ GRILL,390 Roncesvalles Ave None M6R 2M9,likely_restaurant
10835768.0,THE RUNNYMEDE HALL,821 Runnymede Rd Flr-2ND M6N 3V8,ambiguous
10778815.0,THE SALT AND PEPPER CATERING CO.,406 Dupont St None M5R 1V9,likely_not_restaurant
10863760.0,THE SAND TRAP GOLF SIMULATOR AND LOUNGE,1306 King St W None M6K 1G8,ambiguous
10786532.0,THE SCOTT MISSION,5 MCLACHLAN DR None M9W 1E3,ambiguous
10788001.0,THE SECOND CHANCE FOUNDATION,3171 Eglinton Ave E Rm-REC RM M1J 2G8,likely_not_restaurant
10777980.0,THE SECOND CITY THEATRE COMPANY,1 YORK ST None None,ambiguous
10852009.0,THE SECOND TUMMY TIRAMISU,3262 Midland Ave Unit-E111 M1V 0C6,ambiguous
10798315.0,THE SELF RAMEN BAR,233 College St None M5T 1R4,likely_restaurant
10821182.0,THE SOCIAL BREW CAFE AND MARKET PLACE,1236 Birchmount Rd None M1P 2C3,likely_restaurant
10813218.0,THE SPICY ALLEY FOOD,"63 SILVER STAR BLVD, Unit-D1-D2 None M1V 5E5",ambiguous
10810881.0,THE SPICY ETHIOPIAN,175 Queen St E None M5A 1S2,ambiguous
10859684.0,THE SQUIRRELS' NEST CHILD CARE CENTRE - NORTH BENDALE,29 Aveline Cres None M1H 2P4,likely_not_restaurant
10821116.0,THE SUPER NOODLE COMPANY - FB  415 - CNE 2025,2 STRACHAN AVE None M6K 3C3,likely_restaurant
10776018.0,THE SUYA SPOT,269 Morningside Ave None M1E 3G1,ambiguous
10841548.0,THE SUYA SPOT,1269 Weston Rd None M6M 4R2,ambiguous
10831110.0,THE SWEET CRUMBLE,1556 Queen St W None M6R 1A6,ambiguous
10859033.0,THE SWEET SCOOP,16A Yonge St None M5E 2A3,ambiguous
10798378.0,THE SWEET SPOT,41 Baldwin St None M5T 1L1,ambiguous
10846501.0,THE THAMEL EXPRESS,1215 Ellesmere Rd Unit-1215 M1P 2X8,ambiguous
10772773.0,THE TINY GENERAL STORE,80 Barton Ave None M6G 1P6,likely_not_restaurant
10777186.0,THE TORONTO CHEDER,475 PATRICIA AVE None M2R 2N1,ambiguous
10813946.0,THE TORONTO CHEDER,475 PATRICIA AVE None M2R 2N1,ambiguous
10843708.0,THE TUMMY SECTION BY DELHI BOYZ,2200 Dundas St W None M6R 1X3,ambiguous
10842799.0,THE VILLAGE BAKERY,1084 ST CLAIR AVE W None M6E 1A7,likely_restaurant
10784421.0,THE VILLAGE GROCER,111 Finchdene Sq Unit-1 M1X 1B5,likely_restaurant
10814380.0,THE VILLAGE NURSERY SCHOOL,2241 Dundas St W None M6R 1X6,likely_not_restaurant
10809470.0,THE VILLAGE OF HUMBER HEIGHTS - MONTGOMERY'S BAR,2245 Lawrence Ave W None M9P 2A2,likely_restaurant
10822841.0,THE WAY OF NOODLES,444 Yonge St Bsmt-F16 M5B 2H4,likely_restaurant
10825555.0,THE WEST CORK IRISH PUB,701 Queen St E None M4M 1G6,likely_restaurant
10810730.0,THE WESTBURY CAFE,495 The West Mall None M9C 5S3,likely_restaurant
10863968.0,THE WILLOW PLAY CAFE,1540 DUPONT ST None M6P 4G7,likely_restaurant
10779691.0,THE WING SPOT,841 Queen St W Unit-1 M6J 1G4,ambiguous
10805612.0,THE WING SPOT - REXDALE,2687 Kipling Ave Unit-15 M9V 5G6,ambiguous
10849707.0,THE WINGS MARKET,965 Eglinton Ave W None M6C 2C4,likely_restaurant
10798633.0,THE WOLFE TONE,1961 Queen St E None M4L 1H7,ambiguous
10811391.0,THE WORKS,60 Wellington St E None M5E 1C7,ambiguous
10797267.0,THE WRIGHT SPOT,80 Bowmore Rd None M4L 3J2,ambiguous
10816737.0,THE YOGA BAR,10 Plastics Ave Bldg-- M8Z 4B7,ambiguous
10776000.0,THE ZEN,263 Queen St W Flr-1 M5V 1Z4,ambiguous
10467771.0,THEATRE PASSE MURAILLE,16 RYERSON AVE None M5T 2P3,ambiguous
10798992.0,THIEN TAM ASIA VEGAN & VEGETARIAN RESTAURANT,2907 Dundas St W None M6P 1Z1,likely_restaurant
10860151.0,THINDI INDIAN CAFE,171 East Liberty St Unit-153 M6K 3P6,likely_restaurant
10822704.0,THIRSTY AND MISERABLE,2102 Dundas St W None M6R 1W9,ambiguous
10823298.0,THIS OR THAT,5317 YONGE ST None M2N 5R4,ambiguous
10795838.0,THOMAS L. WELLS BEFORE AND AFTER SCHOOL PROGRAM,69 Nightstar Rd None M1X 1V6,likely_not_restaurant
10806456.0,THREE DOLLAR BILL,1592 QUEEN ST W None M6R 1A8,ambiguous
10853962.0,THREE DOTS COFFEE,865 College St None M6H 1A1,likely_restaurant
10857326.0,THREE KITCHENS RESTAURANT,5280 DUNDAS ST W None M9B 1A9,likely_restaurant
10776708.0,THREE STARS FOOD AND GROCERY,241 Niagara St None M6J 2L5,ambiguous
10792664.0,TIAN TIAN XIANG,1571 Sandhurst Crcl Unit-403 M1V 1V2,ambiguous
10814309.0,TIARRE'S BRUNCH & BISTRO,1980 Queen St E None M4L 1J2,likely_restaurant
10808461.0,TIARRES'S BRUNCH N CAKES,1614 Bayview Ave None M4G 3B7,ambiguous
10778252.0,TIBET IMBISS,40 Carl Hall Rd Unit-15 -16 M3K 2C1,ambiguous
10841877.0,TIEE EXPRESS,287 King St W None M5V 1J5,ambiguous
10851448.0,TIENDA EL PASTORCITO,1209 ST CLAIR AVE W None M6E 1B5,ambiguous
10785925.0,TIENDA MOVIL LATIN SUPERMARKET,834 Browns Line None M8W 3W2,likely_not_restaurant
10797980.0,TIFFINS2U,1352 Kennedy Rd Bldg-1 M1P 2L7,ambiguous
10807204.0,TIGER BBQ,250 Alton Towers Crcl Unit-C5 M1V 3Z4,likely_restaurant
10834867.0,TIGER BLUES,811 Queen St W None M6J 1G1,ambiguous
10811696.0,TIGER DEN TAVERN,45 Baldwin St None M5T 1L1,likely_restaurant
10796803.0,TIGER SUGAR,2391 YONGE ST None M4P 2E7,ambiguous
10829939.0,TIGER'S CUP BAP,161 Bay St None M5J 2S1,ambiguous
10850006.0,TIKHARO The Home of Indian Street Food,127 Westmore Dr Unit-111 M9V 3Y6,ambiguous
10807167.0,TIKKA KING,296 Rexdale Blvd None M9W 1R6,ambiguous
10819666.0,TIKKA LOUNGE,6200 Finch Ave W None M9V 0A1,ambiguous
10842898.0,TIKKA TIKKA,"2240 LAKE SHORE BLVD W, Unit-104 None M8V 1A5",ambiguous
10831211.0,TILT ARCADE BAR,1255 Queen St W None M6K 1L5,likely_restaurant
10801253.0,TIM HORTONS,800 Queen St E None M4M 1H7,likely_restaurant
10783689.0,TIM HORTONS # 103196,5714 Yonge St None None,likely_restaurant
10771845.0,TIM HORTONS,333 Bay St None M5H 2R2,likely_restaurant
10773204.0,TIM HORTONS,2575 Danforth Ave None M4C 1L5,likely_restaurant
10773633.0,TIM HORTONS,1401 Ellesmere Rd None M1P 4R4,likely_restaurant
10773889.0,TIM HORTONS,731 Eastern Ave None M4M 3H6,likely_restaurant
10773953.0,TIM HORTONS,1900 Midland Ave None M1P 5E2,likely_restaurant
10774236.0,TIM HORTONS,1150 Markham Rd None M1H 2Y6,likely_restaurant
10774482.0,TIM HORTONS,2013B Lawrence Ave W None None,likely_restaurant
10778179.0,TIM HORTONS,150 Dupont St None M5R 2E6,likely_restaurant
10782919.0,TIM HORTONS,4696 Yonge St None M2N 5M2,likely_restaurant
10783586.0,TIM HORTONS,381 Mount Pleasant Rd None M4S 2L5,likely_restaurant
10791153.0,TIM HORTONS,2867 Ellesmere Rd None M1E 4B9,likely_restaurant
10791393.0,TIM HORTONS,1521 Yonge St None M4T 1Z2,likely_restaurant
10794681.0,TIM HORTONS,1567 Steeles Ave E None None,likely_restaurant
10796434.0,TIM HORTONS,3071 Bloor St W None M8X 1C7,likely_restaurant
10798625.0,TIM HORTONS,900 St Clair Ave W None M6C 1C5,likely_restaurant
10798899.0,TIM HORTONS,170 Princes Blvd None M6K 3C3,likely_restaurant
10800996.0,TIM HORTONS,2388 Dundas St W None M6P 1W9,likely_restaurant
10801545.0,TIM HORTONS,686 Dundas St E None M5A 0W6,likely_restaurant
10806262.0,TIM HORTONS,20 Brentcliffe Rd Unit-1 M4G 3Y2,likely_restaurant
10808812.0,TIM HORTONS,825 Coxwell Ave Flr-MAIN M4C 3E7,likely_restaurant
10811785.0,TIM HORTONS,408 Roncesvalles Ave None M6R 2M9,likely_restaurant
10816996.0,TIM HORTONS,2700 DUFFERIN ST None M6B 4J3,likely_restaurant
10821758.0,TIM HORTONS,18 Yorkville Ave Unit-2-3 M4W 3Y8,likely_restaurant
10831254.0,TIM HORTONS,40 Asquith Ave None M4W 1J6,likely_restaurant
10833920.0,TIM HORTONS,441 Queen St W None M5V 2A5,likely_restaurant
10833944.0,TIM HORTONS,900 Eglinton Ave W None M6C 2B6,likely_restaurant
10840366.0,TIM HORTONS,1530 Albion Rd Unit-61 M9V 1B4,likely_restaurant
10841354.0,TIM HORTONS,55 Front St E None M5E 1B3,likely_restaurant
10845569.0,TIM HORTONS,28 Downes St None M5E 0E5,likely_restaurant
10847945.0,TIM HORTONS,"1281 DUPONT ST, Unit-7 None M6H 0G1",likely_restaurant
10856208.0,TIM HORTONS,200 Church St None M9N 1N8,likely_restaurant
10857485.0,TIM HORTONS,4479 Kingston Rd None M1E 2N7,likely_restaurant
10864064.0,TIM HORTONS,878 Eglinton Ave E Unit-7 M4G 2L1,likely_restaurant
10805386.0,TIM HORTONS #4309,200 King St E None M5A 3W8,likely_restaurant
10844191.0,TIME'S RESTAURANT,3220 Kingston Rd Unit-4A M1M 1P4,likely_restaurant
10789842.0,TIMMY'S BAGEL & COFFEE,2834 Markham Rd Unit-1 M1X 1E6,likely_restaurant
10806817.0,TIN SHING HONG,"25 MILLIKEN BLVD, Unit-A16 None M1V 5H8",ambiguous
10841210.0,TINO'S,2984 Dundas St W None M6P 1Z3,ambiguous
10821097.0,TINY TOM DONUTS - KIDS WORLD KW 09- CNE 2025,100 PRINCES BLVD None M6K 3C3,likely_restaurant
10849649.0,TIQUICIA RESTAURANT,1720 Jane St None M9N 2S4,likely_restaurant
10863608.0,TIS TWO CITIES,59 ANNIE CRAIG DR None M8V 0C4,ambiguous
10833974.0,TJ'S VARIETY,"2184 BLOOR ST W, C None M6S 1N3",likely_not_restaurant
10804385.0,TM TEA,1325 Finch Ave W None M3J 2G5,likely_restaurant
10773956.0,TNG WATERFRONT CHILD CARE CENTRE,635 Queens Quay  W None M5V 3G3,likely_not_restaurant
10773184.0,TNL ZONE,525 Dundas St W None M5T 1H4,ambiguous
10789301.0,TNO -THE YOUTH HUB,45 Overlea Blvd None M4H 1C3,ambiguous
10788668.0,TNO FOOD COLLABORATIVE,45 Overlea Blvd Unit-1A M4H 1C3,ambiguous
10860540.0,TO LIVE MAC,5040 YONGE ST None M2N 6R8,ambiguous
10793432.0,TO TO SHUSHI,270 Coxwell Ave Bldg-1/2 M4L 3B6,ambiguous
10829444.0,"TOASTOLOGY
TOASTOLOGY",1918 QUEEN ST E None M4L 1H5,ambiguous
10842032.0,TOBBI CAFE,678 Bloor St W None M6G 1L2,likely_restaurant
10829217.0,TOBEMOMO BENTO & GRILL,"20 LOCKPORT AVE, Bldg-131 None M8Z 2R7",likely_restaurant
10791684.0,TOBIKO,3073 Bloor St W None M8X 1C7,ambiguous
10800308.0,TOGO CAFE,"3276 MIDLAND AVE, Bldg-C117 None M1V 0C8",likely_restaurant
10802223.0,TOGO CAFE,5418 Yonge St Unit-14-15 M2N 6X4,likely_restaurant
10817624.0,TOGO CAFE,29C St Joseph St None M4Y 1J8,likely_restaurant
10848188.0,TOGO COFFEE,190 Jarvis St None M5B 2B7,likely_restaurant
10857088.0,TOGO COFFEE,2095 Yonge St None M4S 2A4,likely_restaurant
10862560.0,TOKES AND TINS CONVENIENCE,1685 St Clair Ave W None M6N 1H9,likely_not_restaurant
10862833.0,TOKYO HOT FRIED CHICKEN/ BAR SERENE,656 COLLEGE ST None M6G 1B8,likely_restaurant
10810026.0,TOMATONO KOREAN MEAL KIT,4475 Chesswood Dr None M3J 2C3,ambiguous
10793741.0,TON OF JUICE,241 Augusta Ave None M5T 2L8,likely_restaurant
10809979.0,TONDOU RAMEN CENTRAL KITCHEN,635 GERRARD ST E None M4M 1Y2,likely_restaurant
10812786.0,TONG MEIN,486 Front St W Unit-WM03 M5V 0V2,ambiguous
10817449.0,TONIA'S KITCHEN,45 Four Winds Dr Unit-Q1 M3J 1K7,likely_restaurant
10802084.0,TONIC BAR,225 Yonge St None M5B 1N8,likely_restaurant
10841695.0,TOON FOODS,"32 CRANFIELD RD, Unit-1109 None M4B 3H3",ambiguous
10809497.0,TOP CHEF JA CUISINE,1367 Wilson Ave Unit-B M3M 1H7,likely_restaurant
10857503.0,TOP CHEF JA CUISINE,1366 Weston Rd Unit-1 M6M 4R8,likely_restaurant
10830771.0,TOP HOT POT,115 Dundas St W Ste-1 None,likely_restaurant
10845609.0,TOP STAR FOODS TRADING LTD.,"10 MELFORD DR, Unit-7 None M1B 2G1",likely_not_restaurant
10764263.0,TORAH TOTS PRESCHOOL,3995 Bathurst St None M3H 5V3,likely_not_restaurant
10841335.0,TORO TORO SUSHI AND POKE,675 Yonge St None M4Y 2B2,likely_restaurant
10853596.0,TORO TORO SUSHI AND POKE,2190 Mcnicoll Ave Unit-109 M1V 0B3,likely_restaurant
10833877.0,TOROAST,364 Huron St None M5S 2G4,ambiguous
10832331.0,TORONTO BREWING,3701 Chesswood Dr Unit-115 M3J 2P6,likely_restaurant
10856854.0,TORONTO CHICKEN HOTPOT,3330 Pharmacy Ave Flr-2 M1W 3V8,likely_restaurant
10775831.0,TORONTO DON VALLEY HOTEL & SUITES,175 Wynford Dr None M3C 0C6,ambiguous
10775171.0,TORONTO DONUT BAKERY,120 Barbados Blvd Unit-17/18 M1J 1L2,likely_restaurant
10808475.0,TORONTO METROPOLITAN UNIVERSITY (TMU) - FOOTNOTE,350 Victoria St Bldg-2ND FL M5B 2K3,likely_not_restaurant
10806766.0,TORONTO PEOPLE WITH AIDS FOUNDATION,163 Queen St E None M5A 1S1,likely_not_restaurant
10820840.0,TORONTO PLAZA HOTEL,1677 Wilson Ave None M3L 1A5,ambiguous
9016584.0,TORONTO SAILING & CANOE CLUB,1391 LAKE SHORE BLVD W None M6K 3C1,ambiguous
10834467.0,TORONTO TIKKI CO.,"2930 ISLINGTON AVE, Bldg-3 None M9L 2K5",ambiguous
10857788.0,TORONTO ZOO - GIRAFFE BAR,361 Old Finch Ave None M1B 5W6,likely_restaurant
10864055.0,TORONTO ZOO - SOUVLAKI BROS - AFRICA,361 Old Finch Ave None M1B 5W6,ambiguous
10843037.0,TORTACO,788 Broadview Ave None M4K 2P7,ambiguous
10843301.0,TORTAS AHOGADAS GUADALAJARA,2400 DUFFERIN ST None M6E 3S6,ambiguous
10792411.0,TORTILLERIA EL TROMPO,279 Augusta Ave None M5T 2M1,ambiguous
10841579.0,TOSTAM TASTY AFRICAN CUISINE,2400 Finch Ave W Unit-2 M9M 2C8,likely_restaurant
10828976.0,TOTAS EL CHAVO,9 Milvan Dr Unit-411 M9L 1Y9,ambiguous
10836225.0,TOUCH MASSAGE BAR & CAFE,"2555 YONGE ST, Unit-201 None M4P 2H9",likely_restaurant
10795219.0,TOWN INN SUITES,620 CHURCH ST None M4Y 2G2,ambiguous
10832066.0,TRANE STUDIO,252 LANSDOWNE AVE None M6H 3X9,ambiguous
10852048.0,TRANSASIA EXPRESS INC.,1112 WILSON AVE None M3M 1G7,ambiguous
10802858.0,TRAPEZI,88 Ossington Ave None M6J 2Z4,ambiguous
10828607.0,TRAPPED,336 Queen St W None M5V 2A2,ambiguous
10795739.0,TRATTORIA OTTO PIZZERIA,3441 Yonge St None M4N 2N1,likely_restaurant
10784862.0,TRAVELLER'S CARIBBEAN CUISINE,1530 Albion Rd Unit-FC6 M9V 1B4,likely_restaurant
10809361.0,TREAJAH ISLE,1514 EGLINTON AVE W None M6E 2G5,ambiguous
10844196.0,TREASURE ISLAND TOYS,581 DANFORTH AVE None M4K 1P9,ambiguous
10831303.0,TREATS,4700 KEELE ST None M3J 1P3,ambiguous
10772097.0,TREATS 'N EATS DESSERTS,4830 Sheppard Ave E Unit-6 M1S 5M9,likely_restaurant
10863837.0,TREDWAY WOODSWORTH P.S. - SNP - MORNING MEAL,112 Sedgemount Dr None M1H 1X9,ambiguous
10805591.0,TREE OF LIFE MONTESSORI ACADEMY,255 Finch Ave W None M2R 1M8,likely_not_restaurant
10776020.0,TRIANGLE LOGISTICS,449 MCNICOLL AVE None M2H 2C9,ambiguous
10771584.0,TRINITY MARKET,768A Queen St W None M6J 1E9,ambiguous
10780101.0,TRIPPETT CHILD CARE CENTRE,38 Monte Kwinter Crt None M3H 0E2,likely_not_restaurant
10859596.0,TROPICAL JOE'S CARIBBEAN CUISINE,1571 Sandhurst Crcl Unit-400 M1V 1V2,likely_restaurant
10862596.0,TROPICAL LYME,5310 Finch Ave E Unit-11 M1S 5E8,ambiguous
10861739.0,TROPICAL NIGHTS RESTAURANT & LOUNGE,"1154 MORNINGSIDE AVE, Unit-209 None M1B 3A4",likely_restaurant
10840980.0,TRUE TASTE,384 Yonge St Bsmt-50 M5B 1S8,ambiguous
10852814.0,TSUJIRI,143 Dundas St W None M5G 1C5,ambiguous
10826822.0,TUCANE'S LOUNGE (LABAMBA),"1355 ST CLAIR AVE W, Flr-2 None M6E 1C5",ambiguous
10801293.0,TUCK SHOP PROVISIONS,29 Mc Caul St None M5T 1V7,ambiguous
10823778.0,TULIA  OSTERIA,1402 Queen St E None M4L 1C9,ambiguous
10854050.0,TULUM MEXICAN RESTAURANT,291 King St W None M5V 1J5,likely_restaurant
10860728.0,TUNG'S CANTONESE BBQ,3601 Victoria Park Ave 120-121 M1W 3Y3,likely_restaurant
10841575.0,TURKISH CORNER + BULLGER,2712 Keele St None M3M 2G1,ambiguous
10820118.0,TURQUOISE GRILL HOUSE,431 Richmond St W None M5V 1X9,likely_restaurant
10826222.0,TUT'S,65 Front St W None M5J 1E6,ambiguous
10846199.0,TUTTO PANINO,100 Sorauren Ave None M6R 2E2,ambiguous
10851067.0,TWICE AS NICE,4190 Kingston Rd None M1E 4W1,ambiguous
10807573.0,TWILIGHT CAFE,16 PARK HOME AVE None M2N 0J4,likely_restaurant
10821236.0,TWILIGHT CAFE,667 Yonge St None M4Y 1Z9,likely_restaurant
10837712.0,TWILIGHT CAFE,2429 Yonge St None M4P 2E7,likely_restaurant
10846719.0,TWO-FOUR-SEVEN LOUNGE AND RESTAURANT,"106 HUMBER COLLEGE BLVD, Unit-4 None M9V 4E4",likely_restaurant
10846940.0,TYNDALE UNIVERSITY & COLLEGE SEMINARY,3377 Bayview Ave None M2M 3S4,likely_not_restaurant
10789861.0,TYPIST STUDIOS,390 Dupont St None M5R 1V9,ambiguous
10791399.0,TZATZIKI,758 Mount Pleasant Rd None M4S 2N6,ambiguous
10859622.0,The LOST CORNER,206 Augusta Ave None M5T 2L6,ambiguous
10825484.0,The Learning Nest Academy,95 Sheppard Ave W None M2N 1M4,likely_not_restaurant
10772541.0,The Portuguese Chicken House,3816 Bloor St W None M9B 6C2,likely_restaurant
10843828.0,Torishi,23 Baldwin St None M5T 1L1,ambiguous
10855852.0,Tropical Cabana,2300 Finch Ave W Ste-52 M9M 2Y3,ambiguous
10777593.0,U KNOW SUSHI,170 The Queensway None M8Y 1J3,likely_restaurant
10779267.0,U TEA,901 Yonge St Unit-2 M4W 2H2,likely_restaurant
10842252.0,U-NARU SUSHI,399 Bathurst St Unit-#1FP536 M5T 2S8,likely_restaurant
10800535.0,UDUPI PALACE VEGETARIAN,1423 Gerrard St E None M4L 1Z7,ambiguous
10846494.0,"UH
UH BAR","1221 DUNDAS ST W, Bsmt-5 None M6J 1X3",likely_restaurant
10816691.0,UHN REACTIVATION CARE CENTRE (RECEIVING KITCHEN),82 Buttonwood Ave Bsmt-G58 M6M 2J5,likely_restaurant
10843498.0,UHURU BAR,380 Oakwood Ave None M6E 2W3,likely_restaurant
10863983.0,UJOY BEVERAGES & DESSERTS,2348 LAKE SHORE BLVD W None M8V 1B6,likely_restaurant
10806524.0,ULTRA,"22 ST CLAIR AVE E, Unit-130 None M4T 2S3",ambiguous
10815349.0,ULTRAMAR,2316 Finch Ave W None M9M 2C6,ambiguous
10773305.0,UNCLE SAL'S HOT CHICKEN,1960 Lawrence Ave E None M1R 2Z1,likely_restaurant
10826249.0,UNCLE TETSU,3 Dundas St E Bsmt-1 None,ambiguous
10779414.0,UNCLE TETSU STC,300 Borough Dr None M1P 4P5,ambiguous
10811398.0,UNCLE TETSU'S JAPANESE CHEESECAKE,486 Front St W Unit-WM M5V 0V2,ambiguous
10816966.0,UNCLE TETSU'S JAPANESE CHEESECAKE,4909 Yonge St None M2N 5N4,ambiguous
10803212.0,UNDER FAITH IN CHRIST DELIVERANCE MINISTRIES FOOD BANK,"175 REXDALE BLVD, Unit-9 None M9W 1P7",likely_not_restaurant
10822415.0,UNHOLY DONUTS,234 Browns Line None M8W 3T4,likely_restaurant
10780464.0,UNHOLY DONUTS BAY ST,596 Bay St Bldg-1 M5G 1M5,likely_restaurant
10849437.0,UNION SUMMER - BLUE BOVINE,65 FRONT ST W None M5J 1E6,ambiguous
10849434.0,UNION SUMMER - CHERRY STREET BAR-B-QUE,65 FRONT ST W None M5J 1E6,likely_restaurant
10849435.0,UNION SUMMER - SUMAQ IRAQI CHARCOAL GRILL 2026,65 Front St W None M5J 1E6,likely_restaurant
10822664.0,UNIQUE GIFT & CONVENIENCE,100 FRONT ST W None M5J 1E3,likely_not_restaurant
10789547.0,UNIQUE PASTRY,"4750 YONGE ST, Unit-160 None M2N 5M6",ambiguous
10840816.0,UNISOCIAL FOOD BANK,2420 Dufferin St Flr-2 M6E 3S8,likely_not_restaurant
10781574.0,UNIVERSITY SETTLEMENT RECREATION CENTRE,23 Grange Rd None M5T 1C3,likely_not_restaurant
10826235.0,UNPLUGGED,415 Queens Quay  W None None,ambiguous
10792045.0,UNPLUGGED CAFE & BAR,4271 Sheppard Ave E Unit-11 M1S 4G4,likely_restaurant
10853567.0,UPALI CATERS INC,3859 Lawrence Ave E None M1G 1R2,ambiguous
10397421.0,UPPER BRASS,699 Yonge St None M4Y 2B2,ambiguous
10861230.0,UPTOWN MONTESSORI SCHOOL,39 Carl Hall Rd Unit-1008 M3K 2E2,likely_not_restaurant
10816504.0,URBAN MAHARAJAS,22 The Esplanade None None,ambiguous
10785137.0,USAGI SUSHI,1984 Bloor St W None M6P 3K9,likely_restaurant
10780635.0,USLURPNOODLE,189 Dundas St W None M5G 1C7,ambiguous
10823284.0,UTSU - COMMUNITY KITCHEN,230 College St Flr-3RD M5T 1R2,likely_restaurant
10823288.0,UTSU - MEAL CARE PROGRAM,230 College St Flr-5th M5T 1R2,ambiguous
10823271.0,UTSU PROGRAMMING AND EVENT KITCHEN,230 College St Bsmt-B168 M5T 1R2,likely_restaurant
10827335.0,Urban Spoonful,1118 Finch Ave W Unit-1A M3J 3J4,ambiguous
10839868.0,V BAR,"364 QUEEN ST E, Flr-2 None M5A 1T1",likely_restaurant
10862470.0,VAIKA INDIAN RESTAURANT,3322 Keele St None M3M 2H7,likely_restaurant
10816547.0,VALLEY WOODS TUCK SHOP,29 VALLEY WOODS RD None M3A 2R4,ambiguous
10805343.0,VANILLA BITE BAKERY,389 Front St W None M5V 3R9,likely_restaurant
10782211.0,VANTA COFFEE CLUB & EATERY,4711 Yonge St Unit-C102 M2N 6K8,likely_restaurant
10846806.0,VARDA,350 King St W None M5V 3X5,ambiguous
10842718.0,VAUGHAN ESTATE AT SUNNYBROOK,2075 Bayview Ave None M4N 3M5,ambiguous
10818485.0,VAVA DESIGNER CAKES,620 Yonge St None M4Y 1Z8,ambiguous
10798301.0,VELVET LANE CAKES,173 King St E None M5A 1J4,ambiguous
10814638.0,VENEROSA GELATO,801 Queen St W None M6J 1G1,ambiguous
10825706.0,VENEZIA CAFE,732 BROWNS LINE None M8W 3W1,likely_restaurant
10817430.0,VENEZOLANO,65 Front St W None M5J 1E6,ambiguous
10847345.0,VENOM COFFEE,91 Lewis St None M4M 2H2,likely_restaurant
10844658.0,VENVI GUILDWOOD,65 Livingston Rd None M1E 1L1,ambiguous
10844660.0,VENVI GUILDWOOD SERVERY,65 Livingston Rd Flr-2 M1E 1L1,ambiguous
10842880.0,VERACRUZ MEXICAN FOOD,1800 Eglinton Ave W None M6E 2H6,ambiguous
10815659.0,VEREDA CENTRAL,100 Wellington St W Unit-62A None,ambiguous
10823405.0,VEREDA CENTRAL,220 Yonge St Unit-3117A M5B 2H1,ambiguous
10862509.0,VEREDA CENTRAL COFFEE ROASTERS,95 Wellington St W None M5J 2N7,likely_restaurant
10851052.0,VERSAC LOUNGE,1068 ISLINGTON AVE None M8Z 4R6,ambiguous
10856600.0,VERY FAIR CATERING AND TAKEOUT,19 Milliken Blvd Unit-2 M1V 4A2,likely_not_restaurant
10828913.0,VERY FAIR SEAFOOD CUISINE,19 MILLIKEN BLVD None M1V 4A2,likely_restaurant
10840291.0,VI & YU LING'S NOFRILLS,360 MCLEVIN AVE None M1B 0C2,ambiguous
10855166.0,VIA ALLEGRO RISTORANTE,1750 The Queensway Unit-3 M9C 5H5,ambiguous
10850003.0,VIA CIBO ITALIAN STREET FOOD,808 York Mills Rd Unit-14 M3B 1X8,ambiguous
10806018.0,VIA MERCANTI,1954 Avenue Rd None M5M 4A1,ambiguous
10859447.0,VIA NORTE RESTAURANT,938 College St None M6H 1A4,likely_restaurant
10771347.0,VIAA CONVENIENCE STORE & SMOKE SHOP,1077 Wilson Ave Unit-4 M3K 1G7,likely_not_restaurant
10784518.0,VICTORIA PARK FOOD BANK,2743 VICTORIA PARK AVE None M1T 1A8,likely_not_restaurant
10775271.0,VIDA MARKET,193 Baldwin St None M5T 1M1,ambiguous
10836163.0,VIDEOCABARET - DEANNE TAYLOR THEATRE,10 BUSY ST None M4M 1N8,ambiguous
10800196.0,VIE NAIL & BEAUTY SALON,486 Front St W Flr-2 M5V 0V2,likely_not_restaurant
10860152.0,VIET GARDEN,372 Queen St E None M5A 1T1,ambiguous
10846831.0,VIETBITES,246 GERRARD ST E None M5A 2G2,ambiguous
10856957.0,VIETNAMESE SUB,2541 Eglinton Ave W None M6M 1T2,ambiguous
10782208.0,VILLA MADINA,900 Dufferin St Unit-0076 M6H 4A9,ambiguous
10820958.0,VILLA MADINA,25 The West Mall Unit-- M9C 1B8,ambiguous
10788473.0,VILLA PUGLIESE ASSISTED LIVING,50 Gooderham Dr None M1R 3G7,ambiguous
10777197.0,VILLAGE CAFE,1897 Eglinton Ave E None M1L 2L6,likely_restaurant
10844324.0,VILLAGE GREEN CONVENIENCE,"125 VILLAGE GREEN SQ, Unit-117 None M1S 0G3",likely_not_restaurant
10840927.0,VINAHOUSE BILLIARDS & LOUNGE,60 Colville Rd None M6M 2Y4,ambiguous
10795700.0,VINDALOO INDIAN & HAKKA CUISINE,"2848 ELLESMERE RD, Bldg-1 None M1E 4B8",likely_restaurant
10851116.0,VINNY TORONTO,480 King St W None M5V 1L7,ambiguous
10817683.0,VINTAGE CAT CAFE,1274 St Clair Ave W None M6E 1B9,likely_restaurant
10854534.0,VINTAGE CONSERVATORY YORKVILLE,87 Avenue Rd Unit-219 M5R 3R5,ambiguous
10826074.0,VIOLA FOOD CO.,"100 SYMES RD, Unit-112-SHARED None M6N 3T1",ambiguous
10794509.0,VIP BILLIARDS ON DANFORTH,485 Danforth Ave None M4K 1P5,ambiguous
10819733.0,VIPEI,3101 Kingston Rd None M1M 1P1,ambiguous
10777574.0,VIPS SUSHI,9 Byng Ave None None,likely_restaurant
10778657.0,VITAL-LIFE VEGAN RASTARANT,360 Broadview Ave None M4M 2G9,ambiguous
10823063.0,VIVA PIZZERIA & PASTA,158 O'Connor Dr None M4J 2S4,likely_restaurant
10847925.0,VIVASUB,1178 The Queensway Unit-A M8Z 1R5,ambiguous
10847722.0,VOLIN'S,779 ST CLAIR AVE W None M6C 1B7,ambiguous
10862546.0,VOZARA FOOD FACTORY,856 Eglinton Ave E None M4G 2L1,ambiguous
10827866.0,VPD BUILDING - TIM HORTONS,88 The Pond Rd None None,likely_restaurant
10837896.0,VRCADE,"2130 LAWRENCE AVE E, Unit-100 None M1R 3A6",ambiguous
10824256.0,VYAPKA GLOBAL,25 Signal Hill Ave Unit-2 M9W 6V8,ambiguous
10824699.0,W.A.CAFE,3560 Bathurst St None M6A 2E1,likely_restaurant
10802655.0,WAI THAI KITCHEN,850 Sheppard Ave W None M3H 2T5,likely_restaurant
10804795.0,WAKE' A BOO BREAKFAST BAR,2279 Bloor St W None M6S 1P1,likely_restaurant
10785257.0,WALKER'S TUCK SHOP,2 GREEN BELT DR None M3C 0P4,ambiguous
10844181.0,WALKING DUCK,"63 SILVER STAR BLVD, Unit-A7 None M1V 5E5",ambiguous
10804804.0,WALLACE ESPRESSO,70 Hounslow Heath Rd Unit-A M6N 1G8,ambiguous
10862079.0,WALLFLOWER,1665 DUNDAS ST W None M6K 1V2,ambiguous
9421400.0,WALLY'S GRILL,123 Rexdale Blvd Unit-8 M9W 1P1,likely_restaurant
10858486.0,WALMART SPARK HUB,"629 EASTERN AVE, Bldg-8 None M4M 1E4",likely_not_restaurant
10802316.0,WAN2 FOOD MART,575 Bloor St E None M4W 0B2,likely_not_restaurant
10804533.0,WANAS SHAWARMA,449 Danforth Ave None M4K 1P1,likely_restaurant
10796894.0,WANG LANG,669 King St W None M5V 1M9,ambiguous
10863461.0,WARDEN MART & SMOKE,"2365 WARDEN AVE, Unit-B None M1T 1V7",likely_not_restaurant
10832056.0,WARRAICH MEATS,3300 Mcnicoll Ave Unit-A15 M1V 5J6,ambiguous
10833620.0,WASABI KITCHEN,20 Lockport Ave Unit-105 M8Z 2R7,likely_restaurant
10850415.0,WASTED YOUTH BAR,1185 DUNDAS ST W None M6J 1X3,likely_restaurant
10777654.0,WAT AH JERK CARIBBEAN GRILL,100 Wellington St W None None,likely_restaurant
10799181.0,WAT AH JERK CARIBBEAN GRILL,200 Front St W None M5V 3K2,likely_restaurant
10802629.0,WAT AH JERK CARIBBEAN GRILL,200 Bay St None M5J 2H0,likely_restaurant
10839754.0,WAT AH JERK CARIBBEAN GRILL,25 Adelaide St E Unit-101 M5C 3A1,likely_restaurant
10845959.0,WAT AH JERK CARIBBEAN GRILL,100 Yonge St None M5C 2W1,likely_restaurant
10839392.0,WATANWAL HALAL GROCERIES INC.,47 THORNCLIFFE PARK DR None M4H 1J5,likely_restaurant
10834873.0,WATERFRONT NEIGHBOURHOOD CENTRE - B&A PROGRAM,627 Queens Quay  W None M5V 3G3,ambiguous
10815778.0,WATERWORKS FOOD HALL (CENTRAL BAR),15 Maud St Bldg-- None,likely_restaurant
10816991.0,WAVE MAKERS,104 Martin Ross Ave None M3J 2L4,ambiguous
10804887.0,WE THE TACOS,2765 Lake Shore Blvd W None M8V 1H2,likely_restaurant
10856414.0,WECAN BAKERY,"5310 FINCH AVE E, Unit-6 None M1S 5E8",likely_restaurant
10829356.0,WEDESI,"545 KEELE ST, Unit-KTCHN 103 None M6N 3E4",ambiguous
10846239.0,WEI LAI,222 Spadina Ave Unit-BF2 M5T 3B3,ambiguous
10810473.0,WELL MEDICAL MANNING,565 COLLEGE ST None M6G 1B2,ambiguous
10815090.0,WELLESWORTH JUNIOR PUBLIC SCHOOL-SNP,225 WELLESWORTH DR None M9C 4S5,likely_not_restaurant
10819511.0,WELLINGTON EVENT VENUE,486 Front St W None M5V 0V2,ambiguous
10795949.0,WENDY'S,707 Markham Rd None M1H 2A8,likely_restaurant
10797693.0,WENDY'S,200 Bay St Unit-3204 M5J 2H0,likely_restaurant
10799854.0,WENDY'S,1200 King St W None M6K 1G4,likely_restaurant
10802024.0,WENDY'S,6464 Yonge St Unit-144 M2M 3X4,likely_restaurant
10805082.0,WENDY'S,731 Eastern Ave None M4M 3H6,likely_restaurant
10809215.0,WENDY'S,2295 Sheppard Ave W Bldg-A M9M 2X8,likely_restaurant
10861112.0,WENDY'S,30 Baseball Pl Unit-PH1-03 M4M 0E8,likely_restaurant
10816723.0,WENDY'S 6758,357 King St W None None,likely_restaurant
10809012.0,WEST END PARENTS - SATELLITE LOCATION,"380 OSSINGTON AVE, Rm-10 None M6J 3A5",ambiguous
10863295.0,WEST HUMBER JUNIOR SCHOOL,"15 DELSING DR, Bldg-- None M9W 4S7",likely_not_restaurant
10810751.0,WEST PARK HEALTHCARE CENTRE,170 Emmett Ave None M6M 2E6,ambiguous
10814191.0,WEST PARK LONG TERM CARE (EXTENDICARE),150 Emmett Ave None M6M 2E6,likely_not_restaurant
10685220.0,WESTERN SURVIOR BEEF JERKY - EC2625-CNE2024,"100 PRINCES BLVD, PN - CNE 2024 None M6K 3C3",ambiguous
10814748.0,WESTERN TECHNICAL HIGH SCHOOL - SNP,125 Evelyn Cres None M6P 3E3,likely_not_restaurant
10776339.0,WESTMINSTER FUNERAL RECEPTION CENTRE,5826 BATHURST ST None M2R 1Y6,ambiguous
10776088.0,WESTON TERRACE CARE COMMUNITY,2005 Lawrence Ave W None M9N 3V4,ambiguous
10794053.0,WESTSIDE LONG TERM CARE CENTRE,1145 Albion Rd None M9V 4J7,likely_not_restaurant
10794055.0,WESTSIDE LONG TERM CARE CENTRE,1145 Albion Rd None M9V 4J7,likely_not_restaurant
10814711.0,WESTVIEW CENTENNIAL SECONDARY SCHOOL,"755 OAKDALE RD, Bldg-- None M3N 1W7",likely_not_restaurant
10650753.0,WESTWAY DOLLAR & UP,"415 THE WESTWAY, Unit-8C None M9R 1H5",ambiguous
10818247.0,WESTWOOD GRILL PAN-ASIAN CUISINE,519 Annette St None M6P 1S1,likely_restaurant
10800357.0,WESTWOOD MIDDLE SCHOOL,994 CARLAW AVE None M4K 3M6,likely_not_restaurant
10838796.0,WETZEL'S PRETZELS,220 Yonge St Unit-H30B M5B 2H1,ambiguous
10798155.0,WETZEL'S PRETZELS UNION STATION,65 Front St W Unit-447A M5J 1E6,ambiguous
10856798.0,WEYONGE,"909 YONGE ST, Unit-27-28 None M4W 2H2",ambiguous
10819336.0,WHAT A BAGEL,1984 QUEEN ST E None M4L 1J2,ambiguous
10811622.0,WHAT A SHAWARMA,664 Bloor St W None M6G 1L2,likely_restaurant
10847288.0,WHATEVER WONTON,"8 GLEN WATFORD DR, Unit-G61 None M1S 2C1",ambiguous
10844796.0,WHEELS & CO. BEANS,31 Kings College Crcl None M5S 3K1,ambiguous
10809480.0,WHISKFUL THINKING BAKERY,72 WELLESLEY ST E None M4Y 1H2,likely_restaurant
10830690.0,WHITE LILY DINER,678 Queen St E Unit-1 M4M 1G8,likely_restaurant
10862698.0,WHITE NOISE,656 Yonge St None M4Y 2A6,ambiguous
10833100.0,WICKED CARIB,2561 Victoria Park Ave None M1T 1A4,ambiguous
10784452.0,WILD BLUE BAKERY,2 Rogers Rd None M6E 1N4,likely_restaurant
10831120.0,WILD OREGANO MEDITERRANEAN GRILL,2024 Queen St E None M4L 1J4,likely_restaurant
10786303.0,WILD WING,825 PASSMORE AVE None M1X 0B8,ambiguous
10830003.0,WILD WING EXPRESS,989 Murray Ross Pkwy Unit-MAIN FLOOR M3J 3M4,ambiguous
10813231.0,WILKINSON JUNIOR PUBLIC SCHOOL STUDENT NUTRITION PROGRAM,53 DONLANDS AVE None M4J 3N7,likely_not_restaurant
10863674.0,WILLIAM BURGESS SCHOOL,100 TORRENS AVE None M4J 2P5,likely_not_restaurant
10813833.0,WILLIAM LYON MACKENZIE COLLEGIATE INSTITUTE SNP,20 Tillplain Rd None M3H 5R2,likely_not_restaurant
10846687.0,WILLIAM OSLER HEALTH CENTRE,101 Humber College Blvd None M9V 1R8,ambiguous
10797232.0,WILLOW WORLD,288 Cummer Ave None M2M 2E7,ambiguous
10810128.0,WILSETTI,396 Spadina Rd None M5P 2W2,ambiguous
10841136.0,WINDFIELDS MIDDLE SCHOOL CAFETERIA,375 Banbury Rd None M2L 2V2,ambiguous
10807858.0,WINE KITZ,"3220 DUFFERIN ST, Unit-5 None M6A 2T3",ambiguous
10790993.0,WINETA'S CARRIBEAN KITCHEN,2700 Kipling Ave Unit-11 M9V 4P2,likely_restaurant
10784429.0,WING HING FOOD PRODUCTS INC,"120 DYNAMIC DR, Unit-25-26 None M1V 5C8",ambiguous
10803771.0,WING IT!,271 Morningside Ave Unit-A M1E 3G1,ambiguous
10831401.0,WING LAB,523 Annette St None M6P 1S1,ambiguous
10791895.0,WING STOP,432 Church St Unit-C M5B 2A4,ambiguous
10810742.0,WING STOP,1100 King St W None M6K 1E6,ambiguous
10793857.0,WINGS & SIPS,387 King St W None M5V 1K1,likely_restaurant
10814882.0,WINGS FUZION,917 Kingston Rd None M4E 1S6,likely_restaurant
10804042.0,WINGS N DIP,813 St Clair Ave W None M6C 1B9,likely_restaurant
10819753.0,WINGS N FLAVOURS,400 Sewells Rd Unit-4 M1B 5K8,likely_restaurant
10836625.0,WINGS SAINTS ST.CLAIR,1750 St Clair Ave W Unit-1750 M6N 1J3,likely_restaurant
10818385.0,WINGSTOP,3479 Yonge St None M4N 2N3,likely_restaurant
10852573.0,WINGSTOP,2218 Bloor St W None M6S 1N4,likely_restaurant
10840995.0,WINGSUP!,22 Bathurst St None None,likely_restaurant
10781282.0,WINGZILLA,1129 Queen St E None M4M 1K9,ambiguous
10801798.0,WINNER BBQ CHINESE CUISINE,384 Yonge St Bldg-52 M5B 1S8,likely_restaurant
10418878.0,WINNERS MERCHANTS INTERNATIONAL,585 Queen St W None M5V 2B7,likely_not_restaurant
10842598.0,WOK & BOWL,3022 Bathurst St None M6B 3B6,ambiguous
10801994.0,WOK BOYZ,"171 EAST LIBERTY ST, Unit-121 None M6K 3P6",ambiguous
10859437.0,WOK BOYZ,75 Billy Bishop Way Unit-A1B M3K 0C2,ambiguous
10816099.0,WOK STOP,1611 Wilson Ave INSIDE-BLUE SKY M3L 1A5,ambiguous
10791303.0,WOK THEORY,530 Dundas St W None M5T 1H3,ambiguous
10725329.0,WONDER FOOD MART,1925 SHEPPARD AVE W None M3L 1Y8,likely_not_restaurant
10856172.0,WONDER PET CAFE,333 Queen St W None M5V 2A4,likely_restaurant
10846462.0,WONDERBRANDS CARRIER DRIVE,122 CARRIER DR None M9W 5R1,ambiguous
10813663.0,WONDERKIDS DAYCARE CENTRE,475 Rathburn Rd None M9C 3S9,likely_not_restaurant
10782924.0,WOODBINE HOTEL & SUITES,30 Vice Regent Blvd None M9W 7A4,ambiguous
10861805.0,WOODWARD MEAT PURVEYORS,1 BROOKDALE AVE None M5M 1P2,ambiguous
10784943.0,WOOFDAWG HOT DOG,185 Baldwin St None M5T 1M1,ambiguous
10796918.0,WOOJOO,417 Bloor St W None M5S 1X6,ambiguous
10834789.0,WOOJOO YONGE,550 Yonge St None M4Y 1Y8,ambiguous
10784333.0,WOONDALL,3000 Danforth Ave Unit-4 M4C 1M7,ambiguous
10778976.0,WORLD TEA HOUSE,3278 Midland Ave Unit-D122 M1V 0C9,likely_restaurant
10808367.0,WOW KEBABISH,16 Mallard Rd None M3B 0A7,likely_restaurant
10832859.0,WOW WINGS HOUSE,772 College St None M6G 1C6,likely_restaurant
10835234.0,WOW! SUSHI BAR,78 Gerrard St W Bldg-1 M5G 1J5,likely_restaurant
10790345.0,WPZ SWEET LAB,"5418 YONGE ST, Unit-5 None M2N 6X4",ambiguous
10831096.0,WU MING HOT POT,5525 Yonge St None M2N 5S3,likely_restaurant
10848200.0,WU WEI COFFEE,44 Kensington Ave None M5T 2J9,likely_restaurant
10815025.0,WUHAN NOODLE 1950,200 Consumers Rd Unit-101 M2J 4R4,likely_restaurant
10861094.0,X EVENTS SPACE,2060 DUFFERIN ST None M6E 3R6,ambiguous
10799480.0,X MARKET,2354 QUEEN ST E None M4E 1H3,ambiguous
10794785.0,XE KEM,2379 Finch Ave W None M9M 2W8,ambiguous
10858312.0,XELUNE,881 St Clair Ave W None M6C 1C4,ambiguous
10831439.0,XI XI MALATANG,1265 Military Trl None M1C 1A4,ambiguous
10807068.0,XIANG DE ZHAI,487 Mcnicoll Ave None M2H 2C9,ambiguous
10830890.0,XIHE PEKING DUCK,7 Byng Ave None M2N 0E6,ambiguous
10850688.0,XIHE PEKING DUCK,649 Yonge St None M4Y 1Z9,ambiguous
10805621.0,XIN LONG DIM SUM,3272 Midland Ave Unit-B119 M1V 0C7,likely_restaurant
10827777.0,XINLONG FOOD,"15 NORTHTOWN WAY, Unit-30 None M2N 7A2",ambiguous
10816295.0,XO BISOUS,572 ST CLAIR AVE W None M6C 1A6,ambiguous
10862352.0,XPRESS CONVENIENCE PLUS,2739 Dundas St W Flr-MAIN M6P 1Y1,likely_not_restaurant
10833906.0,XTSC CAFE,4950 Yonge St Unit-104 M2N 6K1,likely_restaurant
10833435.0,XUAN BAKERY,325 Bamburgh Crcl A110 M1W 3Y1,likely_restaurant
10861555.0,XUMA COCINA MEXICANA,505 Danforth Ave None M4K 1P5,ambiguous
10842198.0,YAKINIKU LEGEND,35 Mc Caul St Unit-100 M5T 1V7,ambiguous
10844798.0,YAL MARKET,2563 EGLINTON AVE E None M1K 2R7,ambiguous
10840335.0,YAMZ BAR & GRILL,1033 KINGSTON RD None M4E 1T5,likely_restaurant
10847284.0,YANKEE LADY III,249 Queens Quay  W None M5J 2N5,ambiguous
10822751.0,YANKEE LADY IV,539 Queens Quay  W None M5V 3G3,ambiguous
10777678.0,YANKEY'S KITCHEN RESTAURANT,393 Driftwood Ave None None,likely_restaurant
10860828.0,YANU'S CONVENIENCE,471 SAMMON AVE None M4J 2B3,likely_not_restaurant
10842266.0,YARDY'S JERK,2201 Finch Ave W Unit-3 M9M 2Y9,ambiguous
10776493.0,YARL CREAM HOUSE,2901 Markham Rd Unit-19 M1X 0B6,ambiguous
10818940.0,YAYA'S,1027 Coxwell Ave None M4C 3G4,ambiguous
10858011.0,YAZOL COFFEE / SCOOP STOP,2857 Danforth Ave None M4C 1M2,likely_restaurant
10822589.0,YCC MARKETPLACE,"4100 YONGE ST, Ste-AYC02 None M2P 2B5",ambiguous
10804065.0,YEAH YEAH THAI,382 Spadina Ave None M5T 2G5,ambiguous
10790627.0,YES FOOD FAIR,1940 GERRARD ST E None M4L 2C1,ambiguous
10811721.0,YESHIVA YESODEI HATORAH - STUDENT NUTRITION,77 Glen Rush Blvd None M5N 2T8,likely_not_restaurant
10860409.0,YETI BAR CO,"38 APEX RD, Bldg-C None M6A 2V2",likely_restaurant
10828429.0,YETI KITCHEN,106 Queen St E Unit-- M5C 1S6,likely_restaurant
10847872.0,YIPS CONVENIENCE,340 Oakwood Ave None M6E 2V9,likely_not_restaurant
10815303.0,YO DONER,250 Dundas St W None M5T 2Z5,ambiguous
10785158.0,YOGEN FRUZ,3401 Dufferin St Unit-0032A M6A 2T9,ambiguous
10861250.0,YOGEN FRUZ,4700 KEELE ST None M3J 1P3,ambiguous
10792096.0,YOGOST,674 Yonge St None M4Y 2A6,ambiguous
10825119.0,YOGU PI,"15 NORTHTOWN WAY, Unit-22 None M2N 7A2",ambiguous
10863607.0,YOLKS,2245 Bloor St W None M6S 1N8,ambiguous
10845147.0,YONGE CONVENIENCE AND GROCERY,2563 YONGE ST None M4P 2J1,ambiguous
10838465.0,YONGE POTATO,"28 FINCH AVE W, Unit-110 None M2N 2G7",ambiguous
10631715.0,YONGE STREET GOURMET,2190 YONGE ST None M4S 2B8,ambiguous
10799316.0,YORK HUMBER HIGH SCHOOL,100 Emmett Ave None M6M 2E6,likely_not_restaurant
10823484.0,YORK LOUNGE/FAST FIRED PIZZA,"1275 FINCH AVE W, Unit-101 None M3J 0K5",likely_restaurant
10793751.0,YORK MASONIC TEMPLE,1100 Millwood Rd None M4H 1A3,likely_not_restaurant
10809613.0,YORK MEMORIAL COLLEGIATE INSTITUTE - CAFETERIA,1700 KEELE ST None M6M 3W5,ambiguous
10835268.0,YORK PIZZA & WINGS,3005 Islington Ave Unit-2 M9L 2K9,likely_restaurant
10777525.0,YOUNG TALENTS ACADEMY,2255 Sheppard Ave E Unit-100 M2J 4Y1,likely_not_restaurant
10783729.0,YOUR GELATO,2009 AVENUE RD None M5M 4A5,ambiguous
10774932.0,YOUR INDEPENDENT GROCER,2399 Lake Shore Blvd W None M8V 1C5,likely_restaurant
10805797.0,YOUTHFUL VENGEANCE,1110 DUNDAS ST W None M6J 1X2,ambiguous
10840091.0,YOWHANA CONVENIENCE STORE,898 BLOOR ST W None M6H 1L1,likely_not_restaurant
10853812.0,YTO FOODS ENTERPRISES LTD,"105 VANDERHOOF AVE, Unit-8 None M4G 2H7",ambiguous
10824677.0,YUE LAI BUFFET,492 Dundas St W None M5T 1G9,likely_restaurant
10803409.0,YUEYANG FOOD PRODUCTS,63 Silver Star Blvd Unit-A7 M1V 5E5,ambiguous
10842039.0,YUMMI'S,2020 Lawrence Ave E None M1R 2Z1,ambiguous
10856774.0,YUMMY CATERING,25 Sheffield St None M6M 3E5,likely_not_restaurant
10862578.0,YUMMY FINE FOODS INC.,2906 Danforth Ave None M4C 1M1,ambiguous
10839141.0,YUMMY GARDEN,2836 Victoria Park Ave None M2J 4A8,ambiguous
10772150.0,YUMMY HOUSE,234 Jones Ave None M4M 3A6,ambiguous
10830851.0,YUMMYS KITCHEN,2879 Lawrence Ave E Unit-2879 M1P 2S8,likely_restaurant
10816337.0,YUN CHA,1120 The Queensway Unit-- M8Z 1P7,ambiguous
10774810.0,YUNNAN NOODLES SHACK,41-43 Baldwin St Unit-41 M5T 1L1,likely_restaurant
10789162.0,YUNUS SHAWARMA,500 Rexdale Blvd Unit-4 M9W 6K5,likely_restaurant
10829649.0,YUU HENAN CUISINE,4219 Sheppard Ave E Bldg-1 M1S 5H5,likely_restaurant
10779098.0,YWCA CHURCH HOUSING KITCHEN,389 Church St Flr-1 M5B 2E5,ambiguous
10815444.0,Z 3 EDUCATIONAL CENTRE,1200 Markham Rd Bldg-108 M1H 3C3,ambiguous
10837353.0,Z-TECA COCINA MEXICANA,333 Bay St Flr-C3 M5H 2R2,ambiguous
10784898.0,ZAAD RESTAURANT,124 DANFORTH AVE None M4K 1N1,likely_restaurant
10854733.0,ZABARDAST HYDERABADI BIRYANI,2881 St Clair Ave E None M4B 1N4,likely_restaurant
10815665.0,ZABARDAST HYDERABADI BIRYANI,4750 Yonge St Unit-143 M2N 5M6,likely_restaurant
10829429.0,ZAFOON RESTAURANT,384 College St None M5T 1S7,likely_restaurant
10847319.0,ZAGMACHI,3 Isabella St None M4Y 1M7,ambiguous
10832876.0,ZAINS BAKERY,2677 Kennedy Rd Unit-24 M1T 3H8,likely_restaurant
10779412.0,ZAK'S BAR AND GRILL,790 MILITARY TRL None M1E 4P7,likely_restaurant
10811859.0,ZAKKUSHI ON QUEEN WEST,620 Queen St W Unit-620 M6J 1E4,ambiguous
10854747.0,ZAM ZAM LAHORI REST,818 Danforth Ave None M4J 1L6,ambiguous
10809259.0,ZANTE GREEK BISTRO,1950 GERRARD ST E None M4E 2B1,likely_restaurant
10791720.0,ZAO BAR AND GRILL,421 Dundas St W Bldg-G10 M5T 2W4,likely_restaurant
10733352.0,ZAO MEN KAN,3365 Steeles Ave E Unit-5-6 M2H 0A7,ambiguous
10829157.0,"ZARNA'S PUFFS, SHAKES, AND MORE",101 Lebovic Ave Unit-F12B M1L 0J2,ambiguous
10812478.0,ZAYTUNA FOODS INC,1770 Albion Rd Unit-50 BACK M9V 1C2,ambiguous
10830489.0,ZEAL BURGERS,1926 Weston Rd None M9N 1W2,likely_restaurant
10826130.0,ZEMRA,220 Vaughan Rd None M6C 2M6,ambiguous
10804904.0,ZEN KYOTO,333 Bay St Unit-F4 M5H 2R2,ambiguous
10842549.0,ZEN KYOTO,181 Bay St Unit-C310 M5J 2T3,ambiguous
10791662.0,ZENKU,210 Mortimer Ave None M4J 2C5,ambiguous
10840331.0,ZENSHI,330 QUEENS PLATE DR None M9W 7J7,ambiguous
10858081.0,ZENSHI,22 Fort York Blvd None M5V 3Z2,ambiguous
10863070.0,ZENSHI,22 BALLIOL ST None M4S 1C1,ambiguous
10852807.0,ZENSHI HANDCRAFTED SUSHI,500 Lake Shore Blvd W None None,likely_restaurant
10819920.0,ZERO COCKTAIL BAR,223 Carlton St None M5A 2L2,likely_restaurant
10827348.0,ZHANGTANTAN MALATANG,17A Finch Ave W Unit-A M2N 7K4,ambiguous
10791783.0,ZHAOSANNIANG MAOCAI,4186 Finch Ave E Unit-31 M1S 4T5,ambiguous
10852713.0,ZHENGYI CHINESE HERBS LTD,3901 Don Mills Rd Unit-7 M2H 2S7,ambiguous
10846220.0,ZIA'S PLACE,1543 DUNDAS ST W None M6K 1T6,ambiguous
10863952.0,ZION HEIGHTS MIDDLE SCHOOL - STUDENT NUTRITION PROGRAM,5900 Leslie St Rm-105 M2H 1J9,likely_not_restaurant
10829801.0,ZION PIZZA,"5928 FINCH AVE E, Unit-104 None M1B 5P8",likely_restaurant
10834034.0,ZIPPY MARKET,215 Ranee Ave Unit-1 None,ambiguous
10844547.0,ZOAL RESTAURANT,"20 LOCKPORT AVE, Unit-134 None M8Z 2R7",likely_restaurant
10841580.0,ZUBO ASIAN FUSION,2400 Finch Ave W Unit-1 M9M 2C8,ambiguous
10780733.0,ZUI BEER BAR,5649 Yonge St None M2M 3T2,likely_restaurant
10832169.0,ZUI BEER BAR KTOWN,693 BLOOR ST W None M6G 1L5,likely_restaurant
10827278.0,elmspa,"557 CHURCH ST, Flr-3 None M4Y 2E2",ambiguous
10777716.0,YORK LIONS STADIUM CONCESSIONS,230 Ian Macdonald Blvd None None,likely_restaurant
10806506.0,COLUMBUS BAKERY,1120 Caledonia Rd None M6A 2W5,likely_restaurant
10853963.0,HURT BERRY FARM INC,105 Vanderhoof Ave Unit-8 M4G 2H7,ambiguous
10497138.0,KALAIMAHAL CONVENIENCE,566 Parliament St None M4X 1P8,likely_not_restaurant
10775450.0,EUROPA SPORTS CAFE,376 Browns Line None M8W 3T7,likely_restaurant
10766958.0,SECOND HARVEST,120 The East Mall Bldg-- M8Z 5V5,ambiguous
9011895.0,PHARMA PLUS,345 Bloor St E Unit-5 M4W 3J6,likely_not_restaurant
10807958.0,MOMO & BAO,5210 Yonge St None M2N 5P6,ambiguous
